ISO-10303-21;
HEADER;
FILE_DESCRIPTION (( 'STEP AP214' ),
    '1' );
FILE_NAME ('2Y0A21.STEP',
    '2025-07-08T09:47:24',
    ( '' ),
    ( '' ),
    'SwSTEP 2.0',
    'SolidWorks 2024',
    '' );
FILE_SCHEMA (( 'AUTOMOTIVE_DESIGN' ));
ENDSEC;

DATA;
#1 = LINE ( 'NONE', #1088, #3183 ) ;
#2 = EDGE_CURVE ( 'NONE', #2735, #2239, #2360, .T. ) ;
#3 = VERTEX_POINT ( 'NONE', #694 ) ;
#4 = ORIENTED_EDGE ( 'NONE', *, *, #3292, .T. ) ;
#5 = PLANE ( 'NONE',  #3458 ) ;
#6 = CARTESIAN_POINT ( 'NONE',  ( 7.050000000000004263, 0.000000000000000000, 11.75000000000000000 ) ) ;
#7 = ORIENTED_EDGE ( 'NONE', *, *, #3651, .T. ) ;
#8 = CARTESIAN_POINT ( 'NONE',  ( 16.89999999999999858, 1.959434878635768681E-16, 0.000000000000000000 ) ) ;
#9 = AXIS2_PLACEMENT_3D ( 'NONE', #1090, #2169, #2250 ) ;
#10 = ORIENTED_EDGE ( 'NONE', *, *, #3333, .T. ) ;
#11 = VECTOR ( 'NONE', #3659, 1000.000000000000000 ) ;
#12 = DIRECTION ( 'NONE',  ( 0.000000000000000000, 1.000000000000000000, 0.000000000000000000 ) ) ;
#13 = CARTESIAN_POINT ( 'NONE',  ( -3.950000000000002842, -12.50000000000000000, 4.499999999999997335 ) ) ;
#14 = EDGE_CURVE ( 'NONE', #1711, #2769, #407, .T. ) ;
#15 = DIRECTION ( 'NONE',  ( 0.000000000000000000, -0.000000000000000000, -1.000000000000000000 ) ) ;
#16 = DIRECTION ( 'NONE',  ( 1.000000000000000000, 0.000000000000000000, -0.000000000000000000 ) ) ;
#17 = ORIENTED_EDGE ( 'NONE', *, *, #894, .F. ) ;
#18 = VECTOR ( 'NONE', #129, 1000.000000000000000 ) ;
#19 = EDGE_LOOP ( 'NONE', ( #2011, #1343, #2109 ) ) ;
#20 = CARTESIAN_POINT ( 'NONE',  ( 3.449999999999997957, -6.499999999999999112, 9.000000000000000000 ) ) ;
#21 = VERTEX_POINT ( 'NONE', #1775 ) ;
#22 = VECTOR ( 'NONE', #2034, 1000.000000000000000 ) ;
#23 = ORIENTED_EDGE ( 'NONE', *, *, #3640, .F. ) ;
#24 = FACE_OUTER_BOUND ( 'NONE', #2093, .T. ) ;
#25 = CARTESIAN_POINT ( 'NONE',  ( 9.750000000000001776, 0.000000000000000000, 11.49999999999999645 ) ) ;
#26 = ORIENTED_EDGE ( 'NONE', *, *, #856, .T. ) ;
#27 = DIRECTION ( 'NONE',  ( 0.000000000000000000, 0.000000000000000000, -1.000000000000000000 ) ) ;
#28 = EDGE_CURVE ( 'NONE', #2988, #1399, #3504, .T. ) ;
#29 = EDGE_LOOP ( 'NONE', ( #975, #3134, #1201, #3538 ) ) ;
#30 = ADVANCED_FACE ( 'NONE', ( #2931 ), #3268, .F. ) ;
#31 = AXIS2_PLACEMENT_3D ( 'NONE', #2067, #1500, #2653 ) ;
#32 = CARTESIAN_POINT ( 'NONE',  ( 5.005000000000003446, -12.40000000000000213, 3.299999999999998046 ) ) ;
#33 = CARTESIAN_POINT ( 'NONE',  ( 13.45000000000000284, -3.100000000000000977, 12.49999999999999645 ) ) ;
#34 = DIRECTION ( 'NONE',  ( 0.000000000000000000, 0.000000000000000000, -1.000000000000000000 ) ) ;
#35 = EDGE_LOOP ( 'NONE', ( #2159, #3199, #178, #759 ) ) ;
#36 = CARTESIAN_POINT ( 'NONE',  ( -2.450000000000002398, -6.500000000000000000, 9.000000000000000000 ) ) ;
#37 = VECTOR ( 'NONE', #3151, 1000.000000000000000 ) ;
#38 = EDGE_CURVE ( 'NONE', #899, #3264, #1824, .T. ) ;
#39 = PRODUCT_DEFINITION_CONTEXT ( 'detailed design', #2634, 'design' ) ;
#40 = ORIENTED_EDGE ( 'NONE', *, *, #2345, .F. ) ;
#41 = AXIS2_PLACEMENT_3D ( 'NONE', #2362, #681, #77 ) ;
#42 = DIRECTION ( 'NONE',  ( 0.000000000000000000, -0.000000000000000000, 1.000000000000000000 ) ) ;
#43 = AXIS2_PLACEMENT_3D ( 'NONE', #525, #2543, #3478 ) ;
#44 = VECTOR ( 'NONE', #2890, 1000.000000000000000 ) ;
#45 = EDGE_LOOP ( 'NONE', ( #2806, #1709, #1290, #599 ) ) ;
#46 = ORIENTED_EDGE ( 'NONE', *, *, #635, .T. ) ;
#47 = CARTESIAN_POINT ( 'NONE',  ( 9.750000000000001776, 0.000000000000000000, 12.99999999999999645 ) ) ;
#48 = FACE_OUTER_BOUND ( 'NONE', #2583, .T. ) ;
#49 = EDGE_LOOP ( 'NONE', ( #2595, #1752, #1496, #870 ) ) ;
#50 = LINE ( 'NONE', #3228, #1349 ) ;
#51 = EDGE_CURVE ( 'NONE', #346, #889, #3234, .T. ) ;
#52 = CARTESIAN_POINT ( 'NONE',  ( 13.45000000000000284, -3.100000000000000977, 12.49999999999999645 ) ) ;
#53 = LINE ( 'NONE', #1821, #3709 ) ;
#54 = DIRECTION ( 'NONE',  ( 1.000000000000000000, 0.000000000000000000, 0.000000000000000000 ) ) ;
#55 = ORIENTED_EDGE ( 'NONE', *, *, #2873, .T. ) ;
#56 = DIRECTION ( 'NONE',  ( 0.000000000000000000, 0.000000000000000000, 1.000000000000000000 ) ) ;
#57 = VERTEX_POINT ( 'NONE', #1509 ) ;
#58 = DIRECTION ( 'NONE',  ( 0.000000000000000000, 0.000000000000000000, -1.000000000000000000 ) ) ;
#59 = CIRCLE ( 'NONE', #3316, 2.699999999999997513 ) ;
#60 = CARTESIAN_POINT ( 'NONE',  ( -3.950000000000001954, -12.50000000000000000, 7.249999999999998224 ) ) ;
#61 = EDGE_CURVE ( 'NONE', #364, #645, #388, .T. ) ;
#62 = ORIENTED_EDGE ( 'NONE', *, *, #1991, .F. ) ;
#63 = ORIENTED_EDGE ( 'NONE', *, *, #571, .F. ) ;
#64 = DIRECTION ( 'NONE',  ( 0.000000000000000000, -2.017120320903264442E-16, -1.000000000000000000 ) ) ;
#65 = LINE ( 'NONE', #3207, #3619 ) ;
#66 = ORIENTED_EDGE ( 'NONE', *, *, #1595, .T. ) ;
#67 = CARTESIAN_POINT ( 'NONE',  ( 10.77376922853498264, 3.100000000000000089, 12.30545808724419921 ) ) ;
#68 = FACE_OUTER_BOUND ( 'NONE', #2435, .T. ) ;
#69 = VECTOR ( 'NONE', #3242, 1000.000000000000000 ) ;
#70 = CARTESIAN_POINT ( 'NONE',  ( 13.45000000000000284, 3.100000000000000977, 13.49999999999999645 ) ) ;
#71 = ADVANCED_FACE ( 'NONE', ( #113 ), #2204, .F. ) ;
#72 = EDGE_LOOP ( 'NONE', ( #1014, #767, #2058, #1588, #982, #2772, #2155, #2335, #1778, #2569 ) ) ;
#73 = LINE ( 'NONE', #643, #2448 ) ;
#74 = VECTOR ( 'NONE', #1319, 1000.000000000000000 ) ;
#75 = ORIENTED_EDGE ( 'NONE', *, *, #2, .T. ) ;
#76 = DIRECTION ( 'NONE',  ( 1.000000000000000000, 0.000000000000000000, 0.000000000000000000 ) ) ;
#77 = DIRECTION ( 'NONE',  ( -1.000000000000000000, 0.000000000000000000, 5.782411586589358625E-17 ) ) ;
#78 = VECTOR ( 'NONE', #831, 1000.000000000000000 ) ;
#79 = ADVANCED_FACE ( 'NONE', ( #202 ), #1875, .F. ) ;
#80 = AXIS2_PLACEMENT_3D ( 'NONE', #2319, #2298, #15 ) ;
#81 = EDGE_CURVE ( 'NONE', #302, #682, #3020, .T. ) ;
#82 = EDGE_CURVE ( 'NONE', #1835, #2652, #181, .T. ) ;
#83 = VERTEX_POINT ( 'NONE', #2743 ) ;
#84 = LINE ( 'NONE', #397, #550 ) ;
#85 = AXIS2_PLACEMENT_3D ( 'NONE', #1196, #3515, #581 ) ;
#86 = ORIENTED_EDGE ( 'NONE', *, *, #3266, .T. ) ;
#87 = PLANE ( 'NONE',  #2563 ) ;
#88 = CLOSED_SHELL ( 'NONE', ( #1639, #243, #3423, #1017, #999 ) ) ;
#89 = CARTESIAN_POINT ( 'NONE',  ( 13.95000000000000462, -3.599999999999999201, 13.49999999999999645 ) ) ;
#90 = PLANE ( 'NONE',  #1184 ) ;
#91 = FILL_AREA_STYLE ('',( #3214 ) ) ;
#92 = ORIENTED_EDGE ( 'NONE', *, *, #1268, .T. ) ;
#93 = LINE ( 'NONE', #2074, #1492 ) ;
#94 = VECTOR ( 'NONE', #1876, 1000.000000000000000 ) ;
#95 = EDGE_LOOP ( 'NONE', ( #1034, #92, #2802 ) ) ;
#96 = CARTESIAN_POINT ( 'NONE',  ( 18.50000000000000000, 0.000000000000000000, 0.000000000000000000 ) ) ;
#97 = VECTOR ( 'NONE', #1612, 1000.000000000000000 ) ;
#98 = LINE ( 'NONE', #338, #763 ) ;
#99 = ADVANCED_FACE ( 'NONE', ( #1653 ), #2504, .F. ) ;
#100 = VECTOR ( 'NONE', #2584, 1000.000000000000000 ) ;
#101 = AXIS2_PLACEMENT_3D ( 'NONE', #3668, #1597, #1616 ) ;
#102 = ORIENTED_EDGE ( 'NONE', *, *, #2516, .T. ) ;
#103 = DIRECTION ( 'NONE',  ( -0.000000000000000000, -1.000000000000000000, -0.000000000000000000 ) ) ;
#104 = CARTESIAN_POINT ( 'NONE',  ( 8.476917885291815224, -3.100000000000000977, 12.39422438555527251 ) ) ;
#105 = VERTEX_POINT ( 'NONE', #771 ) ;
#106 = LINE ( 'NONE', #670, #2497 ) ;
#107 = DIRECTION ( 'NONE',  ( 0.000000000000000000, -0.000000000000000000, -1.000000000000000000 ) ) ;
#108 = SURFACE_STYLE_USAGE ( .BOTH. , #1463 ) ;
#109 = CARTESIAN_POINT ( 'NONE',  ( 11.26410039297270949, 3.099999999999999645, 12.49999999999999645 ) ) ;
#110 = EDGE_CURVE ( 'NONE', #717, #1315, #3298, .T. ) ;
#111 = ORIENTED_EDGE ( 'NONE', *, *, #2737, .F. ) ;
#112 = LINE ( 'NONE', #3642, #2025 ) ;
#113 = FACE_OUTER_BOUND ( 'NONE', #222, .T. ) ;
#114 = CARTESIAN_POINT ( 'NONE',  ( 14.75000000000000000, -3.750000000000000000, 4.500000000000000000 ) ) ;
#115 = CARTESIAN_POINT ( 'NONE',  ( 0.2499999999999980571, -10.90000000000000213, 7.049999999999998934 ) ) ;
#116 = EDGE_CURVE ( 'NONE', #1071, #971, #3626, .T. ) ;
#117 = VECTOR ( 'NONE', #709, 1000.000000000000000 ) ;
#118 = EDGE_LOOP ( 'NONE', ( #3436, #155, #2300, #3132 ) ) ;
#119 = CARTESIAN_POINT ( 'NONE',  ( 7.050000000000000711, 3.306546357697854719E-16, 11.74999999999998757 ) ) ;
#120 = CARTESIAN_POINT ( 'NONE',  ( -14.75000000000000000, 4.200000000000000178, 7.199999999999996625 ) ) ;
#121 = ORIENTED_EDGE ( 'NONE', *, *, #1360, .T. ) ;
#122 = ADVANCED_FACE ( 'NONE', ( #731 ), #2181, .F. ) ;
#123 = CARTESIAN_POINT ( 'NONE',  ( -10.24999999999999822, 0.000000000000000000, 12.24999999999999645 ) ) ;
#124 = DIRECTION ( 'NONE',  ( -0.000000000000000000, -0.000000000000000000, 1.000000000000000000 ) ) ;
#125 = CARTESIAN_POINT ( 'NONE',  ( -0.9500000000000018430, -12.50000000000000000, 2.681065389609537331 ) ) ;
#126 = ORIENTED_EDGE ( 'NONE', *, *, #2470, .F. ) ;
#127 =( NAMED_UNIT ( * ) SI_UNIT ( $, .STERADIAN. ) SOLID_ANGLE_UNIT ( ) );
#128 = EDGE_CURVE ( 'NONE', #1965, #2039, #164, .T. ) ;
#129 = DIRECTION ( 'NONE',  ( 0.000000000000000000, 0.000000000000000000, -1.000000000000000000 ) ) ;
#130 = DIRECTION ( 'NONE',  ( 0.000000000000000000, 0.000000000000000000, 1.000000000000000000 ) ) ;
#131 = DIRECTION ( 'NONE',  ( -1.000000000000000000, 0.000000000000000000, -2.195852501236464545E-16 ) ) ;
#132 = VECTOR ( 'NONE', #651, 1000.000000000000000 ) ;
#133 = LINE ( 'NONE', #3045, #2893 ) ;
#134 = PRODUCT_DEFINITION_FORMATION_WITH_SPECIFIED_SOURCE ( 'ANY', '', #2070, .NOT_KNOWN. ) ;
#135 = VERTEX_POINT ( 'NONE', #479 ) ;
#136 = FACE_BOUND ( 'NONE', #925, .T. ) ;
#137 = LINE ( 'NONE', #3010, #1093 ) ;
#138 = EDGE_LOOP ( 'NONE', ( #1746, #3008, #951, #7 ) ) ;
#139 = DIRECTION ( 'NONE',  ( 0.000000000000000000, -0.000000000000000000, 1.000000000000000000 ) ) ;
#140 = AXIS2_PLACEMENT_3D ( 'NONE', #2251, #211, #1924 ) ;
#141 = DIRECTION ( 'NONE',  ( 1.000000000000000000, -0.000000000000000000, 2.599485728236973621E-16 ) ) ;
#142 = ORIENTED_EDGE ( 'NONE', *, *, #2464, .F. ) ;
#143 = FILL_AREA_STYLE_COLOUR ( '', #3483 ) ;
#144 = EDGE_CURVE ( 'NONE', #3416, #180, #2427, .T. ) ;
#145 = EDGE_CURVE ( 'NONE', #552, #1815, #3306, .T. ) ;
#146 = DIRECTION ( 'NONE',  ( -0.000000000000000000, 1.000000000000000000, -0.000000000000000000 ) ) ;
#147 = CARTESIAN_POINT ( 'NONE',  ( -14.75000000000000000, 3.750000000000000000, 0.000000000000000000 ) ) ;
#148 = DIRECTION ( 'NONE',  ( -1.000000000000000000, 0.000000000000000000, 0.000000000000000000 ) ) ;
#149 = ORIENTED_EDGE ( 'NONE', *, *, #188, .T. ) ;
#150 = VECTOR ( 'NONE', #3287, 1000.000000000000000 ) ;
#151 = LINE ( 'NONE', #1293, #280 ) ;
#152 = ORIENTED_EDGE ( 'NONE', *, *, #2876, .F. ) ;
#153 = DIRECTION ( 'NONE',  ( 0.000000000000000000, -1.000000000000000000, 5.119467404946494735E-16 ) ) ;
#154 = DIRECTION ( 'NONE',  ( -1.330309414092643285E-16, 1.000000000000000000, 0.000000000000000000 ) ) ;
#155 = ORIENTED_EDGE ( 'NONE', *, *, #1247, .F. ) ;
#156 = VECTOR ( 'NONE', #854, 1000.000000000000000 ) ;
#157 = VECTOR ( 'NONE', #2038, 1000.000000000000000 ) ;
#158 = DIRECTION ( 'NONE',  ( -0.7071067811865505703, 0.7071067811865444641, 0.000000000000000000 ) ) ;
#159 = DIRECTION ( 'NONE',  ( 0.000000000000000000, 1.000000000000000000, 0.000000000000000000 ) ) ;
#160 = ORIENTED_EDGE ( 'NONE', *, *, #3488, .T. ) ;
#161 =( LENGTH_UNIT ( ) NAMED_UNIT ( * ) SI_UNIT ( .MILLI., .METRE. ) );
#162 = EDGE_CURVE ( 'NONE', #2096, #552, #1028, .T. ) ;
#163 = ORIENTED_EDGE ( 'NONE', *, *, #2363, .F. ) ;
#164 = LINE ( 'NONE', #1269, #1789 ) ;
#165 = LINE ( 'NONE', #1306, #1596 ) ;
#166 = CARTESIAN_POINT ( 'NONE',  ( 5.005000000000003446, -12.40000000000000213, 3.299999999999998046 ) ) ;
#167 = ORIENTED_EDGE ( 'NONE', *, *, #1358, .F. ) ;
#168 = PLANE ( 'NONE',  #394 ) ;
#169 = EDGE_CURVE ( 'NONE', #1620, #2675, #461, .T. ) ;
#170 = ORIENTED_EDGE ( 'NONE', *, *, #2873, .F. ) ;
#171 = CARTESIAN_POINT ( 'NONE',  ( 3.449999999999998845, -7.000000000000000888, 8.499999999999998224 ) ) ;
#172 = CARTESIAN_POINT ( 'NONE',  ( 11.02357270649541121, -3.100000000000000977, 12.39443969141562540 ) ) ;
#173 = VECTOR ( 'NONE', #981, 1000.000000000000000 ) ;
#174 = ORIENTED_EDGE ( 'NONE', *, *, #14, .F. ) ;
#175 = STYLED_ITEM ( 'NONE', ( #3247 ), #1690 ) ;
#176 = DIRECTION ( 'NONE',  ( -1.000000000000000000, 0.000000000000000000, 0.000000000000000000 ) ) ;
#177 = CARTESIAN_POINT ( 'NONE',  ( 0.9499999999999981792, -7.000000000000000888, 9.000000000000000000 ) ) ;
#178 = ORIENTED_EDGE ( 'NONE', *, *, #2529, .F. ) ;
#179 = DIRECTION ( 'NONE',  ( 1.000000000000000000, 0.000000000000000000, 0.000000000000000000 ) ) ;
#180 = VERTEX_POINT ( 'NONE', #2161 ) ;
#181 = LINE ( 'NONE', #712, #2210 ) ;
#182 = EDGE_CURVE ( 'NONE', #3182, #2236, #281, .T. ) ;
#183 = DIRECTION ( 'NONE',  ( 1.000000000000000000, 0.000000000000000000, 0.000000000000000000 ) ) ;
#184 = CARTESIAN_POINT ( 'NONE',  ( 18.50000000000000000, -56.15737076847621267, 0.7499999999999611422 ) ) ;
#185 = ORIENTED_EDGE ( 'NONE', *, *, #2505, .F. ) ;
#186 = FACE_OUTER_BOUND ( 'NONE', #1886, .T. ) ;
#187 = VECTOR ( 'NONE', #1384, 1000.000000000000114 ) ;
#188 = EDGE_CURVE ( 'NONE', #2037, #3210, #3240, .T. ) ;
#189 = ADVANCED_FACE ( 'NONE', ( #2783 ), #1064, .F. ) ;
#190 = VECTOR ( 'NONE', #672, 1000.000000000000000 ) ;
#191 = EDGE_LOOP ( 'NONE', ( #3248, #3662, #284, #297 ) ) ;
#192 = FACE_OUTER_BOUND ( 'NONE', #3377, .T. ) ;
#193 = ORIENTED_EDGE ( 'NONE', *, *, #506, .F. ) ;
#194 = EDGE_CURVE ( 'NONE', #2475, #1439, #3217, .T. ) ;
#195 = VECTOR ( 'NONE', #2829, 1000.000000000000000 ) ;
#196 = CARTESIAN_POINT ( 'NONE',  ( -1.750000000000001998, -10.90000000000000213, 7.049999999999998934 ) ) ;
#197 = DIRECTION ( 'NONE',  ( 0.000000000000000000, -0.000000000000000000, 1.000000000000000000 ) ) ;
#198 = ORIENTED_EDGE ( 'NONE', *, *, #866, .T. ) ;
#199 = CARTESIAN_POINT ( 'NONE',  ( 9.226745236748323364, 3.100000000000000089, 12.19122461826699499 ) ) ;
#200 = ORIENTED_EDGE ( 'NONE', *, *, #1136, .T. ) ;
#201 = DIRECTION ( 'NONE',  ( 1.000000000000000000, -0.000000000000000000, -0.000000000000000000 ) ) ;
#202 = FACE_OUTER_BOUND ( 'NONE', #1092, .T. ) ;
#203 = FACE_OUTER_BOUND ( 'NONE', #3701, .T. ) ;
#204 = CARTESIAN_POINT ( 'NONE',  ( 14.75000000000000000, 4.200000000000000178, 11.49999999999999645 ) ) ;
#205 = DIRECTION ( 'NONE',  ( -0.000000000000000000, -0.000000000000000000, -1.000000000000000000 ) ) ;
#206 = MECHANICAL_DESIGN_GEOMETRIC_PRESENTATION_REPRESENTATION (  '', ( #2315 ), #437 ) ;
#207 = EDGE_LOOP ( 'NONE', ( #102, #255 ) ) ;
#208 = DIRECTION ( 'NONE',  ( 1.000000000000000000, 1.330309414092643285E-16, 0.000000000000000000 ) ) ;
#209 = ORIENTED_EDGE ( 'NONE', *, *, #1691, .F. ) ;
#210 = LINE ( 'NONE', #3675, #921 ) ;
#211 = DIRECTION ( 'NONE',  ( 0.000000000000000000, 0.7071067811865444641, 0.7071067811865505703 ) ) ;
#212 = ORIENTED_EDGE ( 'NONE', *, *, #1897, .F. ) ;
#213 = LINE ( 'NONE', #1945, #2479 ) ;
#214 = CONICAL_SURFACE ( 'NONE', #3728, 2.700000000000001066, 0.7853981633974517207 ) ;
#215 = VERTEX_POINT ( 'NONE', #2035 ) ;
#216 = DIRECTION ( 'NONE',  ( -1.927470528863119049E-16, 0.000000000000000000, -1.000000000000000000 ) ) ;
#217 = ORIENTED_EDGE ( 'NONE', *, *, #1501, .T. ) ;
#218 = DIRECTION ( 'NONE',  ( -1.000000000000000000, 0.000000000000000000, 0.000000000000000000 ) ) ;
#219 = ADVANCED_FACE ( 'NONE', ( #3117 ), #2828, .F. ) ;
#220 = FACE_OUTER_BOUND ( 'NONE', #2333, .T. ) ;
#221 = CARTESIAN_POINT ( 'NONE',  ( -14.74999999999999645, -1.387778780781445676E-14, 4.500000000000002665 ) ) ;
#222 = EDGE_LOOP ( 'NONE', ( #3587, #227, #865, #1105 ) ) ;
#223 = LINE ( 'NONE', #1128, #2329 ) ;
#224 = DIRECTION ( 'NONE',  ( -0.000000000000000000, 0.000000000000000000, 1.000000000000000000 ) ) ;
#225 = CARTESIAN_POINT ( 'NONE',  ( 0.000000000000000000, -11.00000000000000178, 7.450000000000000178 ) ) ;
#226 = EDGE_CURVE ( 'NONE', #3349, #2813, #1754, .T. ) ;
#227 = ORIENTED_EDGE ( 'NONE', *, *, #1763, .F. ) ;
#228 = DIRECTION ( 'NONE',  ( -0.000000000000000000, -0.000000000000000000, 1.000000000000000000 ) ) ;
#229 = VECTOR ( 'NONE', #1025, 1000.000000000000000 ) ;
#230 = DIRECTION ( 'NONE',  ( 0.000000000000000000, 1.000000000000000000, 0.000000000000000000 ) ) ;
#231 = ORIENTED_EDGE ( 'NONE', *, *, #1414, .T. ) ;
#232 = DIRECTION ( 'NONE',  ( -0.5773502691896240657, 0.5773502691896290617, 0.5773502691896240657 ) ) ;
#233 = AXIS2_PLACEMENT_3D ( 'NONE', #832, #3160, #1935 ) ;
#234 = EDGE_CURVE ( 'NONE', #629, #723, #2296, .T. ) ;
#235 = ORIENTED_EDGE ( 'NONE', *, *, #632, .T. ) ;
#236 = DIRECTION ( 'NONE',  ( -0.5773502691896240657, 0.5773502691896290617, -0.5773502691896240657 ) ) ;
#237 = LINE ( 'NONE', #2261, #2690 ) ;
#238 = DIRECTION ( 'NONE',  ( 0.000000000000000000, 1.000000000000000000, 0.000000000000000000 ) ) ;
#239 = DIRECTION ( 'NONE',  ( 0.000000000000000000, 0.000000000000000000, -1.000000000000000000 ) ) ;
#240 = PLANE ( 'NONE',  #1665 ) ;
#241 = EDGE_CURVE ( 'NONE', #1062, #1988, #603, .T. ) ;
#242 = ORIENTED_EDGE ( 'NONE', *, *, #1762, .T. ) ;
#243 = ADVANCED_FACE ( 'NONE', ( #3685 ), #544, .T. ) ;
#244 = DIRECTION ( 'NONE',  ( -0.000000000000000000, 1.000000000000000000, -0.000000000000000000 ) ) ;
#245 = VECTOR ( 'NONE', #1765, 1000.000000000000000 ) ;
#246 =( LENGTH_UNIT ( ) NAMED_UNIT ( * ) SI_UNIT ( .MILLI., .METRE. ) );
#247 = EDGE_LOOP ( 'NONE', ( #1166, #1433, #1550, #606 ) ) ;
#248 = AXIS2_PLACEMENT_3D ( 'NONE', #1297, #2212, #3047 ) ;
#249 = ORIENTED_EDGE ( 'NONE', *, *, #2494, .T. ) ;
#250 = DIRECTION ( 'NONE',  ( 0.000000000000000000, 0.000000000000000000, 1.000000000000000000 ) ) ;
#251 = FACE_OUTER_BOUND ( 'NONE', #191, .T. ) ;
#252 = ORIENTED_EDGE ( 'NONE', *, *, #635, .F. ) ;
#253 = FACE_OUTER_BOUND ( 'NONE', #35, .T. ) ;
#254 = VECTOR ( 'NONE', #3159, 1000.000000000000000 ) ;
#255 = ORIENTED_EDGE ( 'NONE', *, *, #182, .T. ) ;
#256 = FILL_AREA_STYLE ('',( #500 ) ) ;
#257 = DIRECTION ( 'NONE',  ( 0.000000000000000000, 1.000000000000000000, 0.000000000000000000 ) ) ;
#258 = LINE ( 'NONE', #295, #376 ) ;
#259 = LINE ( 'NONE', #1102, #1313 ) ;
#260 = EDGE_CURVE ( 'NONE', #1549, #2419, #3193, .T. ) ;
#261 = CYLINDRICAL_SURFACE ( 'NONE', #998, 2.700000000000001066 ) ;
#262 = EDGE_CURVE ( 'NONE', #2136, #3044, #1367, .T. ) ;
#263 = ORIENTED_EDGE ( 'NONE', *, *, #2286, .T. ) ;
#264 = VECTOR ( 'NONE', #563, 1000.000000000000000 ) ;
#265 = CARTESIAN_POINT ( 'NONE',  ( 14.75000000000000000, -6.500000000000000000, 7.199999999999996625 ) ) ;
#266 = ORIENTED_EDGE ( 'NONE', *, *, #145, .F. ) ;
#267 = ORIENTED_EDGE ( 'NONE', *, *, #2894, .T. ) ;
#268 = LINE ( 'NONE', #897, #795 ) ;
#269 = AXIS2_PLACEMENT_3D ( 'NONE', #3663, #3396, #804 ) ;
#270 = CARTESIAN_POINT ( 'NONE',  ( -20.10000000000000142, 1.959434878635768681E-16, 0.000000000000000000 ) ) ;
#271 = ORIENTED_EDGE ( 'NONE', *, *, #1171, .F. ) ;
#272 = LINE ( 'NONE', #1670, #3594 ) ;
#273 = ORIENTED_EDGE ( 'NONE', *, *, #2130, .T. ) ;
#274 = DIRECTION ( 'NONE',  ( -1.000000000000000000, 0.000000000000000000, 0.000000000000000000 ) ) ;
#275 = CYLINDRICAL_SURFACE ( 'NONE', #3122, 3.750000000000000000 ) ;
#276 = PLANE ( 'NONE',  #3219 ) ;
#277 =( LENGTH_UNIT ( ) NAMED_UNIT ( * ) SI_UNIT ( .MILLI., .METRE. ) );
#278 = ADVANCED_FACE ( 'NONE', ( #564 ), #3743, .F. ) ;
#279 = DIRECTION ( 'NONE',  ( -0.7071067811865440200, 0.000000000000000000, -0.7071067811865511255 ) ) ;
#280 = VECTOR ( 'NONE', #875, 1000.000000000000000 ) ;
#281 = CIRCLE ( 'NONE', #521, 3.250000000000009770 ) ;
#282 = ORIENTED_EDGE ( 'NONE', *, *, #2927, .F. ) ;
#283 = CARTESIAN_POINT ( 'NONE',  ( 18.50000000000000000, -3.750000000000017319, 0.7499999999999611422 ) ) ;
#284 = ORIENTED_EDGE ( 'NONE', *, *, #913, .F. ) ;
#285 = ADVANCED_BREP_SHAPE_REPRESENTATION ( '2Y0A21', ( #2844, #1690, #2907, #452, #401, #2914, #1590, #1473, #1705 ), #3163 ) ;
#286 = EDGE_CURVE ( 'NONE', #1495, #3416, #237, .T. ) ;
#287 = ORIENTED_EDGE ( 'NONE', *, *, #2570, .F. ) ;
#288 = DIRECTION ( 'NONE',  ( -1.000000000000000000, 0.000000000000000000, 0.000000000000000000 ) ) ;
#289 = DIRECTION ( 'NONE',  ( -0.000000000000000000, -1.000000000000000000, -0.000000000000000000 ) ) ;
#290 = ORIENTED_EDGE ( 'NONE', *, *, #1240, .F. ) ;
#291 = DIRECTION ( 'NONE',  ( 1.000000000000000000, 1.133806193448893442E-16, -0.000000000000000000 ) ) ;
#292 = ORIENTED_EDGE ( 'NONE', *, *, #2218, .T. ) ;
#293 = LINE ( 'NONE', #1487, #380 ) ;
#294 = CARTESIAN_POINT ( 'NONE',  ( 4.533333333333318116, -8.616666666666661811, 4.766666666666679042 ) ) ;
#295 = CARTESIAN_POINT ( 'NONE',  ( 14.75000000000000000, -6.500000000000000000, 0.000000000000000000 ) ) ;
#296 = CARTESIAN_POINT ( 'NONE',  ( 0.9499999999999981792, -12.50000000000000000, 8.499999999999998224 ) ) ;
#297 = ORIENTED_EDGE ( 'NONE', *, *, #849, .T. ) ;
#298 = LINE ( 'NONE', #3180, #1357 ) ;
#299 =( GEOMETRIC_REPRESENTATION_CONTEXT ( 3 ) GLOBAL_UNCERTAINTY_ASSIGNED_CONTEXT ( ( #3521 ) ) GLOBAL_UNIT_ASSIGNED_CONTEXT ( ( #2963, #1162, #3480 ) ) REPRESENTATION_CONTEXT ( 'NONE', 'WORKASPACE' ) );
#300 = ORIENTED_EDGE ( 'NONE', *, *, #1595, .F. ) ;
#301 = LINE ( 'NONE', #1743, #2686 ) ;
#302 = VERTEX_POINT ( 'NONE', #2525 ) ;
#303 = EDGE_CURVE ( 'NONE', #728, #1685, #3061, .T. ) ;
#304 = EDGE_CURVE ( 'NONE', #2955, #1495, #2016, .T. ) ;
#305 = ORIENTED_EDGE ( 'NONE', *, *, #1202, .F. ) ;
#306 = CARTESIAN_POINT ( 'NONE',  ( -4.333333333333319715, -13.48333333333334139, 4.966666666666681884 ) ) ;
#307 = DIRECTION ( 'NONE',  ( -1.000000000000000000, -5.782411586589357392E-17, -0.000000000000000000 ) ) ;
#308 = EDGE_CURVE ( 'NONE', #492, #2416, #1100, .T. ) ;
#309 = ORIENTED_EDGE ( 'NONE', *, *, #2043, .F. ) ;
#310 = DIRECTION ( 'NONE',  ( -0.000000000000000000, -1.000000000000000000, -0.000000000000000000 ) ) ;
#311 = ORIENTED_EDGE ( 'NONE', *, *, #2040, .T. ) ;
#312 = CARTESIAN_POINT ( 'NONE',  ( -14.75000000000000000, 3.750000000000000000, 4.500000000000000000 ) ) ;
#313 = FACE_OUTER_BOUND ( 'NONE', #1127, .T. ) ;
#314 = FACE_OUTER_BOUND ( 'NONE', #1235, .T. ) ;
#315 = FACE_OUTER_BOUND ( 'NONE', #1467, .T. ) ;
#316 = ORIENTED_EDGE ( 'NONE', *, *, #1826, .T. ) ;
#317 = DIRECTION ( 'NONE',  ( -1.000000000000000000, 0.000000000000000000, 0.000000000000000000 ) ) ;
#318 = ORIENTED_EDGE ( 'NONE', *, *, #628, .F. ) ;
#319 = DIRECTION ( 'NONE',  ( 1.000000000000000000, 0.000000000000000000, 2.599485728236973621E-16 ) ) ;
#320 = ADVANCED_FACE ( 'NONE', ( #3418 ), #830, .F. ) ;
#321 = VERTEX_POINT ( 'NONE', #3135 ) ;
#322 = CLOSED_SHELL ( 'NONE', ( #644, #189, #2642, #1968, #727, #1915, #359, #353, #30, #2716 ) ) ;
#323 = ORIENTED_EDGE ( 'NONE', *, *, #1186, .T. ) ;
#324 = LINE ( 'NONE', #2919, #2118 ) ;
#325 = DIRECTION ( 'NONE',  ( 1.000000000000000000, 0.000000000000000000, -0.000000000000000000 ) ) ;
#326 = ORIENTED_EDGE ( 'NONE', *, *, #2021, .T. ) ;
#327 = DIRECTION ( 'NONE',  ( 0.000000000000000000, -0.000000000000000000, -1.000000000000000000 ) ) ;
#328 = EDGE_LOOP ( 'NONE', ( #1742, #1481, #2586, #1416 ) ) ;
#329 = AXIS2_PLACEMENT_3D ( 'NONE', #3380, #526, #2205 ) ;
#330 = CARTESIAN_POINT ( 'NONE',  ( 13.45000000000000284, 3.100000000000000977, 12.49999999999999645 ) ) ;
#331 = DIRECTION ( 'NONE',  ( 0.000000000000000000, -0.000000000000000000, 1.000000000000000000 ) ) ;
#332 = EDGE_LOOP ( 'NONE', ( #2593, #2964, #3203, #1218 ) ) ;
#333 = PLANE ( 'NONE',  #702 ) ;
#334 = CIRCLE ( 'NONE', #1479, 1.600000000000000755 ) ;
#335 = ADVANCED_FACE ( 'NONE', ( #1695 ), #275, .T. ) ;
#336 = VERTEX_POINT ( 'NONE', #1714 ) ;
#337 = VECTOR ( 'NONE', #1827, 1000.000000000000000 ) ;
#338 = CARTESIAN_POINT ( 'NONE',  ( 3.949999999999998845, -6.500000000000000000, 4.499999999999998224 ) ) ;
#339 = VECTOR ( 'NONE', #923, 1000.000000000000000 ) ;
#340 = VECTOR ( 'NONE', #3383, 1000.000000000000000 ) ;
#341 = EDGE_LOOP ( 'NONE', ( #450, #1780, #611, #3547 ) ) ;
#342 = EDGE_CURVE ( 'NONE', #2096, #1938, #3440, .T. ) ;
#343 = ORIENTED_EDGE ( 'NONE', *, *, #932, .T. ) ;
#344 = LINE ( 'NONE', #3599, #1149 ) ;
#345 = DIRECTION ( 'NONE',  ( -0.000000000000000000, -0.000000000000000000, 1.000000000000000000 ) ) ;
#346 = VERTEX_POINT ( 'NONE', #582 ) ;
#347 = LINE ( 'NONE', #3495, #2080 ) ;
#348 = LINE ( 'NONE', #1503, #930 ) ;
#349 = FACE_OUTER_BOUND ( 'NONE', #2309, .T. ) ;
#350 = LINE ( 'NONE', #369, #2650 ) ;
#351 = EDGE_LOOP ( 'NONE', ( #3023, #3527, #2620, #26 ) ) ;
#352 = FACE_OUTER_BOUND ( 'NONE', #1585, .T. ) ;
#353 = ADVANCED_FACE ( 'NONE', ( #1443 ), #2597, .F. ) ;
#354 = EDGE_CURVE ( 'NONE', #3404, #895, #2375, .T. ) ;
#355 = CARTESIAN_POINT ( 'NONE',  ( 1.849999999999996536, -11.00000000000000178, 0.000000000000000000 ) ) ;
#356 = DIRECTION ( 'NONE',  ( -0.000000000000000000, 0.000000000000000000, -1.000000000000000000 ) ) ;
#357 = AXIS2_PLACEMENT_3D ( 'NONE', #2371, #3530, #861 ) ;
#358 = CARTESIAN_POINT ( 'NONE',  ( -14.75000000000000000, -3.750000000000000888, 0.000000000000000000 ) ) ;
#359 = ADVANCED_FACE ( 'NONE', ( #2614 ), #954, .F. ) ;
#360 =( GEOMETRIC_REPRESENTATION_CONTEXT ( 3 ) GLOBAL_UNCERTAINTY_ASSIGNED_CONTEXT ( ( #2303 ) ) GLOBAL_UNIT_ASSIGNED_CONTEXT ( ( #277, #2527, #2830 ) ) REPRESENTATION_CONTEXT ( 'NONE', 'WORKASPACE' ) );
#361 = ADVANCED_FACE ( 'NONE', ( #313 ), #90, .F. ) ;
#362 = EDGE_LOOP ( 'NONE', ( #1657, #242, #149 ) ) ;
#363 = LINE ( 'NONE', #119, #2664 ) ;
#364 = VERTEX_POINT ( 'NONE', #1804 ) ;
#365 = CARTESIAN_POINT ( 'NONE',  ( -0.9500000000000018430, -12.50000000000000000, 9.000000000000000000 ) ) ;
#366 = CARTESIAN_POINT ( 'NONE',  ( -0.5333333333333223347, -8.616666666666661811, 4.766666666666679042 ) ) ;
#367 = DIRECTION ( 'NONE',  ( 1.000000000000000000, 0.000000000000000000, 0.000000000000000000 ) ) ;
#368 = VECTOR ( 'NONE', #3644, 1000.000000000000000 ) ;
#369 = CARTESIAN_POINT ( 'NONE',  ( -22.25000000000000000, 0.000000000000000000, 4.500000000000000000 ) ) ;
#370 = ORIENTED_EDGE ( 'NONE', *, *, #81, .F. ) ;
#371 = VECTOR ( 'NONE', #2798, 1000.000000000000000 ) ;
#372 = DIRECTION ( 'NONE',  ( 0.000000000000000000, 0.000000000000000000, 1.000000000000000000 ) ) ;
#373 = CARTESIAN_POINT ( 'NONE',  ( -18.50000000000000000, -3.750000000000000000, 4.500000000000000000 ) ) ;
#374 = ADVANCED_FACE ( 'NONE', ( #349 ), #1504, .F. ) ;
#375 = FACE_BOUND ( 'NONE', #876, .T. ) ;
#376 = VECTOR ( 'NONE', #238, 1000.000000000000000 ) ;
#377 = ORIENTED_EDGE ( 'NONE', *, *, #3031, .T. ) ;
#378 = DIRECTION ( 'NONE',  ( 0.000000000000000000, 0.000000000000000000, -1.000000000000000000 ) ) ;
#379 = CARTESIAN_POINT ( 'NONE',  ( 10.27325476325167664, -3.100000000000001421, 12.19122461826700210 ) ) ;
#380 = VECTOR ( 'NONE', #3498, 1000.000000000000000 ) ;
#381 = EDGE_LOOP ( 'NONE', ( #2219, #1075, #542, #3414, #413, #1441, #2027, #2624, #3171, #1330, #3688, #688, #3450 ) ) ;
#382 = FACE_OUTER_BOUND ( 'NONE', #2761, .T. ) ;
#383 = DIRECTION ( 'NONE',  ( 1.000000000000000000, 0.000000000000000000, -0.000000000000000000 ) ) ;
#384 = CARTESIAN_POINT ( 'NONE',  ( 1.749999999999998002, -11.00000000000000178, 7.049999999999998934 ) ) ;
#385 = CARTESIAN_POINT ( 'NONE',  ( -3.450000000000001066, -10.49999999999999822, 8.499999999999998224 ) ) ;
#386 = ORIENTED_EDGE ( 'NONE', *, *, #654, .F. ) ;
#387 = AXIS2_PLACEMENT_3D ( 'NONE', #2610, #2334, #1460 ) ;
#388 = LINE ( 'NONE', #2693, #2182 ) ;
#389 = ADVANCED_FACE ( 'NONE', ( #3212 ), #2962, .F. ) ;
#390 = DIRECTION ( 'NONE',  ( 1.000000000000000000, 0.000000000000000000, 0.000000000000000000 ) ) ;
#391 = COLOUR_RGB ( '',0.7529411764705882248, 0.7529411764705882248, 0.7529411764705882248 ) ;
#392 = DIRECTION ( 'NONE',  ( 1.000000000000000000, 0.000000000000000000, 0.000000000000000000 ) ) ;
#393 = ORIENTED_EDGE ( 'NONE', *, *, #2960, .T. ) ;
#394 = AXIS2_PLACEMENT_3D ( 'NONE', #1602, #429, #208 ) ;
#395 = AXIS2_PLACEMENT_3D ( 'NONE', #1812, #2111, #1527 ) ;
#396 = ORIENTED_EDGE ( 'NONE', *, *, #3712, .F. ) ;
#397 = CARTESIAN_POINT ( 'NONE',  ( 3.949999999999998845, -12.50000000000000000, 9.000000000000000000 ) ) ;
#398 = CARTESIAN_POINT ( 'NONE',  ( 10.40080737664646904, -3.100000000000001865, 12.21522350009534286 ) ) ;
#399 = ORIENTED_EDGE ( 'NONE', *, *, #144, .T. ) ;
#400 = ADVANCED_FACE ( 'NONE', ( #939 ), #3230, .F. ) ;
#401 = MANIFOLD_SOLID_BREP ( 'Cut-Extrude13', #1342 ) ;
#402 = DIRECTION ( 'NONE',  ( -1.927470528863118802E-16, 0.000000000000000000, -1.000000000000000000 ) ) ;
#403 = DIRECTION ( 'NONE',  ( 0.000000000000000000, -1.000000000000000000, 0.000000000000000000 ) ) ;
#404 = LINE ( 'NONE', #1822, #1013 ) ;
#405 = ORIENTED_EDGE ( 'NONE', *, *, #591, .F. ) ;
#406 = CARTESIAN_POINT ( 'NONE',  ( 9.750000000000001776, 0.000000000000000000, 12.49999999999999645 ) ) ;
#407 = LINE ( 'NONE', #1560, #2723 ) ;
#408 = LINE ( 'NONE', #114, #1413 ) ;
#409 = FACE_OUTER_BOUND ( 'NONE', #1310, .T. ) ;
#410 = VECTOR ( 'NONE', #159, 1000.000000000000000 ) ;
#411 = DIRECTION ( 'NONE',  ( -0.000000000000000000, -3.768457298936863297E-16, -1.000000000000000000 ) ) ;
#412 = VECTOR ( 'NONE', #2408, 1000.000000000000000 ) ;
#413 = ORIENTED_EDGE ( 'NONE', *, *, #2494, .F. ) ;
#414 = CARTESIAN_POINT ( 'NONE',  ( 12.44999999999999929, -3.306546357697851761E-16, 11.75000000000000000 ) ) ;
#415 = LINE ( 'NONE', #1568, #493 ) ;
#416 = ADVANCED_FACE ( 'NONE', ( #3262 ), #3499, .F. ) ;
#417 = ORIENTED_EDGE ( 'NONE', *, *, #2944, .T. ) ;
#418 = EDGE_CURVE ( 'NONE', #742, #3208, #53, .T. ) ;
#419 = FACE_OUTER_BOUND ( 'NONE', #2628, .T. ) ;
#420 = DIRECTION ( 'NONE',  ( 1.000000000000000000, 0.000000000000000000, 0.000000000000000000 ) ) ;
#421 = CARTESIAN_POINT ( 'NONE',  ( -14.75000000000000000, -6.500000000000000000, 0.000000000000000000 ) ) ;
#422 = ORIENTED_EDGE ( 'NONE', *, *, #1165, .T. ) ;
#423 =( NAMED_UNIT ( * ) PLANE_ANGLE_UNIT ( ) SI_UNIT ( $, .RADIAN. ) );
#424 = CARTESIAN_POINT ( 'NONE',  ( -14.74999999999999645, -2.196699141100908914, 4.500000000000002665 ) ) ;
#425 = DIRECTION ( 'NONE',  ( -1.000000000000000000, 0.000000000000000000, -0.000000000000000000 ) ) ;
#426 = DIRECTION ( 'NONE',  ( 0.000000000000000000, 0.000000000000000000, -1.000000000000000000 ) ) ;
#427 = AXIS2_PLACEMENT_3D ( 'NONE', #448, #2533, #153 ) ;
#428 = VERTEX_POINT ( 'NONE', #1540 ) ;
#429 = DIRECTION ( 'NONE',  ( 1.330309414092643285E-16, -1.000000000000000000, 0.000000000000000000 ) ) ;
#430 = VECTOR ( 'NONE', #2951, 1000.000000000000000 ) ;
#431 = EDGE_LOOP ( 'NONE', ( #249, #828, #512, #1726 ) ) ;
#432 = DIRECTION ( 'NONE',  ( 1.000000000000000000, 0.000000000000000000, 0.000000000000000000 ) ) ;
#433 = ADVANCED_FACE ( 'NONE', ( #3569 ), #968, .F. ) ;
#434 = CARTESIAN_POINT ( 'NONE',  ( 2.249999999999998224, -11.00000000000000178, 7.549999999999998934 ) ) ;
#435 = ORIENTED_EDGE ( 'NONE', *, *, #894, .T. ) ;
#436 = PLANE ( 'NONE',  #1328 ) ;
#437 =( GEOMETRIC_REPRESENTATION_CONTEXT ( 3 ) GLOBAL_UNCERTAINTY_ASSIGNED_CONTEXT ( ( #1200 ) ) GLOBAL_UNIT_ASSIGNED_CONTEXT ( ( #246, #987, #3302 ) ) REPRESENTATION_CONTEXT ( 'NONE', 'WORKASPACE' ) );
#438 = CYLINDRICAL_SURFACE ( 'NONE', #3254, 3.750000000000000000 ) ;
#439 = ORIENTED_EDGE ( 'NONE', *, *, #2751, .T. ) ;
#440 = DIRECTION ( 'NONE',  ( -1.000000000000000000, 0.000000000000000000, 0.000000000000000000 ) ) ;
#441 = DIRECTION ( 'NONE',  ( 0.000000000000000000, -1.000000000000000000, 0.000000000000000000 ) ) ;
#442 = CARTESIAN_POINT ( 'NONE',  ( 5.005000000000003446, -6.500000000000000000, 4.499999999999999112 ) ) ;
#443 = ADVANCED_FACE ( 'NONE', ( #2704 ), #2835, .F. ) ;
#444 = ORIENTED_EDGE ( 'NONE', *, *, #699, .T. ) ;
#445 = VECTOR ( 'NONE', #789, 1000.000000000000000 ) ;
#446 = DIRECTION ( 'NONE',  ( -0.7071067811865512365, 0.000000000000000000, -0.7071067811865439090 ) ) ;
#447 = ORIENTED_EDGE ( 'NONE', *, *, #1131, .F. ) ;
#448 = CARTESIAN_POINT ( 'NONE',  ( -10.24999999999999822, 0.000000000000000000, 9.962681563213328317 ) ) ;
#449 = LINE ( 'NONE', #687, #1331 ) ;
#450 = ORIENTED_EDGE ( 'NONE', *, *, #3595, .F. ) ;
#451 = AXIS2_PLACEMENT_3D ( 'NONE', #1940, #411, #1564 ) ;
#452 = MANIFOLD_SOLID_BREP ( 'Boss-Extrude8', #1650 ) ;
#453 = ADVANCED_FACE ( 'NONE', ( #1855 ), #531, .F. ) ;
#454 = VECTOR ( 'NONE', #1424, 1000.000000000000000 ) ;
#455 = DIRECTION ( 'NONE',  ( -0.000000000000000000, -0.000000000000000000, -1.000000000000000000 ) ) ;
#456 = CARTESIAN_POINT ( 'NONE',  ( 14.75000000000000000, -6.500000000000000000, 0.000000000000000000 ) ) ;
#457 = ORIENTED_EDGE ( 'NONE', *, *, #3366, .F. ) ;
#458 = DIRECTION ( 'NONE',  ( 1.000000000000000000, 0.000000000000000000, 0.000000000000000000 ) ) ;
#459 = ORIENTED_EDGE ( 'NONE', *, *, #3382, .T. ) ;
#460 = LINE ( 'NONE', #1366, #368 ) ;
#461 = LINE ( 'NONE', #501, #2877 ) ;
#462 = LINE ( 'NONE', #480, #573 ) ;
#463 = EDGE_CURVE ( 'NONE', #21, #1815, #3713, .T. ) ;
#464 = CARTESIAN_POINT ( 'NONE',  ( -13.99999999999999822, -3.600000000000000977, 13.49999999999999645 ) ) ;
#465 = EDGE_CURVE ( 'NONE', #3091, #2416, #2232, .T. ) ;
#466 = ORIENTED_EDGE ( 'NONE', *, *, #913, .T. ) ;
#467 = EDGE_CURVE ( 'NONE', #1000, #3385, #3015, .T. ) ;
#468 = LINE ( 'NONE', #2790, #961 ) ;
#469 = ORIENTED_EDGE ( 'NONE', *, *, #1698, .T. ) ;
#470 = DIRECTION ( 'NONE',  ( 1.000000000000000000, 0.000000000000000000, -0.000000000000000000 ) ) ;
#471 = VECTOR ( 'NONE', #3615, 1000.000000000000000 ) ;
#472 = VERTEX_POINT ( 'NONE', #1642 ) ;
#473 = CARTESIAN_POINT ( 'NONE',  ( -13.99999999999999822, 3.599999999999999201, 13.49999999999999645 ) ) ;
#474 = CARTESIAN_POINT ( 'NONE',  ( 14.74999999999999645, -1.387778780781445676E-14, 4.500000000000003553 ) ) ;
#475 = ORIENTED_EDGE ( 'NONE', *, *, #2196, .T. ) ;
#476 = CARTESIAN_POINT ( 'NONE',  ( 8.721545089522113159, 3.100000000000000089, 12.30700441496779085 ) ) ;
#477 = ORIENTED_EDGE ( 'NONE', *, *, #1884, .T. ) ;
#478 = CARTESIAN_POINT ( 'NONE',  ( 3.449999999999997957, -10.49999999999999822, 9.000000000000000000 ) ) ;
#479 = CARTESIAN_POINT ( 'NONE',  ( -7.721687836487014067, 0.000000000000000000, 12.24999999999999645 ) ) ;
#480 = CARTESIAN_POINT ( 'NONE',  ( -18.50000000000000000, -3.750000000000000000, 0.000000000000000000 ) ) ;
#481 = LINE ( 'NONE', #2579, #3013 ) ;
#482 = DIRECTION ( 'NONE',  ( 0.000000000000000000, 0.000000000000000000, 1.000000000000000000 ) ) ;
#483 = ORIENTED_EDGE ( 'NONE', *, *, #2470, .T. ) ;
#484 = ADVANCED_FACE ( 'NONE', ( #2794 ), #3390, .F. ) ;
#485 = CARTESIAN_POINT ( 'NONE',  ( -2.250000000000001776, -10.90000000000000213, 7.549999999999998934 ) ) ;
#486 = VECTOR ( 'NONE', #2715, 1000.000000000000000 ) ;
#487 = AXIS2_PLACEMENT_3D ( 'NONE', #1820, #2687, #107 ) ;
#488 = EDGE_LOOP ( 'NONE', ( #2548, #626, #2891, #2520 ) ) ;
#489 = CARTESIAN_POINT ( 'NONE',  ( -3.450000000000001954, -6.500000000000000000, 2.681065389609537331 ) ) ;
#490 = CARTESIAN_POINT ( 'NONE',  ( 3.449999999999997957, -6.499999999999999112, 2.681065389609537331 ) ) ;
#491 = CARTESIAN_POINT ( 'NONE',  ( 0.000000000000000000, 0.000000000000000000, 0.000000000000000000 ) ) ;
#492 = VERTEX_POINT ( 'NONE', #2157 ) ;
#493 = VECTOR ( 'NONE', #2717, 1000.000000000000000 ) ;
#494 = EDGE_CURVE ( 'NONE', #2937, #3490, #1355, .T. ) ;
#495 = DIRECTION ( 'NONE',  ( 0.000000000000000000, -0.000000000000000000, 1.000000000000000000 ) ) ;
#496 = CARTESIAN_POINT ( 'NONE',  ( -14.75000000000000000, 0.000000000000000000, 0.000000000000000000 ) ) ;
#497 = ORIENTED_EDGE ( 'NONE', *, *, #3487, .T. ) ;
#498 = LINE ( 'NONE', #2237, #1658 ) ;
#499 = EDGE_LOOP ( 'NONE', ( #1389, #1027, #287, #3296 ) ) ;
#500 = FILL_AREA_STYLE_COLOUR ( '', #2365 ) ;
#501 = CARTESIAN_POINT ( 'NONE',  ( -3.950000000000002842, -12.50000000000000000, 4.499999999999997335 ) ) ;
#502 = CARTESIAN_POINT ( 'NONE',  ( 3.449999999999998845, -12.50000000000000000, 6.249999999999996447 ) ) ;
#503 = SURFACE_SIDE_STYLE ('',( #3098 ) ) ;
#504 = DIRECTION ( 'NONE',  ( 0.000000000000000000, -1.000000000000000000, 0.000000000000000000 ) ) ;
#505 = VECTOR ( 'NONE', #3085, 1000.000000000000000 ) ;
#506 = EDGE_CURVE ( 'NONE', #2125, #3279, #1280, .T. ) ;
#507 = ORIENTED_EDGE ( 'NONE', *, *, #2068, .F. ) ;
#508 = CARTESIAN_POINT ( 'NONE',  ( -18.50000000000000000, 0.000000000000000000, 0.7499999999999612532 ) ) ;
#509 = AXIS2_PLACEMENT_3D ( 'NONE', #2428, #1526, #3269 ) ;
#510 = ORIENTED_EDGE ( 'NONE', *, *, #1957, .F. ) ;
#511 = PLANE ( 'NONE',  #3026 ) ;
#512 = ORIENTED_EDGE ( 'NONE', *, *, #1378, .F. ) ;
#513 = ADVANCED_FACE ( 'NONE', ( #2439 ), #725, .F. ) ;
#514 = VECTOR ( 'NONE', #3437, 1000.000000000000000 ) ;
#515 = LINE ( 'NONE', #1379, #2970 ) ;
#516 = VECTOR ( 'NONE', #1776, 1000.000000000000000 ) ;
#517 = DIRECTION ( 'NONE',  ( -0.000000000000000000, 1.000000000000000000, -0.000000000000000000 ) ) ;
#518 = EDGE_CURVE ( 'NONE', #3012, #552, #1375, .T. ) ;
#519 = ORIENTED_EDGE ( 'NONE', *, *, #3034, .T. ) ;
#520 = DIRECTION ( 'NONE',  ( 1.000000000000000000, 0.000000000000000000, 0.000000000000000000 ) ) ;
#521 = AXIS2_PLACEMENT_3D ( 'NONE', #3609, #3060, #1858 ) ;
#522 = AXIS2_PLACEMENT_3D ( 'NONE', #1955, #3120, #3671 ) ;
#523 = ORIENTED_EDGE ( 'NONE', *, *, #2944, .F. ) ;
#524 = DIRECTION ( 'NONE',  ( 0.000000000000000000, -1.000000000000000000, 0.000000000000000000 ) ) ;
#525 = CARTESIAN_POINT ( 'NONE',  ( -18.50000000000000000, 0.000000000000000000, 0.000000000000000000 ) ) ;
#526 = DIRECTION ( 'NONE',  ( -1.000000000000000000, 1.084202172485504434E-16, 0.000000000000000000 ) ) ;
#527 = DIRECTION ( 'NONE',  ( 1.000000000000000000, -0.000000000000000000, 0.000000000000000000 ) ) ;
#528 = ORIENTED_EDGE ( 'NONE', *, *, #1530, .F. ) ;
#529 = DIRECTION ( 'NONE',  ( 0.000000000000000000, -1.000000000000000000, 0.000000000000000000 ) ) ;
#530 = DIRECTION ( 'NONE',  ( -0.000000000000000000, 1.000000000000000000, -0.000000000000000000 ) ) ;
#531 = PLANE ( 'NONE',  #1040 ) ;
#532 = ORIENTED_EDGE ( 'NONE', *, *, #1204, .T. ) ;
#533 = VERTEX_POINT ( 'NONE', #3676 ) ;
#534 = EDGE_CURVE ( 'NONE', #723, #1608, #798, .T. ) ;
#535 = DIRECTION ( 'NONE',  ( 1.000000000000000000, 5.782411586589358625E-17, 0.000000000000000000 ) ) ;
#536 = VECTOR ( 'NONE', #2158, 1000.000000000000000 ) ;
#537 = EDGE_CURVE ( 'NONE', #3624, #2535, #2014, .T. ) ;
#538 = PLANE ( 'NONE',  #1502 ) ;
#539 = ORIENTED_EDGE ( 'NONE', *, *, #2619, .T. ) ;
#540 = LINE ( 'NONE', #2780, #37 ) ;
#541 = AXIS2_PLACEMENT_3D ( 'NONE', #3705, #2299, #3442 ) ;
#542 = ORIENTED_EDGE ( 'NONE', *, *, #1813, .T. ) ;
#543 =( NAMED_UNIT ( * ) PLANE_ANGLE_UNIT ( ) SI_UNIT ( $, .RADIAN. ) );
#544 = SPHERICAL_SURFACE ( 'NONE', #588, 3.541000000000003034 ) ;
#545 = CARTESIAN_POINT ( 'NONE',  ( 18.50000000000000000, 0.000000000000000000, 0.000000000000000000 ) ) ;
#546 = LINE ( 'NONE', #2560, #2163 ) ;
#547 = DIRECTION ( 'NONE',  ( 0.000000000000000000, -0.000000000000000000, -1.000000000000000000 ) ) ;
#548 = ORIENTED_EDGE ( 'NONE', *, *, #2943, .T. ) ;
#549 = DIRECTION ( 'NONE',  ( -0.7071067811865505703, 0.7071067811865444641, 0.000000000000000000 ) ) ;
#550 = VECTOR ( 'NONE', #1833, 1000.000000000000000 ) ;
#551 = CARTESIAN_POINT ( 'NONE',  ( 6.186067977499788206, -10.50000000000000000, 6.249999999999996447 ) ) ;
#552 = VERTEX_POINT ( 'NONE', #1703 ) ;
#553 = AXIS2_PLACEMENT_3D ( 'NONE', #473, #3131, #535 ) ;
#554 = ADVANCED_FACE ( 'NONE', ( #3144 ), #2856, .F. ) ;
#555 = ORIENTED_EDGE ( 'NONE', *, *, #1745, .F. ) ;
#556 = DIRECTION ( 'NONE',  ( 1.000000000000000000, 0.000000000000000000, 0.000000000000000000 ) ) ;
#557 = DIRECTION ( 'NONE',  ( -1.000000000000000000, 0.000000000000000000, 0.000000000000000000 ) ) ;
#558 = AXIS2_PLACEMENT_3D ( 'NONE', #706, #1021, #741 ) ;
#559 = EDGE_LOOP ( 'NONE', ( #282, #523, #1862, #1302 ) ) ;
#560 = CYLINDRICAL_SURFACE ( 'NONE', #3114, 1.600000000000000755 ) ;
#561 = AXIS2_PLACEMENT_3D ( 'NONE', #2396, #1493, #3559 ) ;
#562 = EDGE_LOOP ( 'NONE', ( #2266, #2168, #2750, #2348, #3494, #3002, #3502, #1158, #539, #1525, #2557, #290, #263 ) ) ;
#563 = DIRECTION ( 'NONE',  ( -1.000000000000000000, -0.000000000000000000, -0.000000000000000000 ) ) ;
#564 = FACE_OUTER_BOUND ( 'NONE', #1340, .T. ) ;
#565 = PLANE ( 'NONE',  #625 ) ;
#566 = DIRECTION ( 'NONE',  ( 0.000000000000000000, 1.000000000000000000, 0.000000000000000000 ) ) ;
#567 = FACE_OUTER_BOUND ( 'NONE', #2609, .T. ) ;
#568 = UNCERTAINTY_MEASURE_WITH_UNIT (LENGTH_MEASURE( 1.000000000000000082E-05 ), #2337, 'distance_accuracy_value', 'NONE');
#569 = EDGE_LOOP ( 'NONE', ( #1172, #3562, #10, #3454 ) ) ;
#570 = CARTESIAN_POINT ( 'NONE',  ( 18.50000000000000000, 3.750000000000000000, 0.000000000000000000 ) ) ;
#571 = EDGE_CURVE ( 'NONE', #2475, #3341, #293, .T. ) ;
#572 = VERTEX_POINT ( 'NONE', #3175 ) ;
#573 = VECTOR ( 'NONE', #1654, 1000.000000000000000 ) ;
#574 = CARTESIAN_POINT ( 'NONE',  ( 2.249999999999998224, -10.90000000000000213, 7.049999999999998934 ) ) ;
#575 = MECHANICAL_DESIGN_GEOMETRIC_PRESENTATION_REPRESENTATION (  '', ( #3597 ), #1538 ) ;
#576 = CARTESIAN_POINT ( 'NONE',  ( 2.449999999999998401, -6.499999999999999112, 2.681065389609537331 ) ) ;
#577 = VERTEX_POINT ( 'NONE', #922 ) ;
#578 = DIRECTION ( 'NONE',  ( -0.000000000000000000, -0.000000000000000000, 1.000000000000000000 ) ) ;
#579 = EDGE_CURVE ( 'NONE', #667, #717, #874, .T. ) ;
#580 = ORIENTED_EDGE ( 'NONE', *, *, #1054, .F. ) ;
#581 = DIRECTION ( 'NONE',  ( 0.000000000000000000, 0.000000000000000000, 1.000000000000000000 ) ) ;
#582 = CARTESIAN_POINT ( 'NONE',  ( -1.750000000000001998, -10.90000000000000213, 7.549999999999998934 ) ) ;
#583 = CARTESIAN_POINT ( 'NONE',  ( -5.004999999999996341, -12.40000000000000213, 3.299999999999995826 ) ) ;
#584 = FACE_OUTER_BOUND ( 'NONE', #3397, .T. ) ;
#585 = ORIENTED_EDGE ( 'NONE', *, *, #2, .F. ) ;
#586 = CARTESIAN_POINT ( 'NONE',  ( -0.1500000000000034361, -11.00000000000000178, 7.450000000000000178 ) ) ;
#587 = AXIS2_PLACEMENT_3D ( 'NONE', #1511, #3237, #2622 ) ;
#588 = AXIS2_PLACEMENT_3D ( 'NONE', #2242, #1672, #218 ) ;
#589 = VERTEX_POINT ( 'NONE', #2295 ) ;
#590 = EDGE_CURVE ( 'NONE', #710, #3404, #2885, .T. ) ;
#591 = EDGE_CURVE ( 'NONE', #1857, #472, #2925, .T. ) ;
#592 = DIRECTION ( 'NONE',  ( 0.000000000000000000, -1.000000000000000000, 5.119467404946494735E-16 ) ) ;
#593 = ADVANCED_FACE ( 'NONE', ( #3742 ), #2069, .F. ) ;
#594 = ORIENTED_EDGE ( 'NONE', *, *, #3238, .T. ) ;
#595 =( BOUNDED_CURVE ( )  B_SPLINE_CURVE ( 3, ( #1398, #842, #1907, #2235 ),
 .UNSPECIFIED., .F., .F. ) 
 B_SPLINE_CURVE_WITH_KNOTS ( ( 4, 4 ),
 ( 3.141592653589793116, 4.712388980384689674 ),
 .UNSPECIFIED. ) 
 CURVE ( )  GEOMETRIC_REPRESENTATION_ITEM ( )  RATIONAL_B_SPLINE_CURVE ( ( 1.000000000000000000, 0.8047378541243649375, 0.8047378541243649375, 1.000000000000000000 ) ) 
 REPRESENTATION_ITEM ( '' )  );
#596 = EDGE_LOOP ( 'NONE', ( #1889, #1817, #217, #2564, #466 ) ) ;
#597 = DIRECTION ( 'NONE',  ( -1.000000000000000000, 0.000000000000000000, 0.000000000000000000 ) ) ;
#598 = DIRECTION ( 'NONE',  ( -1.000000000000000000, 0.000000000000000000, -2.195852501236464545E-16 ) ) ;
#599 = ORIENTED_EDGE ( 'NONE', *, *, #907, .F. ) ;
#600 = CARTESIAN_POINT ( 'NONE',  ( -0.2500000000000019429, -10.90000000000000213, 7.049999999999998934 ) ) ;
#601 = EDGE_LOOP ( 'NONE', ( #3036, #1704, #1800, #2966, #884, #3532, #642, #198, #1237, #1459, #1805, #1828 ) ) ;
#602 = LINE ( 'NONE', #1423, #1337 ) ;
#603 = LINE ( 'NONE', #807, #2627 ) ;
#604 = LINE ( 'NONE', #1386, #979 ) ;
#605 = CARTESIAN_POINT ( 'NONE',  ( -0.2500000000000019429, -11.00000000000000178, 7.549999999999998934 ) ) ;
#606 = ORIENTED_EDGE ( 'NONE', *, *, #1869, .T. ) ;
#607 = CARTESIAN_POINT ( 'NONE',  ( 2.149999999999999467, -11.00000000000000178, 7.149999999999997691 ) ) ;
#608 = VECTOR ( 'NONE', #2706, 1000.000000000000000 ) ;
#609 = VERTEX_POINT ( 'NONE', #3477 ) ;
#610 = FACE_OUTER_BOUND ( 'NONE', #2180, .T. ) ;
#611 = ORIENTED_EDGE ( 'NONE', *, *, #2751, .F. ) ;
#612 = VERTEX_POINT ( 'NONE', #620 ) ;
#613 = DIRECTION ( 'NONE',  ( -1.000000000000000000, 0.000000000000000000, 0.000000000000000000 ) ) ;
#614 = LINE ( 'NONE', #1457, #2047 ) ;
#615 = ORIENTED_EDGE ( 'NONE', *, *, #856, .F. ) ;
#616 = LINE ( 'NONE', #2942, #1537 ) ;
#617 = CIRCLE ( 'NONE', #2843, 2.700000000000001066 ) ;
#618 = EDGE_CURVE ( 'NONE', #472, #1628, #3229, .T. ) ;
#619 = ORIENTED_EDGE ( 'NONE', *, *, #958, .F. ) ;
#620 = CARTESIAN_POINT ( 'NONE',  ( -2.349999999999996092, -3.600000000000001421, 11.49999999999999645 ) ) ;
#621 = CARTESIAN_POINT ( 'NONE',  ( 10.77845491047788506, -3.100000000000000977, 12.30700441496779263 ) ) ;
#622 = CARTESIAN_POINT ( 'NONE',  ( 2.449999999999998401, -6.499999999999999112, 8.499999999999998224 ) ) ;
#623 = EDGE_LOOP ( 'NONE', ( #477, #3346, #170 ) ) ;
#624 = FILL_AREA_STYLE_COLOUR ( '', #1845 ) ;
#625 = AXIS2_PLACEMENT_3D ( 'NONE', #3479, #869, #888 ) ;
#626 = ORIENTED_EDGE ( 'NONE', *, *, #2426, .T. ) ;
#627 = DIRECTION ( 'NONE',  ( 0.000000000000000000, 0.000000000000000000, -1.000000000000000000 ) ) ;
#628 = EDGE_CURVE ( 'NONE', #3672, #899, #1159, .T. ) ;
#629 = VERTEX_POINT ( 'NONE', #2052 ) ;
#630 = ORIENTED_EDGE ( 'NONE', *, *, #3184, .T. ) ;
#631 = LINE ( 'NONE', #1134, #674 ) ;
#632 = EDGE_CURVE ( 'NONE', #3341, #2973, #1772, .T. ) ;
#633 = DIRECTION ( 'NONE',  ( 0.000000000000000000, -1.000000000000000000, -0.000000000000000000 ) ) ;
#634 = EDGE_LOOP ( 'NONE', ( #3432, #2412 ) ) ;
#635 = EDGE_CURVE ( 'NONE', #1857, #1988, #602, .T. ) ;
#636 = DIRECTION ( 'NONE',  ( -1.000000000000000000, -0.000000000000000000, 1.927470528863119049E-16 ) ) ;
#637 = AXIS2_PLACEMENT_3D ( 'NONE', #713, #1238, #1859 ) ;
#638 = PLANE ( 'NONE',  #85 ) ;
#639 =( NAMED_UNIT ( * ) SI_UNIT ( $, .STERADIAN. ) SOLID_ANGLE_UNIT ( ) );
#640 = EDGE_CURVE ( 'NONE', #2988, #609, #1141, .T. ) ;
#641 = LINE ( 'NONE', #296, #845 ) ;
#642 = ORIENTED_EDGE ( 'NONE', *, *, #1358, .T. ) ;
#643 = CARTESIAN_POINT ( 'NONE',  ( 1.749999999999998002, -10.90000000000000213, 7.049999999999998934 ) ) ;
#644 = ADVANCED_FACE ( 'NONE', ( #68 ), #638, .F. ) ;
#645 = VERTEX_POINT ( 'NONE', #886 ) ;
#646 = DIRECTION ( 'NONE',  ( 0.000000000000000000, 0.000000000000000000, 1.000000000000000000 ) ) ;
#647 = CONICAL_SURFACE ( 'NONE', #3422, 2.500000000000000444, 0.5235987755982949299 ) ;
#648 = PLANE ( 'NONE',  #395 ) ;
#649 = VECTOR ( 'NONE', #3288, 1000.000000000000000 ) ;
#650 = EDGE_LOOP ( 'NONE', ( #174, #1111, #1176, #3100 ) ) ;
#651 = DIRECTION ( 'NONE',  ( 0.000000000000000000, 1.000000000000000000, 0.000000000000000000 ) ) ;
#652 = ORIENTED_EDGE ( 'NONE', *, *, #2872, .F. ) ;
#653 = DIRECTION ( 'NONE',  ( 0.000000000000000000, 1.000000000000000000, -6.938893903907228378E-16 ) ) ;
#654 = EDGE_CURVE ( 'NONE', #2037, #1198, #1584, .T. ) ;
#655 = ADVANCED_FACE ( 'NONE', ( #2904 ), #3345, .F. ) ;
#656 = CARTESIAN_POINT ( 'NONE',  ( 9.750000000000001776, 0.000000000000000000, 9.458999999999994301 ) ) ;
#657 = DIRECTION ( 'NONE',  ( 1.000000000000000000, 0.000000000000000000, 1.097926250618232149E-16 ) ) ;
#658 = DIRECTION ( 'NONE',  ( -0.000000000000000000, -1.000000000000000000, -0.000000000000000000 ) ) ;
#659 = APPLICATION_CONTEXT ( 'automotive_design' ) ;
#660 = ORIENTED_EDGE ( 'NONE', *, *, #2505, .T. ) ;
#661 = CYLINDRICAL_SURFACE ( 'NONE', #2814, 1.600000000000000755 ) ;
#662 = ORIENTED_EDGE ( 'NONE', *, *, #1251, .F. ) ;
#663 = LINE ( 'NONE', #680, #693 ) ;
#664 = VECTOR ( 'NONE', #141, 1000.000000000000000 ) ;
#665 = FACE_OUTER_BOUND ( 'NONE', #247, .T. ) ;
#666 =( GEOMETRIC_REPRESENTATION_CONTEXT ( 3 ) GLOBAL_UNCERTAINTY_ASSIGNED_CONTEXT ( ( #1470 ) ) GLOBAL_UNIT_ASSIGNED_CONTEXT ( ( #2524, #543, #1404 ) ) REPRESENTATION_CONTEXT ( 'NONE', 'WORKASPACE' ) );
#667 = VERTEX_POINT ( 'NONE', #1786 ) ;
#668 = FACE_OUTER_BOUND ( 'NONE', #720, .T. ) ;
#669 = ORIENTED_EDGE ( 'NONE', *, *, #2645, .F. ) ;
#670 = CARTESIAN_POINT ( 'NONE',  ( -3.950000000000002842, -12.50000000000000000, 6.249999999999997335 ) ) ;
#671 = EDGE_CURVE ( 'NONE', #966, #1688, #2945, .T. ) ;
#672 = DIRECTION ( 'NONE',  ( -1.000000000000000000, 0.000000000000000000, 0.000000000000000000 ) ) ;
#673 = CARTESIAN_POINT ( 'NONE',  ( 18.50000000000000000, -1.387778780781445676E-14, 5.249999999999963585 ) ) ;
#674 = VECTOR ( 'NONE', #2607, 1000.000000000000000 ) ;
#675 = CARTESIAN_POINT ( 'NONE',  ( 0.1499999999999995226, -11.00000000000000178, 7.450000000000000178 ) ) ;
#676 = ORIENTED_EDGE ( 'NONE', *, *, #2103, .T. ) ;
#677 =( NAMED_UNIT ( * ) PLANE_ANGLE_UNIT ( ) SI_UNIT ( $, .RADIAN. ) );
#678 = VECTOR ( 'NONE', #860, 1000.000000000000227 ) ;
#679 = ORIENTED_EDGE ( 'NONE', *, *, #1464, .T. ) ;
#680 = CARTESIAN_POINT ( 'NONE',  ( -3.450000000000001954, -7.000000000000000888, 4.999999999999997335 ) ) ;
#681 = DIRECTION ( 'NONE',  ( -5.782411586589358625E-17, 0.000000000000000000, -1.000000000000000000 ) ) ;
#682 = VERTEX_POINT ( 'NONE', #3439 ) ;
#683 = EDGE_CURVE ( 'NONE', #2857, #1908, #348, .T. ) ;
#684 = EDGE_CURVE ( 'NONE', #1475, #1490, #1996, .T. ) ;
#685 = EDGE_LOOP ( 'NONE', ( #1461, #594, #444, #2714 ) ) ;
#686 = DIRECTION ( 'NONE',  ( -0.000000000000000000, 1.000000000000000000, -0.000000000000000000 ) ) ;
#687 = CARTESIAN_POINT ( 'NONE',  ( 1.749999999999998002, -7.000000000000000888, 7.549999999999998934 ) ) ;
#688 = ORIENTED_EDGE ( 'NONE', *, *, #354, .F. ) ;
#689 = PLANE ( 'NONE',  #1453 ) ;
#690 = CARTESIAN_POINT ( 'NONE',  ( -18.50000000000000000, 0.000000000000000000, -3.750000000000039524 ) ) ;
#691 = DIRECTION ( 'NONE',  ( 1.000000000000000000, 0.000000000000000000, -1.927470528863119049E-16 ) ) ;
#692 = ORIENTED_EDGE ( 'NONE', *, *, #1329, .F. ) ;
#693 = VECTOR ( 'NONE', #928, 1000.000000000000000 ) ;
#694 = CARTESIAN_POINT ( 'NONE',  ( 20.10000000000000142, 0.000000000000000000, 0.7499999999999621414 ) ) ;
#695 = CARTESIAN_POINT ( 'NONE',  ( 18.50000000000000000, 3.750000000000000000, 4.500000000000000000 ) ) ;
#696 = AXIS2_PLACEMENT_3D ( 'NONE', #2460, #990, #2141 ) ;
#697 = LINE ( 'NONE', #2711, #700 ) ;
#698 = ADVANCED_FACE ( 'NONE', ( #1713 ), #3585, .T. ) ;
#699 = EDGE_CURVE ( 'NONE', #2136, #2328, #3301, .T. ) ;
#700 = VECTOR ( 'NONE', #2128, 1000.000000000000000 ) ;
#701 = DIRECTION ( 'NONE',  ( 0.000000000000000000, 0.000000000000000000, -1.000000000000000000 ) ) ;
#702 = AXIS2_PLACEMENT_3D ( 'NONE', #2378, #2395, #3265 ) ;
#703 = EDGE_CURVE ( 'NONE', #1439, #786, #3032, .T. ) ;
#704 = EDGE_LOOP ( 'NONE', ( #2459, #2253, #3641, #619 ) ) ;
#705 = CARTESIAN_POINT ( 'NONE',  ( -22.25000000000000000, 0.000000000000000000, 0.7499999999999610312 ) ) ;
#706 = CARTESIAN_POINT ( 'NONE',  ( -18.50000000000000000, 0.000000000000000000, 0.000000000000000000 ) ) ;
#707 = ORIENTED_EDGE ( 'NONE', *, *, #2040, .F. ) ;
#708 = DIRECTION ( 'NONE',  ( -1.927470528863119049E-16, 0.000000000000000000, -1.000000000000000000 ) ) ;
#709 = DIRECTION ( 'NONE',  ( -1.000000000000000000, -0.000000000000000000, -0.000000000000000000 ) ) ;
#710 = VERTEX_POINT ( 'NONE', #1004 ) ;
#711 = PRESENTATION_STYLE_ASSIGNMENT (( #3003 ) ) ;
#712 = CARTESIAN_POINT ( 'NONE',  ( 2.000000000000000000, -11.00000000000000178, 7.450000000000000178 ) ) ;
#713 = CARTESIAN_POINT ( 'NONE',  ( -3.450000000000001954, -7.000000000000000888, 8.499999999999998224 ) ) ;
#714 = CARTESIAN_POINT ( 'NONE',  ( -5.004999999999995453, -12.40000000000000213, 4.499999999999995559 ) ) ;
#715 = ADVANCED_FACE ( 'NONE', ( #724 ), #689, .F. ) ;
#716 = VECTOR ( 'NONE', #307, 1000.000000000000000 ) ;
#717 = VERTEX_POINT ( 'NONE', #2391 ) ;
#718 = FACE_OUTER_BOUND ( 'NONE', #1477, .T. ) ;
#719 = PRESENTATION_LAYER_ASSIGNMENT (  '', '', ( #1860 ) ) ;
#720 = EDGE_LOOP ( 'NONE', ( #1544, #2841, #3730 ) ) ;
#721 = CARTESIAN_POINT ( 'NONE',  ( 1.749999999999998002, -11.00000000000000178, 7.049999999999998934 ) ) ;
#722 = CARTESIAN_POINT ( 'NONE',  ( 14.75000000000000000, 4.200000000000000178, 11.49999999999999645 ) ) ;
#723 = VERTEX_POINT ( 'NONE', #2156 ) ;
#724 = FACE_OUTER_BOUND ( 'NONE', #3736, .T. ) ;
#725 = PLANE ( 'NONE',  #140 ) ;
#726 = LINE ( 'NONE', #125, #412 ) ;
#727 = ADVANCED_FACE ( 'NONE', ( #1870 ), #1554, .F. ) ;
#728 = VERTEX_POINT ( 'NONE', #967 ) ;
#729 = CARTESIAN_POINT ( 'NONE',  ( 13.95000000000000462, 3.600000000000000977, 11.49999999999999645 ) ) ;
#730 = AXIS2_PLACEMENT_3D ( 'NONE', #3563, #3331, #1661 ) ;
#731 = FACE_OUTER_BOUND ( 'NONE', #328, .T. ) ;
#732 = CARTESIAN_POINT ( 'NONE',  ( 2.249999999999998224, -10.90000000000000213, 7.049999999999998934 ) ) ;
#733 = CARTESIAN_POINT ( 'NONE',  ( -14.75000000000000000, 6.500000000000000000, 7.199999999999996625 ) ) ;
#734 = CIRCLE ( 'NONE', #3578, 2.528312163512985045 ) ;
#735 = ORIENTED_EDGE ( 'NONE', *, *, #226, .F. ) ;
#736 = LINE ( 'NONE', #1351, #1546 ) ;
#737 = EDGE_CURVE ( 'NONE', #1198, #3210, #3089, .T. ) ;
#738 = VECTOR ( 'NONE', #2262, 1000.000000000000000 ) ;
#739 = ORIENTED_EDGE ( 'NONE', *, *, #1512, .T. ) ;
#740 = FACE_OUTER_BOUND ( 'NONE', #559, .T. ) ;
#741 = DIRECTION ( 'NONE',  ( 1.000000000000000000, 0.000000000000000000, 0.000000000000000000 ) ) ;
#742 = VERTEX_POINT ( 'NONE', #3261 ) ;
#743 = ADVANCED_FACE ( 'NONE', ( #2120 ), #436, .T. ) ;
#744 = LINE ( 'NONE', #1300, #11 ) ;
#745 = VECTOR ( 'NONE', #2438, 1000.000000000000000 ) ;
#746 = ADVANCED_FACE ( 'NONE', ( #419 ), #1837, .F. ) ;
#747 = CARTESIAN_POINT ( 'NONE',  ( 1.749999999999998002, -10.90000000000000213, 7.549999999999998934 ) ) ;
#748 = ORIENTED_EDGE ( 'NONE', *, *, #3733, .T. ) ;
#749 = DIRECTION ( 'NONE',  ( 1.000000000000000000, 3.552713678800500929E-15, 0.000000000000000000 ) ) ;
#750 = EDGE_CURVE ( 'NONE', #135, #2667, #734, .T. ) ;
#751 = ORIENTED_EDGE ( 'NONE', *, *, #2855, .F. ) ;
#752 = FACE_OUTER_BOUND ( 'NONE', #2871, .T. ) ;
#753 = CARTESIAN_POINT ( 'NONE',  ( 3.949999999999998845, -12.50000000000000000, 9.000000000000000000 ) ) ;
#754 = CARTESIAN_POINT ( 'NONE',  ( 7.050000000000001599, 0.000000000000000000, 11.49999999999999645 ) ) ;
#755 = DIRECTION ( 'NONE',  ( 1.000000000000000000, 0.000000000000000000, 0.000000000000000000 ) ) ;
#756 = ORIENTED_EDGE ( 'NONE', *, *, #1721, .T. ) ;
#757 = VECTOR ( 'NONE', #310, 1000.000000000000000 ) ;
#758 = CARTESIAN_POINT ( 'NONE',  ( -10.24999999999999822, 0.000000000000000000, 12.24999999999999645 ) ) ;
#759 = ORIENTED_EDGE ( 'NONE', *, *, #1809, .F. ) ;
#760 = FACE_OUTER_BOUND ( 'NONE', #1318, .T. ) ;
#761 = SHAPE_DEFINITION_REPRESENTATION ( #2344, #285 ) ;
#762 = ORIENTED_EDGE ( 'NONE', *, *, #3318, .F. ) ;
#763 = VECTOR ( 'NONE', #2663, 1000.000000000000000 ) ;
#764 = AXIS2_PLACEMENT_3D ( 'NONE', #1233, #3536, #367 ) ;
#765 = DIRECTION ( 'NONE',  ( 0.000000000000000000, 1.000000000000000000, -2.017120320903264195E-16 ) ) ;
#766 = FACE_OUTER_BOUND ( 'NONE', #3227, .T. ) ;
#767 = ORIENTED_EDGE ( 'NONE', *, *, #814, .T. ) ;
#768 = ADVANCED_FACE ( 'NONE', ( #1571 ), #2961, .F. ) ;
#769 = ORIENTED_EDGE ( 'NONE', *, *, #2464, .T. ) ;
#770 = DIRECTION ( 'NONE',  ( 3.465980970982632152E-16, 0.000000000000000000, -1.000000000000000000 ) ) ;
#771 = CARTESIAN_POINT ( 'NONE',  ( 0.2499999999999980571, -7.000000000000000888, 7.049999999999998934 ) ) ;
#772 = CARTESIAN_POINT ( 'NONE',  ( -3.450000000000001954, -6.500000000000000000, 8.499999999999998224 ) ) ;
#773 = DIRECTION ( 'NONE',  ( 0.000000000000000000, 0.000000000000000000, 1.000000000000000000 ) ) ;
#774 = EDGE_LOOP ( 'NONE', ( #652, #1402, #2045, #2216 ) ) ;
#775 = CARTESIAN_POINT ( 'NONE',  ( 14.74999999999999645, -1.387778780781445676E-14, 4.500000000000003553 ) ) ;
#776 = EDGE_CURVE ( 'NONE', #2239, #364, #2374, .T. ) ;
#777 = ORIENTED_EDGE ( 'NONE', *, *, #1364, .F. ) ;
#778 = DIRECTION ( 'NONE',  ( -0.000000000000000000, 0.000000000000000000, 1.000000000000000000 ) ) ;
#779 = VECTOR ( 'NONE', #2921, 1000.000000000000000 ) ;
#780 = ORIENTED_EDGE ( 'NONE', *, *, #3712, .T. ) ;
#781 = DIRECTION ( 'NONE',  ( -0.000000000000000000, -0.000000000000000000, 1.000000000000000000 ) ) ;
#782 = CARTESIAN_POINT ( 'NONE',  ( 0.2499999999999980571, -10.90000000000000213, 7.549999999999998934 ) ) ;
#783 = ORIENTED_EDGE ( 'NONE', *, *, #1125, .T. ) ;
#784 = PLANE ( 'NONE',  #2623 ) ;
#785 = ADVANCED_FACE ( 'NONE', ( #2977 ), #2420, .F. ) ;
#786 = VERTEX_POINT ( 'NONE', #1279 ) ;
#787 = DIRECTION ( 'NONE',  ( 0.000000000000000000, 1.000000000000000000, 0.000000000000000000 ) ) ;
#788 = CARTESIAN_POINT ( 'NONE',  ( 0.9499999999999981792, -12.50000000000000000, 9.000000000000000000 ) ) ;
#789 = DIRECTION ( 'NONE',  ( 1.000000000000000000, 0.000000000000000000, 0.000000000000000000 ) ) ;
#790 = DIRECTION ( 'NONE',  ( 0.000000000000000000, 0.000000000000000000, 1.000000000000000000 ) ) ;
#791 = PLANE ( 'NONE',  #891 ) ;
#792 = ORIENTED_EDGE ( 'NONE', *, *, #836, .T. ) ;
#793 = EDGE_CURVE ( 'NONE', #1720, #2538, #3535, .T. ) ;
#794 = DIRECTION ( 'NONE',  ( 0.000000000000000000, 0.000000000000000000, 1.000000000000000000 ) ) ;
#795 = VECTOR ( 'NONE', #1417, 1000.000000000000000 ) ;
#796 = ADVANCED_FACE ( 'NONE', ( #2088 ), #3246, .T. ) ;
#797 = ORIENTED_EDGE ( 'NONE', *, *, #2529, .T. ) ;
#798 = LINE ( 'NONE', #490, #3167 ) ;
#799 = ORIENTED_EDGE ( 'NONE', *, *, #2587, .F. ) ;
#800 = ADVANCED_FACE ( 'NONE', ( #3568 ), #2214, .F. ) ;
#801 = CARTESIAN_POINT ( 'NONE',  ( 2.149999999999999467, -11.00000000000000178, 0.000000000000000000 ) ) ;
#802 = DIRECTION ( 'NONE',  ( 1.000000000000000000, 0.000000000000000000, -0.000000000000000000 ) ) ;
#803 = ORIENTED_EDGE ( 'NONE', *, *, #1848, .F. ) ;
#804 = DIRECTION ( 'NONE',  ( -0.000000000000000000, 0.000000000000000000, -1.000000000000000000 ) ) ;
#805 = EDGE_LOOP ( 'NONE', ( #1943, #2324, #943, #3130 ) ) ;
#806 = SURFACE_STYLE_USAGE ( .BOTH. , #1652 ) ;
#807 = CARTESIAN_POINT ( 'NONE',  ( 13.45000000000000284, -3.100000000000000977, 13.49999999999999645 ) ) ;
#808 = DIRECTION ( 'NONE',  ( -0.000000000000000000, 0.000000000000000000, -1.000000000000000000 ) ) ;
#809 = CYLINDRICAL_SURFACE ( 'NONE', #2466, 3.750000000000003553 ) ;
#810 = CARTESIAN_POINT ( 'NONE',  ( 2.000000000000000000, -11.00000000000000178, 7.149999999999997691 ) ) ;
#811 = CLOSED_SHELL ( 'NONE', ( #3577, #978, #3108, #1278, #1450, #1289, #453, #3555, #2269, #3505 ) ) ;
#812 = ORIENTED_EDGE ( 'NONE', *, *, #1682, .T. ) ;
#813 = LINE ( 'NONE', #2532, #156 ) ;
#814 = EDGE_CURVE ( 'NONE', #1566, #1353, #1906, .T. ) ;
#815 = ADVANCED_FACE ( 'NONE', ( #1926 ), #3088, .F. ) ;
#816 = VECTOR ( 'NONE', #3364, 1000.000000000000000 ) ;
#817 = LINE ( 'NONE', #3127, #1814 ) ;
#818 = DIRECTION ( 'NONE',  ( -1.000000000000000000, -1.224646799147353207E-16, 4.615029168866510261E-32 ) ) ;
#819 = ORIENTED_EDGE ( 'NONE', *, *, #226, .T. ) ;
#820 = AXIS2_PLACEMENT_3D ( 'NONE', #3019, #1303, #179 ) ;
#821 = CARTESIAN_POINT ( 'NONE',  ( 13.95000000000000462, 3.600000000000000977, 13.49999999999999645 ) ) ;
#822 = CIRCLE ( 'NONE', #451, 2.500000000000000000 ) ;
#823 = CARTESIAN_POINT ( 'NONE',  ( 3.949999999999998845, -6.500000000000000000, 9.000000000000000000 ) ) ;
#824 = ORIENTED_EDGE ( 'NONE', *, *, #3333, .F. ) ;
#825 = CARTESIAN_POINT ( 'NONE',  ( -14.75000000000000000, -3.750000000000000000, 4.500000000000000000 ) ) ;
#826 = MECHANICAL_DESIGN_GEOMETRIC_PRESENTATION_REPRESENTATION (  '', ( #1548 ), #2744 ) ;
#827 = AXIS2_PLACEMENT_3D ( 'NONE', #2322, #2640, #3233 ) ;
#828 = ORIENTED_EDGE ( 'NONE', *, *, #2286, .F. ) ;
#829 = FACE_OUTER_BOUND ( 'NONE', #1282, .T. ) ;
#830 = PLANE ( 'NONE',  #997 ) ;
#831 = DIRECTION ( 'NONE',  ( 0.000000000000000000, 0.000000000000000000, 1.000000000000000000 ) ) ;
#832 = CARTESIAN_POINT ( 'NONE',  ( -5.004999999999996341, -12.40000000000000213, 3.299999999999995826 ) ) ;
#833 = CARTESIAN_POINT ( 'NONE',  ( -12.77831216351298416, 3.538195747760201788E-16, 12.24999999999999645 ) ) ;
#834 = VERTEX_POINT ( 'NONE', #2256 ) ;
#835 = CARTESIAN_POINT ( 'NONE',  ( 14.74999999999999645, -1.387778780781445676E-14, 5.249999999999963585 ) ) ;
#836 = EDGE_CURVE ( 'NONE', #3672, #2833, #1336, .T. ) ;
#837 = DIRECTION ( 'NONE',  ( -0.000000000000000000, 1.000000000000000000, 0.000000000000000000 ) ) ;
#838 = ORIENTED_EDGE ( 'NONE', *, *, #1577, .T. ) ;
#839 = ORIENTED_EDGE ( 'NONE', *, *, #342, .T. ) ;
#840 = DIRECTION ( 'NONE',  ( -0.5773502691896240657, -0.5773502691896290617, -0.5773502691896240657 ) ) ;
#841 = AXIS2_PLACEMENT_3D ( 'NONE', #2332, #3512, #3493 ) ;
#842 = CARTESIAN_POINT ( 'NONE',  ( 14.74999999999999645, -2.196699141100908470, 4.500000000000003553 ) ) ;
#843 = ORIENTED_EDGE ( 'NONE', *, *, #2737, .T. ) ;
#844 = LINE ( 'NONE', #1994, #3718 ) ;
#845 = VECTOR ( 'NONE', #1488, 1000.000000000000000 ) ;
#846 = EDGE_LOOP ( 'NONE', ( #1419, #3086 ) ) ;
#847 = DIRECTION ( 'NONE',  ( 1.000000000000000000, 0.000000000000000000, 0.000000000000000000 ) ) ;
#848 = DIRECTION ( 'NONE',  ( 0.000000000000000000, 0.000000000000000000, -1.000000000000000000 ) ) ;
#849 = EDGE_CURVE ( 'NONE', #2488, #2493, #213, .T. ) ;
#850 = DIRECTION ( 'NONE',  ( 0.7071067811865505703, 0.7071067811865444641, 0.000000000000000000 ) ) ;
#851 = CARTESIAN_POINT ( 'NONE',  ( 2.249999999999998224, -11.00000000000000178, 7.049999999999998934 ) ) ;
#852 = CARTESIAN_POINT ( 'NONE',  ( 12.45000000000000284, 0.000000000000000000, 11.74999999999998757 ) ) ;
#853 = ORIENTED_EDGE ( 'NONE', *, *, #1853, .F. ) ;
#854 = DIRECTION ( 'NONE',  ( -1.000000000000000000, -0.000000000000000000, 1.927470528863119049E-16 ) ) ;
#855 = AXIS2_PLACEMENT_3D ( 'NONE', #1951, #1324, #2484 ) ;
#856 = EDGE_CURVE ( 'NONE', #1965, #2190, #2495, .T. ) ;
#857 = EDGE_LOOP ( 'NONE', ( #1069, #662, #23, #2380 ) ) ;
#858 = AXIS2_PLACEMENT_3D ( 'NONE', #2738, #708, #1215 ) ;
#859 = VERTEX_POINT ( 'NONE', #3411 ) ;
#860 = DIRECTION ( 'NONE',  ( -0.5773502691896240657, -0.5773502691896290617, -0.5773502691896240657 ) ) ;
#861 = DIRECTION ( 'NONE',  ( 1.000000000000000000, 0.000000000000000000, 0.000000000000000000 ) ) ;
#862 = ORIENTED_EDGE ( 'NONE', *, *, #1565, .T. ) ;
#863 = DIRECTION ( 'NONE',  ( 0.000000000000000000, 0.000000000000000000, 1.000000000000000000 ) ) ;
#864 = EDGE_CURVE ( 'NONE', #2328, #2882, #2457, .T. ) ;
#865 = ORIENTED_EDGE ( 'NONE', *, *, #1414, .F. ) ;
#866 = EDGE_CURVE ( 'NONE', #336, #2066, #744, .T. ) ;
#867 = CARTESIAN_POINT ( 'NONE',  ( 9.750000000000001776, 0.000000000000000000, 11.74999999999998757 ) ) ;
#868 = CARTESIAN_POINT ( 'NONE',  ( 3.449999999999997957, -6.499999999999999112, 8.499999999999998224 ) ) ;
#869 = DIRECTION ( 'NONE',  ( 0.000000000000000000, 0.7071067811865444641, 0.7071067811865505703 ) ) ;
#870 = ORIENTED_EDGE ( 'NONE', *, *, #2626, .F. ) ;
#871 = LINE ( 'NONE', #852, #2146 ) ;
#872 = EDGE_CURVE ( 'NONE', #2924, #1178, #3622, .T. ) ;
#873 = EDGE_LOOP ( 'NONE', ( #3146, #267, #3049, #160, #3720 ) ) ;
#874 = CIRCLE ( 'NONE', #1830, 3.750000000000003553 ) ;
#875 = DIRECTION ( 'NONE',  ( 0.000000000000000000, -1.000000000000000000, 0.000000000000000000 ) ) ;
#876 = EDGE_LOOP ( 'NONE', ( #751, #1362 ) ) ;
#877 = AXIS2_PLACEMENT_3D ( 'NONE', #1770, #1517, #2032 ) ;
#878 = ORIENTED_EDGE ( 'NONE', *, *, #2547, .T. ) ;
#879 = LINE ( 'NONE', #1112, #2775 ) ;
#880 = PRESENTATION_LAYER_ASSIGNMENT (  '', '', ( #2501 ) ) ;
#881 = CARTESIAN_POINT ( 'NONE',  ( -3.450000000000001954, -7.000000000000000888, 4.999999999999997335 ) ) ;
#882 = ORIENTED_EDGE ( 'NONE', *, *, #3271, .F. ) ;
#883 = LINE ( 'NONE', #365, #757 ) ;
#884 = ORIENTED_EDGE ( 'NONE', *, *, #1917, .F. ) ;
#885 = AXIS2_PLACEMENT_3D ( 'NONE', #2228, #2187, #3596 ) ;
#886 = CARTESIAN_POINT ( 'NONE',  ( 1.749999999999998002, -10.90000000000000213, 7.549999999999998934 ) ) ;
#887 = DIRECTION ( 'NONE',  ( -1.000000000000000000, -5.782411586589357392E-17, -0.000000000000000000 ) ) ;
#888 = DIRECTION ( 'NONE',  ( 1.000000000000000000, -0.000000000000000000, 0.000000000000000000 ) ) ;
#889 = VERTEX_POINT ( 'NONE', #196 ) ;
#890 =( NAMED_UNIT ( * ) SI_UNIT ( $, .STERADIAN. ) SOLID_ANGLE_UNIT ( ) );
#891 = AXIS2_PLACEMENT_3D ( 'NONE', #1124, #1740, #1676 ) ;
#892 = ORIENTED_EDGE ( 'NONE', *, *, #2238, .F. ) ;
#893 = CARTESIAN_POINT ( 'NONE',  ( 0.000000000000000000, -12.40000000000000213, 0.000000000000000000 ) ) ;
#894 = EDGE_CURVE ( 'NONE', #723, #1566, #2173, .T. ) ;
#895 = VERTEX_POINT ( 'NONE', #1887 ) ;
#896 = VERTEX_POINT ( 'NONE', #2776 ) ;
#897 = CARTESIAN_POINT ( 'NONE',  ( -14.75000000000000000, 6.500000000000000000, 7.199999999999996625 ) ) ;
#898 = CARTESIAN_POINT ( 'NONE',  ( 14.75000000000000000, 6.500000000000000000, 0.000000000000000000 ) ) ;
#899 = VERTEX_POINT ( 'NONE', #1359 ) ;
#900 = PLANE ( 'NONE',  #2870 ) ;
#901 = AXIS2_PLACEMENT_3D ( 'NONE', #456, #970, #2739 ) ;
#902 = ORIENTED_EDGE ( 'NONE', *, *, #750, .F. ) ;
#903 = CARTESIAN_POINT ( 'NONE',  ( 3.449999999999998845, -7.000000000000000888, 8.499999999999998224 ) ) ;
#904 = FILL_AREA_STYLE_COLOUR ( '', #1964 ) ;
#905 = DIRECTION ( 'NONE',  ( 0.000000000000000000, 0.000000000000000000, 1.000000000000000000 ) ) ;
#906 = CARTESIAN_POINT ( 'NONE',  ( 3.449999999999998845, -7.000000000000000888, 8.499999999999998224 ) ) ;
#907 = EDGE_CURVE ( 'NONE', #1152, #2125, #3069, .T. ) ;
#908 = ORIENTED_EDGE ( 'NONE', *, *, #2132, .F. ) ;
#909 = DIRECTION ( 'NONE',  ( -0.000000000000000000, -0.000000000000000000, 1.000000000000000000 ) ) ;
#910 = PRESENTATION_LAYER_ASSIGNMENT (  '', '', ( #175 ) ) ;
#911 = CARTESIAN_POINT ( 'NONE',  ( 5.005000000000003446, -12.40000000000000213, 3.299999999999998046 ) ) ;
#912 = LINE ( 'NONE', #2060, #516 ) ;
#913 = EDGE_CURVE ( 'NONE', #2488, #1242, #3109, .T. ) ;
#914 = VERTEX_POINT ( 'NONE', #3355 ) ;
#915 = ADVANCED_FACE ( 'NONE', ( #3336 ), #3051, .F. ) ;
#916 = ORIENTED_EDGE ( 'NONE', *, *, #145, .T. ) ;
#917 = CARTESIAN_POINT ( 'NONE',  ( -3.450000000000001954, -6.500000000000000000, 8.499999999999998224 ) ) ;
#918 = PLANE ( 'NONE',  #2461 ) ;
#919 = ORIENTED_EDGE ( 'NONE', *, *, #182, .F. ) ;
#920 = CARTESIAN_POINT ( 'NONE',  ( 0.000000000000000000, -6.500000000000000000, 0.000000000000000000 ) ) ;
#921 = VECTOR ( 'NONE', #2231, 1000.000000000000000 ) ;
#922 = CARTESIAN_POINT ( 'NONE',  ( 14.75000000000000000, -6.500000000000000000, 0.000000000000000000 ) ) ;
#923 = DIRECTION ( 'NONE',  ( 0.000000000000000000, 1.000000000000000000, 0.000000000000000000 ) ) ;
#924 = DIRECTION ( 'NONE',  ( -0.000000000000000000, 1.000000000000000000, -0.000000000000000000 ) ) ;
#925 = EDGE_LOOP ( 'NONE', ( #2555, #3360, #892, #963 ) ) ;
#926 = DIRECTION ( 'NONE',  ( 1.000000000000000000, 0.000000000000000000, 0.000000000000000000 ) ) ;
#927 = ORIENTED_EDGE ( 'NONE', *, *, #3031, .F. ) ;
#928 = DIRECTION ( 'NONE',  ( 1.000000000000000000, 0.000000000000000000, 0.000000000000000000 ) ) ;
#929 = CARTESIAN_POINT ( 'NONE',  ( -3.450000000000001954, -7.000000000000000888, 8.499999999999998224 ) ) ;
#930 = VECTOR ( 'NONE', #847, 1000.000000000000000 ) ;
#931 = EDGE_CURVE ( 'NONE', #2691, #2125, #1686, .T. ) ;
#932 = EDGE_CURVE ( 'NONE', #215, #1849, #515, .T. ) ;
#933 = ORIENTED_EDGE ( 'NONE', *, *, #3196, .F. ) ;
#934 = CARTESIAN_POINT ( 'NONE',  ( -3.950000000000002842, -10.50000000000000000, 6.249999999999997335 ) ) ;
#935 = VERTEX_POINT ( 'NONE', #2759 ) ;
#936 = DIRECTION ( 'NONE',  ( 0.000000000000000000, 0.000000000000000000, 1.000000000000000000 ) ) ;
#937 = VECTOR ( 'NONE', #578, 1000.000000000000000 ) ;
#938 = CARTESIAN_POINT ( 'NONE',  ( 3.449999999999998845, -12.50000000000000000, 8.499999999999998224 ) ) ;
#939 = FACE_OUTER_BOUND ( 'NONE', #569, .T. ) ;
#940 = CARTESIAN_POINT ( 'NONE',  ( -20.10000000000000142, 1.959434878635768681E-16, 0.7499999999999621414 ) ) ;
#941 = ORIENTED_EDGE ( 'NONE', *, *, #579, .F. ) ;
#942 = SURFACE_STYLE_USAGE ( .BOTH. , #2965 ) ;
#943 = ORIENTED_EDGE ( 'NONE', *, *, #494, .T. ) ;
#944 = DIRECTION ( 'NONE',  ( -0.000000000000000000, -0.000000000000000000, -1.000000000000000000 ) ) ;
#945 = VECTOR ( 'NONE', #2731, 1000.000000000000000 ) ;
#946 = CARTESIAN_POINT ( 'NONE',  ( 3.949999999999998845, -12.50000000000000000, 4.499999999999998224 ) ) ;
#947 = VECTOR ( 'NONE', #1385, 1000.000000000000000 ) ;
#948 = ADVANCED_FACE ( 'NONE', ( #2536 ), #3695, .F. ) ;
#949 = EDGE_LOOP ( 'NONE', ( #853, #933, #2531 ) ) ;
#950 = LINE ( 'NONE', #2387, #1573 ) ;
#951 = ORIENTED_EDGE ( 'NONE', *, *, #14, .T. ) ;
#952 = PLANE ( 'NONE',  #387 ) ;
#953 = DIRECTION ( 'NONE',  ( -1.224646799147353207E-16, -1.000000000000000000, -0.000000000000000000 ) ) ;
#954 = PLANE ( 'NONE',  #2446 ) ;
#955 = FACE_BOUND ( 'NONE', #634, .T. ) ;
#956 = VERTEX_POINT ( 'NONE', #1626 ) ;
#957 = DIRECTION ( 'NONE',  ( 1.000000000000000000, 0.000000000000000000, 0.000000000000000000 ) ) ;
#958 = EDGE_CURVE ( 'NONE', #2499, #1055, #2860, .T. ) ;
#959 = ORIENTED_EDGE ( 'NONE', *, *, #1401, .F. ) ;
#960 = CARTESIAN_POINT ( 'NONE',  ( -13.99999999999999822, -3.600000000000000977, 11.49999999999999645 ) ) ;
#961 = VECTOR ( 'NONE', #2771, 1000.000000000000000 ) ;
#962 = PLANE ( 'NONE',  #1841 ) ;
#963 = ORIENTED_EDGE ( 'NONE', *, *, #241, .F. ) ;
#964 = DIRECTION ( 'NONE',  ( -1.000000000000000000, 0.000000000000000000, 0.000000000000000000 ) ) ;
#965 = CARTESIAN_POINT ( 'NONE',  ( -0.9499999999999998446, -7.000000000000000888, 8.499999999999998224 ) ) ;
#966 = VERTEX_POINT ( 'NONE', #2028 ) ;
#967 = CARTESIAN_POINT ( 'NONE',  ( -22.25000000000000000, 0.000000000000000000, 0.000000000000000000 ) ) ;
#968 = CYLINDRICAL_SURFACE ( 'NONE', #2189, 1.600000000000000755 ) ;
#969 = VECTOR ( 'NONE', #840, 1000.000000000000227 ) ;
#970 = DIRECTION ( 'NONE',  ( 0.000000000000000000, 0.000000000000000000, 1.000000000000000000 ) ) ;
#971 = VERTEX_POINT ( 'NONE', #1173 ) ;
#972 = EDGE_CURVE ( 'NONE', #1185, #1071, #324, .T. ) ;
#973 = EDGE_CURVE ( 'NONE', #2740, #3349, #2590, .T. ) ;
#974 = AXIS2_PLACEMENT_3D ( 'NONE', #656, #953, #3553 ) ;
#975 = ORIENTED_EDGE ( 'NONE', *, *, #1434, .T. ) ;
#976 = CARTESIAN_POINT ( 'NONE',  ( 3.449999999999998845, -12.50000000000000000, 8.499999999999998224 ) ) ;
#977 = CARTESIAN_POINT ( 'NONE',  ( -3.450000000000001954, -12.50000000000000000, 8.499999999999998224 ) ) ;
#978 = ADVANCED_FACE ( 'NONE', ( #3492 ), #5, .F. ) ;
#979 = VECTOR ( 'NONE', #1182, 1000.000000000000000 ) ;
#980 = VECTOR ( 'NONE', #2076, 1000.000000000000000 ) ;
#981 = DIRECTION ( 'NONE',  ( 0.000000000000000000, 0.000000000000000000, 1.000000000000000000 ) ) ;
#982 = ORIENTED_EDGE ( 'NONE', *, *, #3366, .T. ) ;
#983 = CARTESIAN_POINT ( 'NONE',  ( 2.000000000000000000, -11.00000000000000178, 7.149999999999997691 ) ) ;
#984 = DIRECTION ( 'NONE',  ( -0.5773502691896240657, -0.5773502691896290617, 0.5773502691896240657 ) ) ;
#985 = ORIENTED_EDGE ( 'NONE', *, *, #3592, .F. ) ;
#986 = DIRECTION ( 'NONE',  ( 1.000000000000000000, 3.252606517456514288E-16, 0.000000000000000000 ) ) ;
#987 =( NAMED_UNIT ( * ) PLANE_ANGLE_UNIT ( ) SI_UNIT ( $, .RADIAN. ) );
#988 = DIRECTION ( 'NONE',  ( -1.000000000000000000, 0.000000000000000000, 0.000000000000000000 ) ) ;
#989 = EDGE_LOOP ( 'NONE', ( #2993, #2400, #457, #266, #1037, #839, #1209, #40, #1684, #1798, #311, #1140, #528, #2233, #660, #959 ) ) ;
#990 = DIRECTION ( 'NONE',  ( 0.000000000000000000, -0.000000000000000000, 1.000000000000000000 ) ) ;
#991 = AXIS2_PLACEMENT_3D ( 'NONE', #1285, #3077, #2183 ) ;
#992 = DIRECTION ( 'NONE',  ( -1.000000000000000000, 0.000000000000000000, 0.000000000000000000 ) ) ;
#993 =( GEOMETRIC_REPRESENTATION_CONTEXT ( 3 ) GLOBAL_UNCERTAINTY_ASSIGNED_CONTEXT ( ( #1126 ) ) GLOBAL_UNIT_ASSIGNED_CONTEXT ( ( #2094, #677, #890 ) ) REPRESENTATION_CONTEXT ( 'NONE', 'WORKASPACE' ) );
#994 = CARTESIAN_POINT ( 'NONE',  ( 6.186067977499789095, -10.50000000000000000, 7.249999999999997335 ) ) ;
#995 = CIRCLE ( 'NONE', #3057, 2.700000000000001066 ) ;
#996 = CARTESIAN_POINT ( 'NONE',  ( 0.000000000000000000, 0.000000000000000000, 13.49999999999999645 ) ) ;
#997 = AXIS2_PLACEMENT_3D ( 'NONE', #1978, #1121, #1142 ) ;
#998 = AXIS2_PLACEMENT_3D ( 'NONE', #3727, #1408, #2283 ) ;
#999 = ADVANCED_FACE ( 'NONE', ( #24 ), #1990, .T. ) ;
#1000 = VERTEX_POINT ( 'NONE', #1707 ) ;
#1001 = CARTESIAN_POINT ( 'NONE',  ( 0.000000000000000000, 0.000000000000000000, 13.49999999999999645 ) ) ;
#1002 = LINE ( 'NONE', #2682, #3579 ) ;
#1003 = ORIENTED_EDGE ( 'NONE', *, *, #2021, .F. ) ;
#1004 = CARTESIAN_POINT ( 'NONE',  ( -14.75000000000000000, 3.750000000000003553, 4.500000000000000000 ) ) ;
#1005 = CARTESIAN_POINT ( 'NONE',  ( -16.89999999999999858, 0.000000000000000000, -3.750000000000039524 ) ) ;
#1006 = CARTESIAN_POINT ( 'NONE',  ( -2.250000000000001776, -10.90000000000000213, 7.549999999999998934 ) ) ;
#1007 = EDGE_LOOP ( 'NONE', ( #2779, #2510, #1169, #3339, #669, #193 ) ) ;
#1008 = CARTESIAN_POINT ( 'NONE',  ( 6.299999999999986500, 4.225031457058387559E-16, 12.49999999999999645 ) ) ;
#1009 = DIRECTION ( 'NONE',  ( 0.000000000000000000, 0.000000000000000000, -1.000000000000000000 ) ) ;
#1010 = EDGE_CURVE ( 'NONE', #346, #2499, #1153, .T. ) ;
#1011 = DIRECTION ( 'NONE',  ( -1.000000000000000000, 0.000000000000000000, 0.000000000000000000 ) ) ;
#1012 = DIRECTION ( 'NONE',  ( -1.000000000000000000, -0.000000000000000000, 1.927470528863119049E-16 ) ) ;
#1013 = VECTOR ( 'NONE', #3111, 1000.000000000000000 ) ;
#1014 = ORIENTED_EDGE ( 'NONE', *, *, #2980, .T. ) ;
#1015 = PLANE ( 'NONE',  #3121 ) ;
#1016 = CIRCLE ( 'NONE', #541, 3.450000000000015721 ) ;
#1017 = ADVANCED_FACE ( 'NONE', ( #3169 ), #1192, .T. ) ;
#1018 = EDGE_CURVE ( 'NONE', #3244, #105, #3717, .T. ) ;
#1019 = EDGE_LOOP ( 'NONE', ( #1022, #902, #2152, #919 ) ) ;
#1020 = DIRECTION ( 'NONE',  ( 0.000000000000000000, -2.017120320903264442E-16, 1.000000000000000000 ) ) ;
#1021 = DIRECTION ( 'NONE',  ( -0.000000000000000000, -0.000000000000000000, -1.000000000000000000 ) ) ;
#1022 = ORIENTED_EDGE ( 'NONE', *, *, #3567, .F. ) ;
#1023 = EDGE_CURVE ( 'NONE', #899, #2432, #2331, .T. ) ;
#1024 = CARTESIAN_POINT ( 'NONE',  ( -3.950000000000002842, -10.50000000000000000, 6.249999999999997335 ) ) ;
#1025 = DIRECTION ( 'NONE',  ( 1.000000000000000000, 0.000000000000000000, 0.000000000000000000 ) ) ;
#1026 = ORIENTED_EDGE ( 'NONE', *, *, #234, .F. ) ;
#1027 = ORIENTED_EDGE ( 'NONE', *, *, #3431, .T. ) ;
#1028 = LINE ( 'NONE', #753, #3299 ) ;
#1029 = CARTESIAN_POINT ( 'NONE',  ( 1.749999999999998002, -7.000000000000000888, 7.549999999999998934 ) ) ;
#1030 = LINE ( 'NONE', #1580, #3485 ) ;
#1031 = VECTOR ( 'NONE', #1970, 1000.000000000000000 ) ;
#1032 = ORIENTED_EDGE ( 'NONE', *, *, #2626, .T. ) ;
#1033 = CARTESIAN_POINT ( 'NONE',  ( 18.50000000000000000, -3.750000000000000000, 4.500000000000000000 ) ) ;
#1034 = ORIENTED_EDGE ( 'NONE', *, *, #537, .F. ) ;
#1035 = CARTESIAN_POINT ( 'NONE',  ( 7.050000000000000711, 3.306546357697854719E-16, 11.49999999999999645 ) ) ;
#1036 = LINE ( 'NONE', #1298, #2422 ) ;
#1037 = ORIENTED_EDGE ( 'NONE', *, *, #162, .F. ) ;
#1038 = EDGE_CURVE ( 'NONE', #1242, #1062, #879, .T. ) ;
#1039 = CARTESIAN_POINT ( 'NONE',  ( 3.449999999999998845, -7.000000000000000888, 7.249999999999997335 ) ) ;
#1040 = AXIS2_PLACEMENT_3D ( 'NONE', #225, #2817, #1393 ) ;
#1041 = DIRECTION ( 'NONE',  ( -0.000000000000000000, 1.000000000000000000, -0.000000000000000000 ) ) ;
#1042 = VERTEX_POINT ( 'NONE', #1747 ) ;
#1043 = SURFACE_STYLE_FILL_AREA ( #2410 ) ;
#1044 = ORIENTED_EDGE ( 'NONE', *, *, #1767, .F. ) ;
#1045 = LINE ( 'NONE', #2782, #187 ) ;
#1046 = DIRECTION ( 'NONE',  ( -0.000000000000000000, -1.000000000000000000, -0.000000000000000000 ) ) ;
#1047 = PLANE ( 'NONE',  #1049 ) ;
#1048 = DIRECTION ( 'NONE',  ( -1.000000000000000000, 0.000000000000000000, -3.465980970982632152E-16 ) ) ;
#1049 = AXIS2_PLACEMENT_3D ( 'NONE', #3610, #2784, #3040 ) ;
#1050 = ORIENTED_EDGE ( 'NONE', *, *, #28, .T. ) ;
#1051 = CARTESIAN_POINT ( 'NONE',  ( -2.349999999999998757, 3.599999999999998757, 11.49999999999999645 ) ) ;
#1052 = ORIENTED_EDGE ( 'NONE', *, *, #1401, .T. ) ;
#1053 = CARTESIAN_POINT ( 'NONE',  ( -3.450000000000001954, -12.50000000000000000, 8.499999999999998224 ) ) ;
#1054 = EDGE_CURVE ( 'NONE', #2602, #935, #2629, .T. ) ;
#1055 = VERTEX_POINT ( 'NONE', #2571 ) ;
#1056 = AXIS2_PLACEMENT_3D ( 'NONE', #184, #3593, #2164 ) ;
#1057 = VECTOR ( 'NONE', #2725, 1000.000000000000000 ) ;
#1058 = CARTESIAN_POINT ( 'NONE',  ( 3.449999999999997957, -6.499999999999999112, 8.499999999999998224 ) ) ;
#1059 = FACE_OUTER_BOUND ( 'NONE', #1147, .T. ) ;
#1060 = EDGE_LOOP ( 'NONE', ( #510, #3714, #2680, #3463 ) ) ;
#1061 = CARTESIAN_POINT ( 'NONE',  ( -6.499999999999999112, -3.600000000000000977, 13.49999999999999645 ) ) ;
#1062 = VERTEX_POINT ( 'NONE', #2898 ) ;
#1063 = CARTESIAN_POINT ( 'NONE',  ( -13.99999999999999822, 3.599999999999999201, 13.49999999999999645 ) ) ;
#1064 = PLANE ( 'NONE',  #1117 ) ;
#1065 = CARTESIAN_POINT ( 'NONE',  ( 18.50000000000000000, 3.749999999999988898, 0.7499999999999621414 ) ) ;
#1066 = LINE ( 'NONE', #1426, #2957 ) ;
#1067 = CARTESIAN_POINT ( 'NONE',  ( 2.449999999999998401, -6.499999999999999112, 8.499999999999998224 ) ) ;
#1068 = EDGE_CURVE ( 'NONE', #2740, #572, #3148, .T. ) ;
#1069 = ORIENTED_EDGE ( 'NONE', *, *, #3318, .T. ) ;
#1070 = CARTESIAN_POINT ( 'NONE',  ( 0.2499999999999980571, -11.00000000000000178, 7.549999999999998934 ) ) ;
#1071 = VERTEX_POINT ( 'NONE', #3737 ) ;
#1072 = DIRECTION ( 'NONE',  ( 0.000000000000000000, 0.000000000000000000, 1.000000000000000000 ) ) ;
#1073 = DIRECTION ( 'NONE',  ( 0.000000000000000000, -0.000000000000000000, 1.000000000000000000 ) ) ;
#1074 = VECTOR ( 'NONE', #1445, 1000.000000000000000 ) ;
#1075 = ORIENTED_EDGE ( 'NONE', *, *, #3612, .F. ) ;
#1076 = CARTESIAN_POINT ( 'NONE',  ( 14.75000000000000000, -4.200000000000000178, 11.49999999999999645 ) ) ;
#1077 = CARTESIAN_POINT ( 'NONE',  ( -18.50000000000000000, 0.000000000000000000, 0.000000000000000000 ) ) ;
#1078 = ORIENTED_EDGE ( 'NONE', *, *, #286, .T. ) ;
#1079 = DIRECTION ( 'NONE',  ( -0.000000000000000000, 1.000000000000000000, -0.000000000000000000 ) ) ;
#1080 = EDGE_LOOP ( 'NONE', ( #1335, #2917, #3232, #2472 ) ) ;
#1081 = CARTESIAN_POINT ( 'NONE',  ( 2.149999999999999467, -11.00000000000000178, 0.000000000000000000 ) ) ;
#1082 = CARTESIAN_POINT ( 'NONE',  ( -14.75000000000000000, 4.200000000000000178, 11.49999999999999645 ) ) ;
#1083 = FACE_OUTER_BOUND ( 'NONE', #1430, .T. ) ;
#1084 = EDGE_CURVE ( 'NONE', #2502, #3620, #268, .T. ) ;
#1085 = DIRECTION ( 'NONE',  ( 0.000000000000000000, -0.000000000000000000, -1.000000000000000000 ) ) ;
#1086 = EDGE_CURVE ( 'NONE', #1490, #3244, #3206, .T. ) ;
#1087 = ORIENTED_EDGE ( 'NONE', *, *, #699, .F. ) ;
#1088 = CARTESIAN_POINT ( 'NONE',  ( -3.450000000000001954, -7.000000000000000888, 7.249999999999998224 ) ) ;
#1089 = CIRCLE ( 'NONE', #730, 3.388484267524968008 ) ;
#1090 = CARTESIAN_POINT ( 'NONE',  ( -10.24999999999999822, 0.000000000000000000, 12.20096189432331002 ) ) ;
#1091 = DIRECTION ( 'NONE',  ( -0.000000000000000000, -0.000000000000000000, 1.000000000000000000 ) ) ;
#1092 = EDGE_LOOP ( 'NONE', ( #3410, #3571, #3722, #3630 ) ) ;
#1093 = VECTOR ( 'NONE', #2154, 1000.000000000000000 ) ;
#1094 = DIRECTION ( 'NONE',  ( 0.000000000000000000, 2.017120320903264195E-16, 1.000000000000000000 ) ) ;
#1095 = LINE ( 'NONE', #2840, #1373 ) ;
#1096 = EDGE_LOOP ( 'NONE', ( #3166, #3371, #2781, #316 ) ) ;
#1097 = CARTESIAN_POINT ( 'NONE',  ( -14.75000000000000000, 6.500000000000000000, 0.000000000000000000 ) ) ;
#1098 = VERTEX_POINT ( 'NONE', #917 ) ;
#1099 = VECTOR ( 'NONE', #403, 1000.000000000000000 ) ;
#1100 = LINE ( 'NONE', #1082, #1421 ) ;
#1101 = CARTESIAN_POINT ( 'NONE',  ( 14.75000000000000000, -4.200000000000000178, 7.199999999999996625 ) ) ;
#1102 = CARTESIAN_POINT ( 'NONE',  ( 5.005000000000003446, -12.40000000000000213, 4.499999999999999112 ) ) ;
#1103 = EDGE_CURVE ( 'NONE', #3112, #2769, #631, .T. ) ;
#1104 = CARTESIAN_POINT ( 'NONE',  ( -3.450000000000001954, -7.000000000000000888, 4.999999999999997335 ) ) ;
#1105 = ORIENTED_EDGE ( 'NONE', *, *, #2902, .F. ) ;
#1106 = CARTESIAN_POINT ( 'NONE',  ( 5.005000000000003446, -12.40000000000000213, 4.499999999999999112 ) ) ;
#1107 = AXIS2_PLACEMENT_3D ( 'NONE', #2361, #646, #76 ) ;
#1108 = DIRECTION ( 'NONE',  ( -1.000000000000000000, -0.000000000000000000, -0.000000000000000000 ) ) ;
#1109 = ORIENTED_EDGE ( 'NONE', *, *, #1763, .T. ) ;
#1110 = EDGE_CURVE ( 'NONE', #3208, #1958, #617, .T. ) ;
#1111 = ORIENTED_EDGE ( 'NONE', *, *, #2127, .T. ) ;
#1112 = CARTESIAN_POINT ( 'NONE',  ( -1.849999999999999201, -3.100000000000002753, 12.49999999999999645 ) ) ;
#1113 = AXIS2_PLACEMENT_3D ( 'NONE', #2815, #549, #3732 ) ;
#1114 = CARTESIAN_POINT ( 'NONE',  ( -1.849999999999999201, -3.100000000000002753, 12.49999999999999645 ) ) ;
#1115 = EDGE_LOOP ( 'NONE', ( #1852, #555, #3273, #126 ) ) ;
#1116 = CARTESIAN_POINT ( 'NONE',  ( 8.476427293504594118, 3.100000000000000089, 12.39443969141562363 ) ) ;
#1117 = AXIS2_PLACEMENT_3D ( 'NONE', #3379, #1933, #3096 ) ;
#1118 = MECHANICAL_DESIGN_GEOMETRIC_PRESENTATION_REPRESENTATION (  '', ( #1792 ), #993 ) ;
#1119 = VERTEX_POINT ( 'NONE', #1397 ) ;
#1120 = SURFACE_STYLE_FILL_AREA ( #256 ) ;
#1121 = DIRECTION ( 'NONE',  ( 0.000000000000000000, 1.000000000000000000, 0.000000000000000000 ) ) ;
#1122 = CARTESIAN_POINT ( 'NONE',  ( -2.150000000000003464, -11.00000000000000178, 0.000000000000000000 ) ) ;
#1123 = FILL_AREA_STYLE ('',( #1387 ) ) ;
#1124 = CARTESIAN_POINT ( 'NONE',  ( -0.2500000000000019429, -11.00000000000000178, 7.049999999999998934 ) ) ;
#1125 = EDGE_CURVE ( 'NONE', #321, #2491, #3548, .T. ) ;
#1126 = UNCERTAINTY_MEASURE_WITH_UNIT (LENGTH_MEASURE( 1.000000000000000082E-05 ), #2094, 'distance_accuracy_value', 'NONE');
#1127 = EDGE_LOOP ( 'NONE', ( #2862, #447, #3491, #3741 ) ) ;
#1128 = CARTESIAN_POINT ( 'NONE',  ( 14.75000000000000000, -6.500000000000000000, 0.000000000000000000 ) ) ;
#1129 = PRODUCT_CONTEXT ( 'NONE', #659, 'mechanical' ) ;
#1130 = ORIENTED_EDGE ( 'NONE', *, *, #3572, .F. ) ;
#1131 = EDGE_CURVE ( 'NONE', #2918, #3189, #344, .T. ) ;
#1132 = ADVANCED_FACE ( 'NONE', ( #668 ), #2668, .F. ) ;
#1133 = ORIENTED_EDGE ( 'NONE', *, *, #2872, .T. ) ;
#1134 = CARTESIAN_POINT ( 'NONE',  ( -2.250000000000001776, -7.000000000000000888, 7.549999999999998934 ) ) ;
#1135 = DIRECTION ( 'NONE',  ( 1.000000000000000000, 0.000000000000000000, 0.000000000000000000 ) ) ;
#1136 = EDGE_CURVE ( 'NONE', #1495, #914, #2100, .T. ) ;
#1137 = EDGE_LOOP ( 'NONE', ( #3173, #3004, #819, #2063 ) ) ;
#1138 = PLANE ( 'NONE',  #269 ) ;
#1139 = VECTOR ( 'NONE', #201, 1000.000000000000000 ) ;
#1140 = ORIENTED_EDGE ( 'NONE', *, *, #2804, .F. ) ;
#1141 = LINE ( 'NONE', #32, #1167 ) ;
#1142 = DIRECTION ( 'NONE',  ( 0.000000000000000000, -0.000000000000000000, 1.000000000000000000 ) ) ;
#1143 = CARTESIAN_POINT ( 'NONE',  ( -2.150000000000003464, -11.00000000000000178, 0.000000000000000000 ) ) ;
#1144 = PLANE ( 'NONE',  #233 ) ;
#1145 = ORIENTED_EDGE ( 'NONE', *, *, #2749, .T. ) ;
#1146 = CARTESIAN_POINT ( 'NONE',  ( -18.50000000000000000, -73.48201077753932964, 0.7499999999999611422 ) ) ;
#1147 = EDGE_LOOP ( 'NONE', ( #1274, #1892, #3565, #2730 ) ) ;
#1148 = DIRECTION ( 'NONE',  ( -1.000000000000000000, 0.000000000000000000, -3.465980970982632152E-16 ) ) ;
#1149 = VECTOR ( 'NONE', #686, 1000.000000000000000 ) ;
#1150 = EDGE_LOOP ( 'NONE', ( #63, #2700, #1725, #3215 ) ) ;
#1151 = AXIS2_PLACEMENT_3D ( 'NONE', #2291, #2064, #613 ) ;
#1152 = VERTEX_POINT ( 'NONE', #1497 ) ;
#1153 = LINE ( 'NONE', #306, #678 ) ;
#1154 = EDGE_CURVE ( 'NONE', #2239, #2813, #1243, .T. ) ;
#1155 = CARTESIAN_POINT ( 'NONE',  ( -2.349999999999998757, -3.600000000000001421, 13.49999999999999645 ) ) ;
#1156 = EDGE_LOOP ( 'NONE', ( #111, #2742, #2792, #271 ) ) ;
#1157 = DIRECTION ( 'NONE',  ( 1.000000000000000000, 0.000000000000000000, 0.000000000000000000 ) ) ;
#1158 = ORIENTED_EDGE ( 'NONE', *, *, #3544, .F. ) ;
#1159 = LINE ( 'NONE', #903, #1881 ) ;
#1160 = DIRECTION ( 'NONE',  ( 1.000000000000000000, 1.133806193448893442E-16, -0.000000000000000000 ) ) ;
#1161 = CARTESIAN_POINT ( 'NONE',  ( -16.89999999999999858, 0.000000000000000000, 0.7499999999999621414 ) ) ;
#1162 =( NAMED_UNIT ( * ) PLANE_ANGLE_UNIT ( ) SI_UNIT ( $, .RADIAN. ) );
#1163 = ORIENTED_EDGE ( 'NONE', *, *, #1068, .T. ) ;
#1164 = FACE_OUTER_BOUND ( 'NONE', #72, .T. ) ;
#1165 = EDGE_CURVE ( 'NONE', #3693, #1549, #84, .T. ) ;
#1166 = ORIENTED_EDGE ( 'NONE', *, *, #1831, .T. ) ;
#1167 = VECTOR ( 'NONE', #2576, 1000.000000000000000 ) ;
#1168 = CARTESIAN_POINT ( 'NONE',  ( -10.24999999999999822, 0.000000000000000000, 9.962681563213328317 ) ) ;
#1169 = ORIENTED_EDGE ( 'NONE', *, *, #162, .T. ) ;
#1170 = VECTOR ( 'NONE', #2661, 1000.000000000000000 ) ;
#1171 = EDGE_CURVE ( 'NONE', #667, #859, #2433, .T. ) ;
#1172 = ORIENTED_EDGE ( 'NONE', *, *, #2268, .F. ) ;
#1173 = CARTESIAN_POINT ( 'NONE',  ( 2.449999999999997957, -10.49999999999999822, 9.000000000000000000 ) ) ;
#1174 = VECTOR ( 'NONE', #1929, 1000.000000000000000 ) ;
#1175 = PLANE ( 'NONE',  #841 ) ;
#1176 = ORIENTED_EDGE ( 'NONE', *, *, #3204, .T. ) ;
#1177 = LINE ( 'NONE', #1213, #937 ) ;
#1178 = VERTEX_POINT ( 'NONE', #934 ) ;
#1179 = AXIS2_PLACEMENT_3D ( 'NONE', #1033, #1332, #2489 ) ;
#1180 = CARTESIAN_POINT ( 'NONE',  ( 6.186067977499789095, -12.50000000000000000, 7.249999999999997335 ) ) ;
#1181 = DIRECTION ( 'NONE',  ( -0.000000000000000000, 0.000000000000000000, -1.000000000000000000 ) ) ;
#1182 = DIRECTION ( 'NONE',  ( -1.000000000000000000, -0.000000000000000000, -0.000000000000000000 ) ) ;
#1183 = CYLINDRICAL_SURFACE ( 'NONE', #1683, 2.699999999999999289 ) ;
#1184 = AXIS2_PLACEMENT_3D ( 'NONE', #1216, #2978, #657 ) ;
#1185 = VERTEX_POINT ( 'NONE', #3581 ) ;
#1186 = EDGE_CURVE ( 'NONE', #2416, #1000, #1799, .T. ) ;
#1187 = ORIENTED_EDGE ( 'NONE', *, *, #51, .F. ) ;
#1188 = PLANE ( 'NONE',  #1660 ) ;
#1189 = EDGE_CURVE ( 'NONE', #3653, #1454, #2134, .T. ) ;
#1190 = ORIENTED_EDGE ( 'NONE', *, *, #81, .T. ) ;
#1191 = ORIENTED_EDGE ( 'NONE', *, *, #2041, .T. ) ;
#1192 = SPHERICAL_SURFACE ( 'NONE', #1151, 3.541000000000003034 ) ;
#1193 = CARTESIAN_POINT ( 'NONE',  ( 18.50000000000000000, 0.000000000000000000, -3.750000000000039524 ) ) ;
#1194 = ORIENTED_EDGE ( 'NONE', *, *, #1767, .T. ) ;
#1195 = CARTESIAN_POINT ( 'NONE',  ( 11.26410039297270949, 3.099999999999999645, 12.49999999999999645 ) ) ;
#1196 = CARTESIAN_POINT ( 'NONE',  ( 0.2499999999999980571, -11.00000000000000178, 7.049999999999998934 ) ) ;
#1197 = DIRECTION ( 'NONE',  ( -0.000000000000000000, -0.000000000000000000, 1.000000000000000000 ) ) ;
#1198 = VERTEX_POINT ( 'NONE', #414 ) ;
#1199 = CARTESIAN_POINT ( 'NONE',  ( 14.75000000000000000, -3.750000000000000000, 4.500000000000000000 ) ) ;
#1200 = UNCERTAINTY_MEASURE_WITH_UNIT (LENGTH_MEASURE( 1.000000000000000082E-05 ), #246, 'distance_accuracy_value', 'NONE');
#1201 = ORIENTED_EDGE ( 'NONE', *, *, #3710, .T. ) ;
#1202 = EDGE_CURVE ( 'NONE', #889, #682, #1210, .T. ) ;
#1203 = CARTESIAN_POINT ( 'NONE',  ( 9.750000000000001776, 0.000000000000000000, 12.49999999999999645 ) ) ;
#1204 = EDGE_CURVE ( 'NONE', #1958, #2900, #363, .T. ) ;
#1205 = DIRECTION ( 'NONE',  ( -0.000000000000000000, -0.000000000000000000, 1.000000000000000000 ) ) ;
#1206 = PRODUCT_RELATED_PRODUCT_CATEGORY ( 'part', '', ( #2070 ) ) ;
#1207 = ORIENTED_EDGE ( 'NONE', *, *, #1136, .F. ) ;
#1208 = VECTOR ( 'NONE', #3277, 1000.000000000000000 ) ;
#1209 = ORIENTED_EDGE ( 'NONE', *, *, #2323, .T. ) ;
#1210 = LINE ( 'NONE', #1551, #2601 ) ;
#1211 = LINE ( 'NONE', #576, #1802 ) ;
#1212 = ORIENTED_EDGE ( 'NONE', *, *, #3382, .F. ) ;
#1213 = CARTESIAN_POINT ( 'NONE',  ( -3.450000000000001066, -10.49999999999999822, 2.681065389609537331 ) ) ;
#1214 = AXIS2_PLACEMENT_3D ( 'NONE', #801, #158, #495 ) ;
#1215 = DIRECTION ( 'NONE',  ( -1.000000000000000000, 0.000000000000000000, 1.927470528863119049E-16 ) ) ;
#1216 = CARTESIAN_POINT ( 'NONE',  ( 3.949999999999998845, -12.50000000000000000, 4.499999999999998224 ) ) ;
#1217 = CARTESIAN_POINT ( 'NONE',  ( -18.50000000000000000, -3.750000000000000000, 0.000000000000000000 ) ) ;
#1218 = ORIENTED_EDGE ( 'NONE', *, *, #418, .F. ) ;
#1219 = CARTESIAN_POINT ( 'NONE',  ( 18.50000000000000000, 0.000000000000000000, 0.7499999999999621414 ) ) ;
#1220 = VECTOR ( 'NONE', #1444, 1000.000000000000000 ) ;
#1221 = ORIENTED_EDGE ( 'NONE', *, *, #3041, .T. ) ;
#1222 = EDGE_CURVE ( 'NONE', #3104, #2857, #3294, .T. ) ;
#1223 = LINE ( 'NONE', #960, #445 ) ;
#1224 = CARTESIAN_POINT ( 'NONE',  ( 14.74999999999999645, -1.387778780781445676E-14, 0.7499999999999621414 ) ) ;
#1225 = VECTOR ( 'NONE', #3211, 1000.000000000000000 ) ;
#1226 = VERTEX_POINT ( 'NONE', #705 ) ;
#1227 = DIRECTION ( 'NONE',  ( -0.000000000000000000, -0.000000000000000000, -1.000000000000000000 ) ) ;
#1228 = VERTEX_POINT ( 'NONE', #1533 ) ;
#1229 = FACE_OUTER_BOUND ( 'NONE', #351, .T. ) ;
#1230 = EDGE_CURVE ( 'NONE', #2039, #612, #2681, .T. ) ;
#1231 = CIRCLE ( 'NONE', #3412, 1.600000000000000755 ) ;
#1232 = CARTESIAN_POINT ( 'NONE',  ( 3.949999999999998845, -10.50000000000000000, 6.249999999999996447 ) ) ;
#1233 = CARTESIAN_POINT ( 'NONE',  ( 9.750000000000001776, 0.000000000000000000, 11.49999999999999645 ) ) ;
#1234 = CARTESIAN_POINT ( 'NONE',  ( -18.50000000000000000, -73.48201077753932964, 0.7499999999999611422 ) ) ;
#1235 = EDGE_LOOP ( 'NONE', ( #3447, #1692, #1365, #1427 ) ) ;
#1236 = CARTESIAN_POINT ( 'NONE',  ( 14.75000000000000000, -4.200000000000000178, 7.199999999999996625 ) ) ;
#1237 = ORIENTED_EDGE ( 'NONE', *, *, #3055, .F. ) ;
#1238 = DIRECTION ( 'NONE',  ( -1.000000000000000000, 0.000000000000000000, 0.000000000000000000 ) ) ;
#1239 = DIRECTION ( 'NONE',  ( -2.599485728236973621E-16, 0.000000000000000000, 1.000000000000000000 ) ) ;
#1240 = EDGE_CURVE ( 'NONE', #577, #956, #2369, .T. ) ;
#1241 = VECTOR ( 'NONE', #2867, 1000.000000000000000 ) ;
#1242 = VERTEX_POINT ( 'NONE', #3529 ) ;
#1243 = LINE ( 'NONE', #2115, #1208 ) ;
#1244 = CARTESIAN_POINT ( 'NONE',  ( 8.235899607027297620, -3.100000000000000977, 12.49999999999999645 ) ) ;
#1245 = ADVANCED_FACE ( 'NONE', ( #136, #1275 ), #2956, .T. ) ;
#1246 = ORIENTED_EDGE ( 'NONE', *, *, #2188, .T. ) ;
#1247 = EDGE_CURVE ( 'NONE', #2955, #1688, #2938, .T. ) ;
#1248 = DIRECTION ( 'NONE',  ( 0.000000000000000000, 0.000000000000000000, 1.000000000000000000 ) ) ;
#1249 = DIRECTION ( 'NONE',  ( 0.000000000000000000, 0.000000000000000000, 1.000000000000000000 ) ) ;
#1250 =( NAMED_UNIT ( * ) PLANE_ANGLE_UNIT ( ) SI_UNIT ( $, .RADIAN. ) );
#1251 = EDGE_CURVE ( 'NONE', #2948, #966, #950, .T. ) ;
#1252 = CARTESIAN_POINT ( 'NONE',  ( -0.9500000000000018430, -12.50000000000000000, 8.499999999999998224 ) ) ;
#1253 = EDGE_LOOP ( 'NONE', ( #3115, #3018, #1651, #2101 ) ) ;
#1254 = CARTESIAN_POINT ( 'NONE',  ( -0.2500000000000019429, -10.90000000000000213, 7.549999999999998934 ) ) ;
#1255 = ORIENTED_EDGE ( 'NONE', *, *, #3452, .T. ) ;
#1256 = DIRECTION ( 'NONE',  ( -0.000000000000000000, 1.000000000000000000, -0.000000000000000000 ) ) ;
#1257 = AXIS2_PLACEMENT_3D ( 'NONE', #3696, #230, #197 ) ;
#1258 = CARTESIAN_POINT ( 'NONE',  ( 0.1499999999999995226, -11.00000000000000178, 7.149999999999997691 ) ) ;
#1259 = ORIENTED_EDGE ( 'NONE', *, *, #2085, .F. ) ;
#1260 = CARTESIAN_POINT ( 'NONE',  ( -0.2500000000000019429, -10.90000000000000213, 7.049999999999998934 ) ) ;
#1261 = LINE ( 'NONE', #3315, #3700 ) ;
#1262 = ORIENTED_EDGE ( 'NONE', *, *, #1897, .T. ) ;
#1263 = DIRECTION ( 'NONE',  ( -3.252606517456514288E-16, 1.000000000000000000, 0.000000000000000000 ) ) ;
#1264 = CARTESIAN_POINT ( 'NONE',  ( 3.449999999999998845, -12.50000000000000000, 4.999999999999997335 ) ) ;
#1265 = FACE_BOUND ( 'NONE', #846, .T. ) ;
#1266 = ORIENTED_EDGE ( 'NONE', *, *, #3055, .T. ) ;
#1267 = LINE ( 'NONE', #2539, #2805 ) ;
#1268 = EDGE_CURVE ( 'NONE', #3624, #1119, #1089, .T. ) ;
#1269 = CARTESIAN_POINT ( 'NONE',  ( -2.349999999999998757, -3.600000000000001421, 13.49999999999999645 ) ) ;
#1270 = CARTESIAN_POINT ( 'NONE',  ( -2.450000000000002398, -6.500000000000000000, 8.499999999999998224 ) ) ;
#1271 = FACE_OUTER_BOUND ( 'NONE', #949, .T. ) ;
#1272 = ADVANCED_FACE ( 'NONE', ( #3654 ), #2773, .F. ) ;
#1273 = CARTESIAN_POINT ( 'NONE',  ( 14.75000000000000000, 3.749999999999995559, 0.000000000000000000 ) ) ;
#1274 = ORIENTED_EDGE ( 'NONE', *, *, #2384, .F. ) ;
#1275 = FACE_OUTER_BOUND ( 'NONE', #685, .T. ) ;
#1276 = DIRECTION ( 'NONE',  ( -1.000000000000000000, 0.000000000000000000, -0.000000000000000000 ) ) ;
#1277 = ORIENTED_EDGE ( 'NONE', *, *, #3507, .T. ) ;
#1278 = ADVANCED_FACE ( 'NONE', ( #760 ), #2492, .F. ) ;
#1279 = CARTESIAN_POINT ( 'NONE',  ( 3.949999999999998845, -10.50000000000000000, 7.249999999999997335 ) ) ;
#1280 = LINE ( 'NONE', #1264, #1712 ) ;
#1281 = FACE_OUTER_BOUND ( 'NONE', #499, .T. ) ;
#1282 = EDGE_LOOP ( 'NONE', ( #3716, #1993, #3683, #2646, #422, #2277 ) ) ;
#1283 = VECTOR ( 'NONE', #3252, 1000.000000000000000 ) ;
#1284 = DIRECTION ( 'NONE',  ( 0.000000000000000000, -1.000000000000000000, -0.000000000000000000 ) ) ;
#1285 = CARTESIAN_POINT ( 'NONE',  ( 6.186067977499788206, -10.50000000000000000, 6.249999999999996447 ) ) ;
#1286 = ADVANCED_FACE ( 'NONE', ( #2454 ), #1391, .F. ) ;
#1287 = PRESENTATION_LAYER_ASSIGNMENT (  '', '', ( #3597 ) ) ;
#1288 = PLANE ( 'NONE',  #1056 ) ;
#1289 = ADVANCED_FACE ( 'NONE', ( #740 ), #1865, .T. ) ;
#1290 = ORIENTED_EDGE ( 'NONE', *, *, #931, .T. ) ;
#1291 = CIRCLE ( 'NONE', #1601, 3.250000000000009770 ) ;
#1292 = EDGE_CURVE ( 'NONE', #2538, #3053, #3370, .T. ) ;
#1293 = CARTESIAN_POINT ( 'NONE',  ( 14.75000000000000000, 6.500000000000000000, 7.199999999999996625 ) ) ;
#1294 = AXIS2_PLACEMENT_3D ( 'NONE', #3076, #1912, #1632 ) ;
#1295 = VECTOR ( 'NONE', #3198, 1000.000000000000000 ) ;
#1296 = ORIENTED_EDGE ( 'NONE', *, *, #3734, .F. ) ;
#1297 = CARTESIAN_POINT ( 'NONE',  ( 18.50000000000000000, 0.000000000000000000, 0.7499999999999612532 ) ) ;
#1298 = CARTESIAN_POINT ( 'NONE',  ( 5.005000000000003446, -12.40000000000000213, 3.299999999999998046 ) ) ;
#1299 = EDGE_LOOP ( 'NONE', ( #3142, #3643, #3322 ) ) ;
#1300 = CARTESIAN_POINT ( 'NONE',  ( -3.450000000000001954, -6.500000000000000000, 9.000000000000000000 ) ) ;
#1301 = CARTESIAN_POINT ( 'NONE',  ( 0.1499999999999995226, -11.00000000000000178, 0.000000000000000000 ) ) ;
#1302 = ORIENTED_EDGE ( 'NONE', *, *, #1103, .F. ) ;
#1303 = DIRECTION ( 'NONE',  ( 0.000000000000000000, 0.000000000000000000, 1.000000000000000000 ) ) ;
#1304 = ORIENTED_EDGE ( 'NONE', *, *, #518, .T. ) ;
#1305 = DIRECTION ( 'NONE',  ( -0.000000000000000000, -1.000000000000000000, -0.000000000000000000 ) ) ;
#1306 = CARTESIAN_POINT ( 'NONE',  ( 14.75000000000000000, 6.500000000000000000, 0.000000000000000000 ) ) ;
#1307 = DIRECTION ( 'NONE',  ( 0.000000000000000000, 0.000000000000000000, 1.000000000000000000 ) ) ;
#1308 = EDGE_CURVE ( 'NONE', #3620, #492, #1586, .T. ) ;
#1309 = VECTOR ( 'NONE', #1041, 1000.000000000000000 ) ;
#1310 = EDGE_LOOP ( 'NONE', ( #439, #3150, #3064, #1625 ) ) ;
#1311 = EDGE_CURVE ( 'NONE', #2340, #3425, #1451, .T. ) ;
#1312 = PLANE ( 'NONE',  #1179 ) ;
#1313 = VECTOR ( 'NONE', #1407, 1000.000000000000000 ) ;
#1314 = ADVANCED_FACE ( 'NONE', ( #192 ), #1923, .T. ) ;
#1315 = VERTEX_POINT ( 'NONE', #3084 ) ;
#1316 = FACE_OUTER_BOUND ( 'NONE', #873, .T. ) ;
#1317 = CARTESIAN_POINT ( 'NONE',  ( 9.231462937951992132, -3.100000000000001421, 12.18349399380723241 ) ) ;
#1318 = EDGE_LOOP ( 'NONE', ( #2081, #1484, #2523, #417 ) ) ;
#1319 = DIRECTION ( 'NONE',  ( 0.000000000000000000, -1.000000000000000000, -0.000000000000000000 ) ) ;
#1320 = DIRECTION ( 'NONE',  ( 1.927470528863119049E-16, -0.000000000000000000, 1.000000000000000000 ) ) ;
#1321 = ORIENTED_EDGE ( 'NONE', *, *, #342, .F. ) ;
#1322 = EDGE_LOOP ( 'NONE', ( #2051, #252, #2272, #2648, #2171, #2314 ) ) ;
#1323 = MECHANICAL_DESIGN_GEOMETRIC_PRESENTATION_REPRESENTATION (  '', ( #3392 ), #666 ) ;
#1324 = DIRECTION ( 'NONE',  ( 0.000000000000000000, 1.000000000000000000, 0.000000000000000000 ) ) ;
#1325 = CARTESIAN_POINT ( 'NONE',  ( -16.30330085889910308, -3.750000000000015987, 2.946699141100878716 ) ) ;
#1326 = CARTESIAN_POINT ( 'NONE',  ( -13.99999999999999822, 3.599999999999999201, 11.49999999999999645 ) ) ;
#1327 = CARTESIAN_POINT ( 'NONE',  ( 3.449999999999997957, -10.49999999999999822, 2.681065389609537331 ) ) ;
#1328 = AXIS2_PLACEMENT_3D ( 'NONE', #123, #1249, #383 ) ;
#1329 = EDGE_CURVE ( 'NONE', #1353, #21, #1606, .T. ) ;
#1330 = ORIENTED_EDGE ( 'NONE', *, *, #1084, .F. ) ;
#1331 = VECTOR ( 'NONE', #2756, 1000.000000000000000 ) ;
#1332 = DIRECTION ( 'NONE',  ( 0.000000000000000000, -1.000000000000000000, -0.000000000000000000 ) ) ;
#1333 = ORIENTED_EDGE ( 'NONE', *, *, #1738, .F. ) ;
#1334 = CARTESIAN_POINT ( 'NONE',  ( 0.000000000000000000, 0.000000000000000000, 12.49999999999999645 ) ) ;
#1335 = ORIENTED_EDGE ( 'NONE', *, *, #467, .T. ) ;
#1336 = LINE ( 'NONE', #3678, #371 ) ;
#1337 = VECTOR ( 'NONE', #2354, 1000.000000000000000 ) ;
#1338 = CARTESIAN_POINT ( 'NONE',  ( 1.749999999999998002, -11.00000000000000178, 7.549999999999998934 ) ) ;
#1339 = ADVANCED_FACE ( 'NONE', ( #1316 ), #2473, .T. ) ;
#1340 = EDGE_LOOP ( 'NONE', ( #812, #1304, #916, #3168 ) ) ;
#1341 = CARTESIAN_POINT ( 'NONE',  ( 9.618334009955537667, 3.100000000000000533, 12.15002422657951620 ) ) ;
#1342 = CLOSED_SHELL ( 'NONE', ( #796, #3469, #443, #715, #361, #3629, #3255, #1469, #3145, #2425, #3181, #3267, #2896, #2797, #99, #3430, #1622, #746, #2705, #1693, #2592, #278, #1717, #554, #2920, #768, #3386, #593 ) ) ;
#1343 = ORIENTED_EDGE ( 'NONE', *, *, #737, .T. ) ;
#1344 = PLANE ( 'NONE',  #1871 ) ;
#1345 = DIRECTION ( 'NONE',  ( 0.000000000000000000, 0.7071067811865444641, -0.7071067811865505703 ) ) ;
#1346 = PLANE ( 'NONE',  #3110 ) ;
#1347 = LINE ( 'NONE', #2223, #2350 ) ;
#1348 = DIRECTION ( 'NONE',  ( -1.000000000000000000, 0.000000000000000000, 0.000000000000000000 ) ) ;
#1349 = VECTOR ( 'NONE', #636, 1000.000000000000000 ) ;
#1350 = VERTEX_POINT ( 'NONE', #1035 ) ;
#1351 = CARTESIAN_POINT ( 'NONE',  ( 13.45000000000000284, 3.100000000000000977, 13.49999999999999645 ) ) ;
#1352 = AXIS2_PLACEMENT_3D ( 'NONE', #508, #3448, #2892 ) ;
#1353 = VERTEX_POINT ( 'NONE', #1354 ) ;
#1354 = CARTESIAN_POINT ( 'NONE',  ( 2.449999999999998401, -7.000000000000000888, 8.499999999999998224 ) ) ;
#1355 = LINE ( 'NONE', #1005, #1403 ) ;
#1356 = ORIENTED_EDGE ( 'NONE', *, *, #703, .T. ) ;
#1357 = VECTOR ( 'NONE', #1980, 1000.000000000000000 ) ;
#1358 = EDGE_CURVE ( 'NONE', #1098, #336, #2191, .T. ) ;
#1359 = CARTESIAN_POINT ( 'NONE',  ( -2.450000000000002398, -7.000000000000000888, 8.499999999999998224 ) ) ;
#1360 = EDGE_CURVE ( 'NONE', #3189, #1938, #2514, .T. ) ;
#1361 = FACE_OUTER_BOUND ( 'NONE', #381, .T. ) ;
#1362 = ORIENTED_EDGE ( 'NONE', *, *, #3549, .F. ) ;
#1363 = DIRECTION ( 'NONE',  ( 1.000000000000000000, 0.000000000000000000, 0.000000000000000000 ) ) ;
#1364 = EDGE_CURVE ( 'NONE', #1350, #1958, #1903, .T. ) ;
#1365 = ORIENTED_EDGE ( 'NONE', *, *, #1673, .T. ) ;
#1366 = CARTESIAN_POINT ( 'NONE',  ( 3.949999999999998845, -12.50000000000000000, 4.499999999999998224 ) ) ;
#1367 = LINE ( 'NONE', #2577, #2092 ) ;
#1368 = CARTESIAN_POINT ( 'NONE',  ( -0.9500000000000018430, -7.000000000000000888, 9.000000000000000000 ) ) ;
#1369 = CARTESIAN_POINT ( 'NONE',  ( -3.950000000000001954, -6.500000000000000000, 8.999999999999998224 ) ) ;
#1370 = CARTESIAN_POINT ( 'NONE',  ( -18.50000000000000000, 3.750000000000000000, 0.7499999999999612532 ) ) ;
#1371 = ORIENTED_EDGE ( 'NONE', *, *, #1644, .F. ) ;
#1372 = CARTESIAN_POINT ( 'NONE',  ( 18.50000000000000000, -3.750000000000000000, -0.000000000000000000 ) ) ;
#1373 = VECTOR ( 'NONE', #3413, 1000.000000000000000 ) ;
#1374 = DIRECTION ( 'NONE',  ( 0.000000000000000000, 0.000000000000000000, -1.000000000000000000 ) ) ;
#1375 = LINE ( 'NONE', #2515, #505 ) ;
#1376 = MECHANICAL_DESIGN_GEOMETRIC_PRESENTATION_REPRESENTATION (  '', ( #1860 ), #360 ) ;
#1377 = ORIENTED_EDGE ( 'NONE', *, *, #776, .F. ) ;
#1378 = EDGE_CURVE ( 'NONE', #1592, #577, #210, .T. ) ;
#1379 = CARTESIAN_POINT ( 'NONE',  ( -2.450000000000002398, -6.500000000000000000, 2.681065389609537331 ) ) ;
#1380 = LINE ( 'NONE', #3356, #2585 ) ;
#1381 = ORIENTED_EDGE ( 'NONE', *, *, #308, .T. ) ;
#1382 = CARTESIAN_POINT ( 'NONE',  ( 9.099192623353529186, 3.100000000000000533, 12.21522350009533930 ) ) ;
#1383 = ORIENTED_EDGE ( 'NONE', *, *, #2864, .F. ) ;
#1384 = DIRECTION ( 'NONE',  ( 0.4999999999999965583, 0.000000000000000000, 0.8660254037844407060 ) ) ;
#1385 = DIRECTION ( 'NONE',  ( 0.000000000000000000, 1.000000000000000000, 0.000000000000000000 ) ) ;
#1386 = CARTESIAN_POINT ( 'NONE',  ( 14.75000000000000000, 4.200000000000000178, 7.199999999999996625 ) ) ;
#1387 = FILL_AREA_STYLE_COLOUR ( '', #3258 ) ;
#1388 = DIRECTION ( 'NONE',  ( 0.7071067811865500152, 0.000000000000000000, 0.7071067811865451302 ) ) ;
#1389 = ORIENTED_EDGE ( 'NONE', *, *, #3153, .T. ) ;
#1390 = DIRECTION ( 'NONE',  ( 0.000000000000000000, 1.000000000000000000, 0.000000000000000000 ) ) ;
#1391 = CONICAL_SURFACE ( 'NONE', #9, 2.500000000000000444, 0.5235987755982949299 ) ;
#1392 = ADVANCED_FACE ( 'NONE', ( #3389 ), #511, .F. ) ;
#1393 = DIRECTION ( 'NONE',  ( -1.000000000000000000, 0.000000000000000000, 0.000000000000000000 ) ) ;
#1394 = ORIENTED_EDGE ( 'NONE', *, *, #2384, .T. ) ;
#1395 = CIRCLE ( 'NONE', #3337, 1.600000000000000755 ) ;
#1396 = ORIENTED_EDGE ( 'NONE', *, *, #1570, .F. ) ;
#1397 = CARTESIAN_POINT ( 'NONE',  ( -10.24999999999999822, -2.499999999999999112, 12.25000000000000000 ) ) ;
#1398 = CARTESIAN_POINT ( 'NONE',  ( 14.74999999999999645, -1.387778780781445676E-14, 4.500000000000003553 ) ) ;
#1399 = VERTEX_POINT ( 'NONE', #1962 ) ;
#1400 = CARTESIAN_POINT ( 'NONE',  ( -2.250000000000001776, -11.00000000000000178, 7.049999999999998934 ) ) ;
#1401 = EDGE_CURVE ( 'NONE', #1549, #1506, #817, .T. ) ;
#1402 = ORIENTED_EDGE ( 'NONE', *, *, #1018, .F. ) ;
#1403 = VECTOR ( 'NONE', #3320, 1000.000000000000000 ) ;
#1404 =( NAMED_UNIT ( * ) SI_UNIT ( $, .STERADIAN. ) SOLID_ANGLE_UNIT ( ) );
#1405 = CARTESIAN_POINT ( 'NONE',  ( 18.50000000000000000, 0.000000000000000000, 4.500000000000000000 ) ) ;
#1406 = DIRECTION ( 'NONE',  ( -1.000000000000000000, 0.000000000000000000, 0.000000000000000000 ) ) ;
#1407 = DIRECTION ( 'NONE',  ( -0.000000000000000000, 1.000000000000000000, -0.000000000000000000 ) ) ;
#1408 = DIRECTION ( 'NONE',  ( -0.000000000000000000, -0.000000000000000000, 1.000000000000000000 ) ) ;
#1409 = VERTEX_POINT ( 'NONE', #1680 ) ;
#1410 = ADVANCED_FACE ( 'NONE', ( #3406 ), #2847, .T. ) ;
#1411 = EDGE_CURVE ( 'NONE', #2813, #572, #1911, .T. ) ;
#1412 = DIRECTION ( 'NONE',  ( -1.000000000000000000, 0.000000000000000000, 0.000000000000000000 ) ) ;
#1413 = VECTOR ( 'NONE', #2077, 1000.000000000000000 ) ;
#1414 = EDGE_CURVE ( 'NONE', #2735, #645, #3095, .T. ) ;
#1415 = APPLICATION_PROTOCOL_DEFINITION ( 'draft international standard', 'automotive_design', 1998, #659 ) ;
#1416 = ORIENTED_EDGE ( 'NONE', *, *, #1813, .F. ) ;
#1417 = DIRECTION ( 'NONE',  ( 0.000000000000000000, -1.000000000000000000, 0.000000000000000000 ) ) ;
#1418 = FACE_OUTER_BOUND ( 'NONE', #1614, .T. ) ;
#1419 = ORIENTED_EDGE ( 'NONE', *, *, #1905, .F. ) ;
#1420 = CARTESIAN_POINT ( 'NONE',  ( -16.89999999999999858, 0.000000000000000000, 0.000000000000000000 ) ) ;
#1421 = VECTOR ( 'NONE', #3724, 1000.000000000000000 ) ;
#1422 = ORIENTED_EDGE ( 'NONE', *, *, #2570, .T. ) ;
#1423 = CARTESIAN_POINT ( 'NONE',  ( 13.45000000000000284, -3.100000000000000977, 12.49999999999999645 ) ) ;
#1424 = DIRECTION ( 'NONE',  ( -0.000000000000000000, 1.000000000000000000, -0.000000000000000000 ) ) ;
#1425 = DIRECTION ( 'NONE',  ( 0.000000000000000000, 1.000000000000000000, 0.000000000000000000 ) ) ;
#1426 = CARTESIAN_POINT ( 'NONE',  ( -3.450000000000001066, -10.49999999999999822, 9.000000000000000000 ) ) ;
#1427 = ORIENTED_EDGE ( 'NONE', *, *, #2927, .T. ) ;
#1428 = CARTESIAN_POINT ( 'NONE',  ( 2.249999999999998224, -10.90000000000000213, 7.549999999999998934 ) ) ;
#1429 = UNCERTAINTY_MEASURE_WITH_UNIT (LENGTH_MEASURE( 1.000000000000000082E-05 ), #3352, 'distance_accuracy_value', 'NONE');
#1430 = EDGE_LOOP ( 'NONE', ( #469, #1452, #3739, #1532, #2366 ) ) ;
#1431 = SPHERICAL_SURFACE ( 'NONE', #3359, 3.388484267524967564 ) ;
#1432 = EDGE_CURVE ( 'NONE', #2691, #2096, #460, .T. ) ;
#1433 = ORIENTED_EDGE ( 'NONE', *, *, #640, .F. ) ;
#1434 = EDGE_CURVE ( 'NONE', #321, #3104, #2542, .T. ) ;
#1435 = ORIENTED_EDGE ( 'NONE', *, *, #2770, .T. ) ;
#1436 = CARTESIAN_POINT ( 'NONE',  ( 0.000000000000000000, -11.00000000000000178, 7.450000000000000178 ) ) ;
#1437 = CIRCLE ( 'NONE', #357, 2.700000000000001066 ) ;
#1438 = LINE ( 'NONE', #2292, #716 ) ;
#1439 = VERTEX_POINT ( 'NONE', #1977 ) ;
#1440 = CARTESIAN_POINT ( 'NONE',  ( -10.24999999999999822, 3.550317603477629731E-31, 12.24999999999999822 ) ) ;
#1441 = ORIENTED_EDGE ( 'NONE', *, *, #467, .F. ) ;
#1442 = DIRECTION ( 'NONE',  ( 1.000000000000000000, 0.000000000000000000, -1.927470528863119049E-16 ) ) ;
#1443 = FACE_OUTER_BOUND ( 'NONE', #3557, .T. ) ;
#1444 = DIRECTION ( 'NONE',  ( 0.000000000000000000, 0.000000000000000000, -1.000000000000000000 ) ) ;
#1445 = DIRECTION ( 'NONE',  ( -0.000000000000000000, 1.000000000000000000, -0.000000000000000000 ) ) ;
#1446 = VERTEX_POINT ( 'NONE', #1615 ) ;
#1447 = FACE_BOUND ( 'NONE', #3649, .T. ) ;
#1448 = ORIENTED_EDGE ( 'NONE', *, *, #684, .T. ) ;
#1449 = LINE ( 'NONE', #20, #3297 ) ;
#1450 = ADVANCED_FACE ( 'NONE', ( #2241 ), #2203, .F. ) ;
#1451 = CIRCLE ( 'NONE', #248, 3.750000000000000000 ) ;
#1452 = ORIENTED_EDGE ( 'NONE', *, *, #2662, .T. ) ;
#1453 = AXIS2_PLACEMENT_3D ( 'NONE', #2406, #1803, #402 ) ;
#1454 = VERTEX_POINT ( 'NONE', #1932 ) ;
#1455 = CARTESIAN_POINT ( 'NONE',  ( -0.2500000000000019429, -7.000000000000000888, 7.049999999999998934 ) ) ;
#1456 = EDGE_CURVE ( 'NONE', #135, #2236, #1045, .T. ) ;
#1457 = CARTESIAN_POINT ( 'NONE',  ( -2.333333333333320159, -13.48333333333334139, 4.966666666666681884 ) ) ;
#1458 = AXIS2_PLACEMENT_3D ( 'NONE', #3278, #154, #1552 ) ;
#1459 = ORIENTED_EDGE ( 'NONE', *, *, #1644, .T. ) ;
#1460 = DIRECTION ( 'NONE',  ( -0.000000000000000000, 0.000000000000000000, -1.000000000000000000 ) ) ;
#1461 = ORIENTED_EDGE ( 'NONE', *, *, #128, .T. ) ;
#1462 = DIRECTION ( 'NONE',  ( 0.000000000000000000, 1.000000000000000000, 0.000000000000000000 ) ) ;
#1463 = SURFACE_SIDE_STYLE ('',( #2053 ) ) ;
#1464 = EDGE_CURVE ( 'NONE', #1706, #3220, #1893, .T. ) ;
#1465 = CARTESIAN_POINT ( 'NONE',  ( -12.75000000000000000, 3.061616997868383141E-16, 12.20096189432331002 ) ) ;
#1466 = DIRECTION ( 'NONE',  ( 1.084202172485504434E-16, 1.000000000000000000, 0.000000000000000000 ) ) ;
#1467 = EDGE_LOOP ( 'NONE', ( #3259, #393, #843 ) ) ;
#1468 = DIRECTION ( 'NONE',  ( 0.000000000000000000, 0.000000000000000000, 1.000000000000000000 ) ) ;
#1469 = ADVANCED_FACE ( 'NONE', ( #829 ), #1344, .T. ) ;
#1470 = UNCERTAINTY_MEASURE_WITH_UNIT (LENGTH_MEASURE( 1.000000000000000082E-05 ), #2524, 'distance_accuracy_value', 'NONE');
#1471 = ORIENTED_EDGE ( 'NONE', *, *, #671, .F. ) ;
#1472 = FACE_OUTER_BOUND ( 'NONE', #2026, .T. ) ;
#1473 = MANIFOLD_SOLID_BREP ( 'LPattern1[2]', #1474 ) ;
#1474 = CLOSED_SHELL ( 'NONE', ( #3409, #1966, #400, #1272, #219, #1410, #71, #2992, #815, #513 ) ) ;
#1475 = VERTEX_POINT ( 'NONE', #3684 ) ;
#1476 = VECTOR ( 'NONE', #2842, 1000.000000000000000 ) ;
#1477 = EDGE_LOOP ( 'NONE', ( #2073, #273, #1823 ) ) ;
#1478 = DIRECTION ( 'NONE',  ( -1.000000000000000000, 0.000000000000000000, -0.000000000000000000 ) ) ;
#1479 = AXIS2_PLACEMENT_3D ( 'NONE', #1219, #56, #458 ) ;
#1480 = FACE_BOUND ( 'NONE', #207, .T. ) ;
#1481 = ORIENTED_EDGE ( 'NONE', *, *, #3221, .T. ) ;
#1482 = CARTESIAN_POINT ( 'NONE',  ( 13.45000000000000284, -3.100000000000000977, 12.49999999999999645 ) ) ;
#1483 = ADVANCED_FACE ( 'NONE', ( #752 ), #3702, .F. ) ;
#1484 = ORIENTED_EDGE ( 'NONE', *, *, #2496, .T. ) ;
#1485 = EDGE_CURVE ( 'NONE', #971, #2018, #2503, .T. ) ;
#1486 = AXIS2_PLACEMENT_3D ( 'NONE', #2414, #1239, #319 ) ;
#1487 = CARTESIAN_POINT ( 'NONE',  ( 6.186067977499788206, -12.50000000000000000, 6.249999999999996447 ) ) ;
#1488 = DIRECTION ( 'NONE',  ( 0.000000000000000000, -1.000000000000000000, 0.000000000000000000 ) ) ;
#1489 = AXIS2_PLACEMENT_3D ( 'NONE', #2655, #3554, #2089 ) ;
#1490 = VERTEX_POINT ( 'NONE', #3667 ) ;
#1491 = CARTESIAN_POINT ( 'NONE',  ( -2.250000000000001776, -7.000000000000000888, 7.549999999999998934 ) ) ;
#1492 = VECTOR ( 'NONE', #2982, 1000.000000000000000 ) ;
#1493 = DIRECTION ( 'NONE',  ( -0.7071067811865505703, 0.7071067811865444641, 0.000000000000000000 ) ) ;
#1494 = DIRECTION ( 'NONE',  ( 0.000000000000000000, 0.000000000000000000, -1.000000000000000000 ) ) ;
#1495 = VERTEX_POINT ( 'NONE', #1063 ) ;
#1496 = ORIENTED_EDGE ( 'NONE', *, *, #1485, .T. ) ;
#1497 = CARTESIAN_POINT ( 'NONE',  ( 3.449999999999998845, -10.50000000000000000, 7.249999999999997335 ) ) ;
#1498 = FACE_OUTER_BOUND ( 'NONE', #1156, .T. ) ;
#1499 = ORIENTED_EDGE ( 'NONE', *, *, #2103, .F. ) ;
#1500 = DIRECTION ( 'NONE',  ( 0.000000000000000000, 0.000000000000000000, -1.000000000000000000 ) ) ;
#1501 = EDGE_CURVE ( 'NONE', #2900, #2981, #1016, .T. ) ;
#1502 = AXIS2_PLACEMENT_3D ( 'NONE', #496, #802, #1647 ) ;
#1503 = CARTESIAN_POINT ( 'NONE',  ( -0.2500000000000019429, -10.90000000000000213, 7.549999999999998934 ) ) ;
#1504 = PLANE ( 'NONE',  #1489 ) ;
#1505 = DIRECTION ( 'NONE',  ( -0.000000000000000000, 1.000000000000000000, -0.000000000000000000 ) ) ;
#1506 = VERTEX_POINT ( 'NONE', #1369 ) ;
#1507 = DIRECTION ( 'NONE',  ( 0.000000000000000000, 1.000000000000000000, 0.000000000000000000 ) ) ;
#1508 = AXIS2_PLACEMENT_3D ( 'NONE', #1234, #2376, #3195 ) ;
#1509 = CARTESIAN_POINT ( 'NONE',  ( 14.75000000000000000, 4.200000000000000178, 7.199999999999996625 ) ) ;
#1510 = PLANE ( 'NONE',  #509 ) ;
#1511 = CARTESIAN_POINT ( 'NONE',  ( 9.750000000000001776, 0.000000000000000000, 11.74999999999998757 ) ) ;
#1512 = EDGE_CURVE ( 'NONE', #1409, #492, #3670, .T. ) ;
#1513 = AXIS2_PLACEMENT_3D ( 'NONE', #3067, #2816, #1883 ) ;
#1514 = ORIENTED_EDGE ( 'NONE', *, *, #3307, .F. ) ;
#1515 = CARTESIAN_POINT ( 'NONE',  ( -6.499999999999999112, 3.599999999999999645, 13.49999999999999645 ) ) ;
#1516 = ORIENTED_EDGE ( 'NONE', *, *, #1023, .F. ) ;
#1517 = DIRECTION ( 'NONE',  ( -0.000000000000000000, -0.000000000000000000, -1.000000000000000000 ) ) ;
#1518 = AXIS2_PLACEMENT_3D ( 'NONE', #1609, #2234, #3372 ) ;
#1519 = DIRECTION ( 'NONE',  ( 1.000000000000000000, 0.000000000000000000, -0.000000000000000000 ) ) ;
#1520 = FILL_AREA_STYLE ('',( #904 ) ) ;
#1521 = CARTESIAN_POINT ( 'NONE',  ( -6.499999999999999112, 3.599999999999999645, 11.49999999999999645 ) ) ;
#1522 = ADVANCED_FACE ( 'NONE', ( #1914 ), #809, .F. ) ;
#1523 = EDGE_LOOP ( 'NONE', ( #2260, #1212, #799, #1516 ) ) ;
#1524 = LINE ( 'NONE', #1791, #157 ) ;
#1525 = ORIENTED_EDGE ( 'NONE', *, *, #3038, .T. ) ;
#1526 = DIRECTION ( 'NONE',  ( 2.195852501236464299E-16, 0.000000000000000000, -1.000000000000000000 ) ) ;
#1527 = DIRECTION ( 'NONE',  ( 0.000000000000000000, 0.000000000000000000, -1.000000000000000000 ) ) ;
#1528 = ADVANCED_FACE ( 'NONE', ( #2263 ), #1144, .F. ) ;
#1529 = VECTOR ( 'NONE', #1108, 1000.000000000000000 ) ;
#1530 = EDGE_CURVE ( 'NONE', #2066, #428, #1066, .T. ) ;
#1531 = EDGE_CURVE ( 'NONE', #2948, #2955, #546, .T. ) ;
#1532 = ORIENTED_EDGE ( 'NONE', *, *, #3335, .T. ) ;
#1533 = CARTESIAN_POINT ( 'NONE',  ( -14.75000000000000000, -3.750000000000000000, 4.500000000000000000 ) ) ;
#1534 = DIRECTION ( 'NONE',  ( -1.000000000000000000, 0.000000000000000000, 0.000000000000000000 ) ) ;
#1535 = VERTEX_POINT ( 'NONE', #3119 ) ;
#1536 = CARTESIAN_POINT ( 'NONE',  ( -3.450000000000001954, -7.000000000000000888, 4.999999999999997335 ) ) ;
#1537 = VECTOR ( 'NONE', #936, 1000.000000000000000 ) ;
#1538 =( GEOMETRIC_REPRESENTATION_CONTEXT ( 3 ) GLOBAL_UNCERTAINTY_ASSIGNED_CONTEXT ( ( #3445 ) ) GLOBAL_UNIT_ASSIGNED_CONTEXT ( ( #2200, #423, #3608 ) ) REPRESENTATION_CONTEXT ( 'NONE', 'WORKASPACE' ) );
#1539 = DIRECTION ( 'NONE',  ( 1.000000000000000000, 1.133806193448893442E-16, 0.000000000000000000 ) ) ;
#1540 = CARTESIAN_POINT ( 'NONE',  ( -2.450000000000001066, -10.49999999999999822, 9.000000000000000000 ) ) ;
#1541 = PLANE ( 'NONE',  #3506 ) ;
#1542 = ORIENTED_EDGE ( 'NONE', *, *, #3507, .F. ) ;
#1543 = LINE ( 'NONE', #1890, #97 ) ;
#1544 = ORIENTED_EDGE ( 'NONE', *, *, #110, .T. ) ;
#1545 = DIRECTION ( 'NONE',  ( 1.000000000000000000, 0.000000000000000000, 0.000000000000000000 ) ) ;
#1546 = VECTOR ( 'NONE', #3347, 1000.000000000000000 ) ;
#1547 = CARTESIAN_POINT ( 'NONE',  ( -20.10000000000000142, 1.959434878635767449E-16, -3.750000000000039524 ) ) ;
#1548 = STYLED_ITEM ( 'NONE', ( #2688 ), #401 ) ;
#1549 = VERTEX_POINT ( 'NONE', #3078 ) ;
#1550 = ORIENTED_EDGE ( 'NONE', *, *, #3658, .F. ) ;
#1551 = CARTESIAN_POINT ( 'NONE',  ( 0.5333333333333184489, -8.616666666666661811, 4.766666666666679042 ) ) ;
#1552 = DIRECTION ( 'NONE',  ( -1.000000000000000000, -1.330309414092643285E-16, 0.000000000000000000 ) ) ;
#1553 = ORIENTED_EDGE ( 'NONE', *, *, #3544, .T. ) ;
#1554 = PLANE ( 'NONE',  #3329 ) ;
#1555 = DIRECTION ( 'NONE',  ( 1.000000000000000000, 0.000000000000000000, -0.000000000000000000 ) ) ;
#1556 = CARTESIAN_POINT ( 'NONE',  ( -18.50000000000000000, 0.000000000000000000, 4.500000000000000000 ) ) ;
#1557 = EDGE_CURVE ( 'NONE', #1976, #956, #2810, .T. ) ;
#1558 = ORIENTED_EDGE ( 'NONE', *, *, #3660, .T. ) ;
#1559 = CARTESIAN_POINT ( 'NONE',  ( 16.89999999999999858, 1.959434878635768681E-16, 0.7499999999999621414 ) ) ;
#1560 = CARTESIAN_POINT ( 'NONE',  ( -2.250000000000001776, -11.00000000000000178, 7.549999999999998934 ) ) ;
#1561 = CARTESIAN_POINT ( 'NONE',  ( 3.449999999999998845, -12.50000000000000000, 4.999999999999997335 ) ) ;
#1562 = VECTOR ( 'NONE', #2257, 1000.000000000000000 ) ;
#1563 = FACE_OUTER_BOUND ( 'NONE', #3540, .T. ) ;
#1564 = DIRECTION ( 'NONE',  ( 0.000000000000000000, 1.000000000000000000, -6.938893903907228378E-16 ) ) ;
#1565 = EDGE_CURVE ( 'NONE', #2340, #1569, #481, .T. ) ;
#1566 = VERTEX_POINT ( 'NONE', #1675 ) ;
#1567 = CARTESIAN_POINT ( 'NONE',  ( -3.450000000000001954, -12.50000000000000000, 8.499999999999998224 ) ) ;
#1568 = CARTESIAN_POINT ( 'NONE',  ( 3.949999999999998845, -12.50000000000000000, 4.499999999999998224 ) ) ;
#1569 = VERTEX_POINT ( 'NONE', #1716 ) ;
#1570 = EDGE_CURVE ( 'NONE', #2190, #612, #1347, .T. ) ;
#1571 = FACE_OUTER_BOUND ( 'NONE', #1150, .T. ) ;
#1572 = DIRECTION ( 'NONE',  ( 0.000000000000000000, 0.000000000000000000, -1.000000000000000000 ) ) ;
#1573 = VECTOR ( 'NONE', #3257, 1000.000000000000000 ) ;
#1574 = CARTESIAN_POINT ( 'NONE',  ( 5.005000000000003446, -6.500000000000000000, 3.299999999999998046 ) ) ;
#1575 = ORIENTED_EDGE ( 'NONE', *, *, #1247, .T. ) ;
#1576 = LINE ( 'NONE', #2762, #2437 ) ;
#1577 = EDGE_CURVE ( 'NONE', #682, #2499, #3381, .T. ) ;
#1578 = CARTESIAN_POINT ( 'NONE',  ( -14.74999999999999645, -1.387778780781445676E-14, 4.500000000000002665 ) ) ;
#1579 = CARTESIAN_POINT ( 'NONE',  ( 14.75000000000000000, -4.200000000000000178, 11.49999999999999645 ) ) ;
#1580 = CARTESIAN_POINT ( 'NONE',  ( 6.186067977499788206, -12.50000000000000000, 6.249999999999996447 ) ) ;
#1581 = VECTOR ( 'NONE', #372, 1000.000000000000000 ) ;
#1582 = VERTEX_POINT ( 'NONE', #1999 ) ;
#1583 = LINE ( 'NONE', #2209, #945 ) ;
#1584 = CIRCLE ( 'NONE', #2075, 2.699999999999997513 ) ;
#1585 = EDGE_LOOP ( 'NONE', ( #2246, #3027, #1928, #3276, #4, #1987, #3107, #2764, #2230, #2513, #1435, #3123, #1553 ) ) ;
#1586 = LINE ( 'NONE', #2733, #2240 ) ;
#1587 = DIRECTION ( 'NONE',  ( 0.000000000000000000, 0.000000000000000000, -1.000000000000000000 ) ) ;
#1588 = ORIENTED_EDGE ( 'NONE', *, *, #463, .T. ) ;
#1589 = DIRECTION ( 'NONE',  ( 0.000000000000000000, 0.000000000000000000, 1.000000000000000000 ) ) ;
#1590 = MANIFOLD_SOLID_BREP ( 'LPattern1[1]', #322 ) ;
#1591 = LINE ( 'NONE', #421, #410 ) ;
#1592 = VERTEX_POINT ( 'NONE', #2850 ) ;
#1593 = SURFACE_SIDE_STYLE ('',( #3358 ) ) ;
#1594 = EDGE_CURVE ( 'NONE', #1399, #2289, #259, .T. ) ;
#1595 = EDGE_CURVE ( 'NONE', #3349, #589, #2282, .T. ) ;
#1596 = VECTOR ( 'NONE', #2465, 1000.000000000000000 ) ;
#1597 = DIRECTION ( 'NONE',  ( 0.000000000000000000, -1.000000000000000000, -2.017120320903264195E-16 ) ) ;
#1598 = DIRECTION ( 'NONE',  ( 0.000000000000000000, 0.000000000000000000, 1.000000000000000000 ) ) ;
#1599 = DIRECTION ( 'NONE',  ( -2.168404344971009608E-16, 1.000000000000000000, 0.000000000000000000 ) ) ;
#1600 = ORIENTED_EDGE ( 'NONE', *, *, #61, .F. ) ;
#1601 = AXIS2_PLACEMENT_3D ( 'NONE', #2508, #426, #148 ) ;
#1602 = CARTESIAN_POINT ( 'NONE',  ( 13.95000000000000462, 3.600000000000000977, 13.49999999999999645 ) ) ;
#1603 = VECTOR ( 'NONE', #1735, 1000.000000000000000 ) ;
#1604 = VECTOR ( 'NONE', #2949, 1000.000000000000000 ) ;
#1605 = ORIENTED_EDGE ( 'NONE', *, *, #2194, .F. ) ;
#1606 = LINE ( 'NONE', #171, #2541 ) ;
#1607 = LINE ( 'NONE', #3048, #2307 ) ;
#1608 = VERTEX_POINT ( 'NONE', #2320 ) ;
#1609 = CARTESIAN_POINT ( 'NONE',  ( -6.499999999999999112, -3.600000000000000977, 13.49999999999999645 ) ) ;
#1610 = FACE_OUTER_BOUND ( 'NONE', #2789, .T. ) ;
#1611 = VERTEX_POINT ( 'NONE', #940 ) ;
#1612 = DIRECTION ( 'NONE',  ( 0.000000000000000000, 0.000000000000000000, 1.000000000000000000 ) ) ;
#1613 = ADVANCED_FACE ( 'NONE', ( #315 ), #2638, .T. ) ;
#1614 = EDGE_LOOP ( 'NONE', ( #3583, #3164, #2177, #152 ) ) ;
#1615 = CARTESIAN_POINT ( 'NONE',  ( 20.10000000000000142, 0.000000000000000000, 0.000000000000000000 ) ) ;
#1616 = DIRECTION ( 'NONE',  ( 0.000000000000000000, 2.017120320903264195E-16, -1.000000000000000000 ) ) ;
#1617 = CARTESIAN_POINT ( 'NONE',  ( 1.749999999999998002, -11.00000000000000178, 7.549999999999998934 ) ) ;
#1618 = CARTESIAN_POINT ( 'NONE',  ( 14.75000000000000000, 3.750000000000000000, 0.000000000000000000 ) ) ;
#1619 = VECTOR ( 'NONE', #2451, 1000.000000000000000 ) ;
#1620 = VERTEX_POINT ( 'NONE', #2656 ) ;
#1621 = DIRECTION ( 'NONE',  ( 1.000000000000000000, 0.000000000000000000, 0.000000000000000000 ) ) ;
#1622 = ADVANCED_FACE ( 'NONE', ( #2616 ), #2672, .T. ) ;
#1623 = ORIENTED_EDGE ( 'NONE', *, *, #3038, .F. ) ;
#1624 = DIRECTION ( 'NONE',  ( -0.000000000000000000, -0.000000000000000000, 1.000000000000000000 ) ) ;
#1625 = ORIENTED_EDGE ( 'NONE', *, *, #640, .T. ) ;
#1626 = CARTESIAN_POINT ( 'NONE',  ( 14.75000000000000000, -3.750000000000000000, -0.000000000000000000 ) ) ;
#1627 = CARTESIAN_POINT ( 'NONE',  ( -0.9500000000000018430, -12.50000000000000000, 8.499999999999998224 ) ) ;
#1628 = VERTEX_POINT ( 'NONE', #70 ) ;
#1629 = EDGE_LOOP ( 'NONE', ( #399, #2774, #1207, #1078 ) ) ;
#1630 = VECTOR ( 'NONE', #2994, 1000.000000000000000 ) ;
#1631 = DIRECTION ( 'NONE',  ( -0.000000000000000000, -1.000000000000000000, -0.000000000000000000 ) ) ;
#1632 = DIRECTION ( 'NONE',  ( 0.000000000000000000, 0.000000000000000000, 1.000000000000000000 ) ) ;
#1633 = CARTESIAN_POINT ( 'NONE',  ( 7.050000000000002487, 3.306546357697853733E-16, 11.49999999999999645 ) ) ;
#1634 = DIRECTION ( 'NONE',  ( 1.000000000000000000, 0.000000000000000000, 0.000000000000000000 ) ) ;
#1635 = CARTESIAN_POINT ( 'NONE',  ( -3.450000000000001954, -12.50000000000000000, 4.999999999999997335 ) ) ;
#1636 = ORIENTED_EDGE ( 'NONE', *, *, #2188, .F. ) ;
#1637 = CARTESIAN_POINT ( 'NONE',  ( 13.95000000000000462, -3.599999999999999201, 13.49999999999999645 ) ) ;
#1638 = EDGE_CURVE ( 'NONE', #1226, #728, #350, .T. ) ;
#1639 = ADVANCED_FACE ( 'NONE', ( #584 ), #1183, .T. ) ;
#1640 = ORIENTED_EDGE ( 'NONE', *, *, #2194, .T. ) ;
#1641 = CARTESIAN_POINT ( 'NONE',  ( 3.949999999999998845, -6.500000000000000000, 4.499999999999998224 ) ) ;
#1642 = CARTESIAN_POINT ( 'NONE',  ( 13.45000000000000284, 3.100000000000000977, 12.49999999999999645 ) ) ;
#1643 = ORIENTED_EDGE ( 'NONE', *, *, #2024, .F. ) ;
#1644 = EDGE_CURVE ( 'NONE', #3408, #2538, #2929, .T. ) ;
#1645 = DIRECTION ( 'NONE',  ( 0.000000000000000000, -1.000000000000000000, -0.000000000000000000 ) ) ;
#1646 = AXIS2_PLACEMENT_3D ( 'NONE', #3407, #818, #1984 ) ;
#1647 = DIRECTION ( 'NONE',  ( -0.000000000000000000, 0.000000000000000000, -1.000000000000000000 ) ) ;
#1648 = ORIENTED_EDGE ( 'NONE', *, *, #2641, .T. ) ;
#1649 = CARTESIAN_POINT ( 'NONE',  ( 18.50000000000000000, 0.000000000000000000, -3.750000000000039524 ) ) ;
#1650 = CLOSED_SHELL ( 'NONE', ( #1528, #2471, #2545, #1483, #2357, #2685 ) ) ;
#1651 = ORIENTED_EDGE ( 'NONE', *, *, #3238, .F. ) ;
#1652 = SURFACE_SIDE_STYLE ('',( #1120 ) ) ;
#1653 = FACE_OUTER_BOUND ( 'NONE', #49, .T. ) ;
#1654 = DIRECTION ( 'NONE',  ( 1.000000000000000000, 0.000000000000000000, 0.000000000000000000 ) ) ;
#1655 = CARTESIAN_POINT ( 'NONE',  ( 3.949999999999998845, -12.50000000000000000, 7.249999999999997335 ) ) ;
#1656 = VECTOR ( 'NONE', #3118, 1000.000000000000000 ) ;
#1657 = ORIENTED_EDGE ( 'NONE', *, *, #737, .F. ) ;
#1658 = VECTOR ( 'NONE', #520, 1000.000000000000000 ) ;
#1659 = CARTESIAN_POINT ( 'NONE',  ( 2.249999999999998224, -7.000000000000000888, 7.549999999999998934 ) ) ;
#1660 = AXIS2_PLACEMENT_3D ( 'NONE', #1796, #392, #3508 ) ;
#1661 = DIRECTION ( 'NONE',  ( 0.000000000000000000, 0.000000000000000000, -1.000000000000000000 ) ) ;
#1662 = FILL_AREA_STYLE_COLOUR ( '', #2254 ) ;
#1663 = AXIS2_PLACEMENT_3D ( 'NONE', #2848, #257, #3460 ) ;
#1664 = ORIENTED_EDGE ( 'NONE', *, *, #2345, .T. ) ;
#1665 = AXIS2_PLACEMENT_3D ( 'NONE', #1146, #2851, #1936 ) ;
#1666 = EDGE_LOOP ( 'NONE', ( #3429, #1910, #305, #1187 ) ) ;
#1667 = DIRECTION ( 'NONE',  ( -8.673617379884027583E-16, -0.000000000000000000, -1.000000000000000000 ) ) ;
#1668 = DIRECTION ( 'NONE',  ( -0.000000000000000000, -0.000000000000000000, 1.000000000000000000 ) ) ;
#1669 = ORIENTED_EDGE ( 'NONE', *, *, #3640, .T. ) ;
#1670 = CARTESIAN_POINT ( 'NONE',  ( 3.449999999999998845, -7.000000000000000888, 4.999999999999997335 ) ) ;
#1671 = ORIENTED_EDGE ( 'NONE', *, *, #872, .F. ) ;
#1672 = DIRECTION ( 'NONE',  ( 0.000000000000000000, -1.000000000000000000, 0.000000000000000000 ) ) ;
#1673 = EDGE_CURVE ( 'NONE', #889, #1582, #2947, .T. ) ;
#1674 = LINE ( 'NONE', #33, #2972 ) ;
#1675 = CARTESIAN_POINT ( 'NONE',  ( 3.449999999999997957, -7.000000000000000888, 8.499999999999998224 ) ) ;
#1676 = DIRECTION ( 'NONE',  ( -0.000000000000000000, 0.000000000000000000, -1.000000000000000000 ) ) ;
#1677 = ORIENTED_EDGE ( 'NONE', *, *, #534, .T. ) ;
#1678 = LINE ( 'NONE', #835, #100 ) ;
#1679 = VECTOR ( 'NONE', #3052, 1000.000000000000000 ) ;
#1680 = CARTESIAN_POINT ( 'NONE',  ( 14.75000000000000000, 4.200000000000000178, 11.49999999999999645 ) ) ;
#1681 = CARTESIAN_POINT ( 'NONE',  ( 14.75000000000000000, -4.200000000000000178, 11.49999999999999645 ) ) ;
#1682 = EDGE_CURVE ( 'NONE', #21, #3012, #641, .T. ) ;
#1683 = AXIS2_PLACEMENT_3D ( 'NONE', #2888, #3231, #54 ) ;
#1684 = ORIENTED_EDGE ( 'NONE', *, *, #1485, .F. ) ;
#1685 = VERTEX_POINT ( 'NONE', #1217 ) ;
#1686 = LINE ( 'NONE', #2478, #1031 ) ;
#1687 = FACE_OUTER_BOUND ( 'NONE', #774, .T. ) ;
#1688 = VERTEX_POINT ( 'NONE', #1521 ) ;
#1689 = LINE ( 'NONE', #1097, #1174 ) ;
#1690 = MANIFOLD_SOLID_BREP ( 'Chamfer2', #3589 ) ;
#1691 = EDGE_CURVE ( 'NONE', #2857, #1490, #3178, .T. ) ;
#1692 = ORIENTED_EDGE ( 'NONE', *, *, #51, .T. ) ;
#1693 = ADVANCED_FACE ( 'NONE', ( #2339 ), #2599, .T. ) ;
#1694 = CARTESIAN_POINT ( 'NONE',  ( 3.449999999999998845, -7.000000000000000888, 4.999999999999997335 ) ) ;
#1695 = FACE_OUTER_BOUND ( 'NONE', #3293, .T. ) ;
#1696 = DIRECTION ( 'NONE',  ( 1.000000000000000000, 0.000000000000000000, 0.000000000000000000 ) ) ;
#1697 = CARTESIAN_POINT ( 'NONE',  ( -14.75000000000000000, -6.500000000000000000, 0.000000000000000000 ) ) ;
#1698 = EDGE_CURVE ( 'NONE', #1071, #1353, #2908, .T. ) ;
#1699 = VECTOR ( 'NONE', #1227, 1000.000000000000000 ) ;
#1700 = ORIENTED_EDGE ( 'NONE', *, *, #872, .T. ) ;
#1701 = CARTESIAN_POINT ( 'NONE',  ( 16.62499999999997868, -3.750000000000000000, 2.624999999999999556 ) ) ;
#1702 = VECTOR ( 'NONE', #455, 1000.000000000000000 ) ;
#1703 = CARTESIAN_POINT ( 'NONE',  ( 0.9499999999999981792, -12.50000000000000000, 9.000000000000000000 ) ) ;
#1704 = ORIENTED_EDGE ( 'NONE', *, *, #1809, .T. ) ;
#1705 = AXIS2_PLACEMENT_3D ( 'NONE', #491, #1985, #3428 ) ;
#1706 = VERTEX_POINT ( 'NONE', #2055 ) ;
#1707 = CARTESIAN_POINT ( 'NONE',  ( -14.75000000000000000, -4.200000000000000178, 7.199999999999996625 ) ) ;
#1708 = DIRECTION ( 'NONE',  ( 0.000000000000000000, 0.000000000000000000, 1.000000000000000000 ) ) ;
#1709 = ORIENTED_EDGE ( 'NONE', *, *, #3351, .T. ) ;
#1710 = CARTESIAN_POINT ( 'NONE',  ( -3.950000000000001954, -10.50000000000000000, 7.249999999999998224 ) ) ;
#1711 = VERTEX_POINT ( 'NONE', #1006 ) ;
#1712 = VECTOR ( 'NONE', #2421, 1000.000000000000000 ) ;
#1713 = FACE_OUTER_BOUND ( 'NONE', #596, .T. ) ;
#1714 = CARTESIAN_POINT ( 'NONE',  ( -3.450000000000001954, -6.500000000000000000, 9.000000000000000000 ) ) ;
#1715 = LINE ( 'NONE', #2868, #3093 ) ;
#1716 = CARTESIAN_POINT ( 'NONE',  ( 18.50000000000000000, -3.750000000000000000, 0.000000000000000000 ) ) ;
#1717 = ADVANCED_FACE ( 'NONE', ( #1281 ), #1541, .F. ) ;
#1718 = LINE ( 'NONE', #2869, #3489 ) ;
#1719 = ADVANCED_FACE ( 'NONE', ( #1610 ), #438, .T. ) ;
#1720 = VERTEX_POINT ( 'NONE', #1252 ) ;
#1721 = EDGE_CURVE ( 'NONE', #1185, #3279, #2440, .T. ) ;
#1722 = VECTOR ( 'NONE', #2726, 1000.000000000000000 ) ;
#1723 = CARTESIAN_POINT ( 'NONE',  ( 14.75000000000000000, -4.200000000000000178, 7.199999999999996625 ) ) ;
#1724 = CIRCLE ( 'NONE', #877, 1.600000000000000755 ) ;
#1725 = ORIENTED_EDGE ( 'NONE', *, *, #2119, .T. ) ;
#1726 = ORIENTED_EDGE ( 'NONE', *, *, #3534, .T. ) ;
#1727 = DIRECTION ( 'NONE',  ( 0.000000000000000000, 0.000000000000000000, -1.000000000000000000 ) ) ;
#1728 = AXIS2_PLACEMENT_3D ( 'NONE', #1877, #3309, #482 ) ;
#1729 = LINE ( 'NONE', #3453, #1748 ) ;
#1730 = ORIENTED_EDGE ( 'NONE', *, *, #1531, .T. ) ;
#1731 = CYLINDRICAL_SURFACE ( 'NONE', #2385, 3.750000000000000000 ) ;
#1732 = VECTOR ( 'NONE', #1046, 1000.000000000000000 ) ;
#1733 = ORIENTED_EDGE ( 'NONE', *, *, #2894, .F. ) ;
#1734 = CARTESIAN_POINT ( 'NONE',  ( 9.750000000000001776, 0.000000000000000000, 11.75000000000000000 ) ) ;
#1735 = DIRECTION ( 'NONE',  ( 1.000000000000000000, 0.000000000000000000, -0.000000000000000000 ) ) ;
#1736 = LINE ( 'NONE', #1755, #1939 ) ;
#1737 = DIRECTION ( 'NONE',  ( 0.000000000000000000, -0.000000000000000000, 1.000000000000000000 ) ) ;
#1738 = EDGE_CURVE ( 'NONE', #2973, #1152, #2458, .T. ) ;
#1739 = ORIENTED_EDGE ( 'NONE', *, *, #3351, .F. ) ;
#1740 = DIRECTION ( 'NONE',  ( 1.000000000000000000, 0.000000000000000000, -0.000000000000000000 ) ) ;
#1741 = B_SPLINE_CURVE_WITH_KNOTS ( 'NONE', 3,
 ( #3721, #1116, #476, #1382, #199, #2259, #1341, #2500, #2217, #67, #3172, #1195 ),
 .UNSPECIFIED., .F., .F.,
 ( 4, 2, 2, 2, 2, 4 ),
 ( 0.000000000000000000, 0.0007772449162856909450, 0.001165867374428535604, 0.001554489832571380372, 0.002331734748857069908, 0.003108979665142759443 ),
 .UNSPECIFIED. ) ;
#1742 = ORIENTED_EDGE ( 'NONE', *, *, #3523, .F. ) ;
#1743 = CARTESIAN_POINT ( 'NONE',  ( 3.949999999999998845, -6.500000000000000000, 9.000000000000000000 ) ) ;
#1744 = EDGE_LOOP ( 'NONE', ( #507, #1130, #3677, #1756 ) ) ;
#1745 = EDGE_CURVE ( 'NONE', #2491, #1835, #2689, .T. ) ;
#1746 = ORIENTED_EDGE ( 'NONE', *, *, #2989, .F. ) ;
#1747 = CARTESIAN_POINT ( 'NONE',  ( -5.004999999999996341, -6.500000000000000000, 3.299999999999995826 ) ) ;
#1748 = VECTOR ( 'NONE', #3007, 1000.000000000000000 ) ;
#1749 = DIRECTION ( 'NONE',  ( 0.000000000000000000, 0.000000000000000000, 1.000000000000000000 ) ) ;
#1750 = ORIENTED_EDGE ( 'NONE', *, *, #38, .F. ) ;
#1751 = FACE_OUTER_BOUND ( 'NONE', #2606, .T. ) ;
#1752 = ORIENTED_EDGE ( 'NONE', *, *, #116, .T. ) ;
#1753 = DIRECTION ( 'NONE',  ( 1.000000000000000000, 0.000000000000000000, 0.000000000000000000 ) ) ;
#1754 = LINE ( 'NONE', #294, #3546 ) ;
#1755 = CARTESIAN_POINT ( 'NONE',  ( 14.75000000000000000, -6.500000000000000000, 7.199999999999996625 ) ) ;
#1756 = ORIENTED_EDGE ( 'NONE', *, *, #2855, .T. ) ;
#1757 = CARTESIAN_POINT ( 'NONE',  ( -18.50000000000000000, 0.000000000000000000, -3.750000000000039524 ) ) ;
#1758 = ORIENTED_EDGE ( 'NONE', *, *, #3202, .T. ) ;
#1759 = CARTESIAN_POINT ( 'NONE',  ( 9.750000000000001776, 0.000000000000000000, 11.49999999999999645 ) ) ;
#1760 = VECTOR ( 'NONE', #556, 1000.000000000000000 ) ;
#1761 = ORIENTED_EDGE ( 'NONE', *, *, #465, .F. ) ;
#1762 = EDGE_CURVE ( 'NONE', #1198, #2037, #59, .T. ) ;
#1763 = EDGE_CURVE ( 'NONE', #645, #2740, #2722, .T. ) ;
#1764 = EDGE_LOOP ( 'NONE', ( #3068, #2657, #3367, #2796 ) ) ;
#1765 = DIRECTION ( 'NONE',  ( -0.000000000000000000, -0.000000000000000000, -1.000000000000000000 ) ) ;
#1766 = CARTESIAN_POINT ( 'NONE',  ( -14.75000000000000000, 3.750000000000000000, 4.500000000000000000 ) ) ;
#1767 = EDGE_CURVE ( 'NONE', #3264, #3408, #1888, .T. ) ;
#1768 = VECTOR ( 'NONE', #2849, 999.9999999999998863 ) ;
#1769 = ORIENTED_EDGE ( 'NONE', *, *, #814, .F. ) ;
#1770 = CARTESIAN_POINT ( 'NONE',  ( -18.50000000000000000, 0.000000000000000000, 0.7499999999999621414 ) ) ;
#1771 = VERTEX_POINT ( 'NONE', #109 ) ;
#1772 = LINE ( 'NONE', #3192, #2791 ) ;
#1773 = DIRECTION ( 'NONE',  ( -0.000000000000000000, -0.000000000000000000, -1.000000000000000000 ) ) ;
#1774 = ORIENTED_EDGE ( 'NONE', *, *, #1594, .T. ) ;
#1775 = CARTESIAN_POINT ( 'NONE',  ( 0.9499999999999981792, -7.000000000000000888, 8.499999999999998224 ) ) ;
#1776 = DIRECTION ( 'NONE',  ( -1.000000000000000000, 0.000000000000000000, 0.000000000000000000 ) ) ;
#1777 = EDGE_CURVE ( 'NONE', #3374, #1941, #3016, .T. ) ;
#1778 = ORIENTED_EDGE ( 'NONE', *, *, #1917, .T. ) ;
#1779 = AXIS2_PLACEMENT_3D ( 'NONE', #3400, #808, #3097 ) ;
#1780 = ORIENTED_EDGE ( 'NONE', *, *, #2547, .F. ) ;
#1781 = DIRECTION ( 'NONE',  ( 1.000000000000000000, 0.000000000000000000, -0.000000000000000000 ) ) ;
#1782 = LINE ( 'NONE', #2048, #779 ) ;
#1783 = EDGE_LOOP ( 'NONE', ( #318, #212, #2552, #1371, #1044, #1750 ) ) ;
#1784 = DIRECTION ( 'NONE',  ( -1.000000000000000000, 0.000000000000000000, 0.000000000000000000 ) ) ;
#1785 = AXIS2_PLACEMENT_3D ( 'NONE', #166, #1348, #1307 ) ;
#1786 = CARTESIAN_POINT ( 'NONE',  ( -18.50000000000000000, 3.750000000000000000, 0.7499999999999612532 ) ) ;
#1787 = CARTESIAN_POINT ( 'NONE',  ( 2.000000000000000000, -11.00000000000000178, 7.450000000000000178 ) ) ;
#1788 = SURFACE_STYLE_FILL_AREA ( #91 ) ;
#1789 = VECTOR ( 'NONE', #1305, 1000.000000000000000 ) ;
#1790 = VERTEX_POINT ( 'NONE', #3263 ) ;
#1791 = CARTESIAN_POINT ( 'NONE',  ( 5.005000000000003446, -6.500000000000000000, 3.299999999999998046 ) ) ;
#1792 = STYLED_ITEM ( 'NONE', ( #2057 ), #2844 ) ;
#1793 = EDGE_CURVE ( 'NONE', #1720, #3693, #726, .T. ) ;
#1794 = CARTESIAN_POINT ( 'NONE',  ( -1.750000000000001998, -10.90000000000000213, 7.049999999999998934 ) ) ;
#1795 = CARTESIAN_POINT ( 'NONE',  ( -2.450000000000001066, -10.49999999999999822, 8.499999999999998224 ) ) ;
#1796 = CARTESIAN_POINT ( 'NONE',  ( 3.449999999999998845, -7.000000000000000888, 4.999999999999997335 ) ) ;
#1797 = ADVANCED_FACE ( 'NONE', ( #1265, #955, #1872 ), #2139, .F. ) ;
#1798 = ORIENTED_EDGE ( 'NONE', *, *, #3335, .F. ) ;
#1799 = LINE ( 'NONE', #2649, #2113 ) ;
#1800 = ORIENTED_EDGE ( 'NONE', *, *, #1189, .T. ) ;
#1801 = CARTESIAN_POINT ( 'NONE',  ( -0.2500000000000019429, -10.90000000000000213, 7.049999999999998934 ) ) ;
#1802 = VECTOR ( 'NONE', #345, 1000.000000000000000 ) ;
#1803 = DIRECTION ( 'NONE',  ( 1.000000000000000000, 0.000000000000000000, -1.927470528863118802E-16 ) ) ;
#1804 = CARTESIAN_POINT ( 'NONE',  ( 1.749999999999998002, -10.90000000000000213, 7.049999999999998934 ) ) ;
#1805 = ORIENTED_EDGE ( 'NONE', *, *, #1292, .T. ) ;
#1806 = CARTESIAN_POINT ( 'NONE',  ( -0.9500000000000018430, -7.000000000000000888, 9.000000000000000000 ) ) ;
#1807 = COLOUR_RGB ( '',0.7529411764705882248, 0.7529411764705882248, 0.7529411764705882248 ) ;
#1808 = EDGE_CURVE ( 'NONE', #2659, #2372, #1591, .T. ) ;
#1809 = EDGE_CURVE ( 'NONE', #83, #3653, #2175, .T. ) ;
#1810 = ORIENTED_EDGE ( 'NONE', *, *, #1682, .F. ) ;
#1811 = LINE ( 'NONE', #695, #3050 ) ;
#1812 = CARTESIAN_POINT ( 'NONE',  ( 13.45000000000000284, -3.100000000000000977, 12.49999999999999645 ) ) ;
#1813 = EDGE_CURVE ( 'NONE', #1228, #2372, #1838, .T. ) ;
#1814 = VECTOR ( 'NONE', #530, 1000.000000000000000 ) ;
#1815 = VERTEX_POINT ( 'NONE', #177 ) ;
#1816 = CARTESIAN_POINT ( 'NONE',  ( -13.99999999999999822, -3.600000000000000977, 13.49999999999999645 ) ) ;
#1817 = ORIENTED_EDGE ( 'NONE', *, *, #3435, .T. ) ;
#1818 = DIRECTION ( 'NONE',  ( -0.000000000000000000, -1.000000000000000000, -0.000000000000000000 ) ) ;
#1819 = VECTOR ( 'NONE', #2839, 1000.000000000000000 ) ;
#1820 = CARTESIAN_POINT ( 'NONE',  ( 0.000000000000000000, -12.50000000000000000, 0.000000000000000000 ) ) ;
#1821 = CARTESIAN_POINT ( 'NONE',  ( 12.45000000000000284, 0.000000000000000000, 11.49999999999999645 ) ) ;
#1822 = CARTESIAN_POINT ( 'NONE',  ( -1.849999999999999201, -3.100000000000002753, 13.49999999999999645 ) ) ;
#1823 = ORIENTED_EDGE ( 'NONE', *, *, #2770, .F. ) ;
#1824 = LINE ( 'NONE', #3522, #980 ) ;
#1825 = LINE ( 'NONE', #3021, #1170 ) ;
#1826 = EDGE_CURVE ( 'NONE', #834, #2502, #3001, .T. ) ;
#1827 = DIRECTION ( 'NONE',  ( 0.000000000000000000, 0.000000000000000000, 1.000000000000000000 ) ) ;
#1828 = ORIENTED_EDGE ( 'NONE', *, *, #2249, .T. ) ;
#1829 = PRODUCT_DEFINITION ( 'UNKNOWN', '', #134, #39 ) ;
#1830 = AXIS2_PLACEMENT_3D ( 'NONE', #2596, #2636, #274 ) ;
#1831 = EDGE_CURVE ( 'NONE', #1042, #609, #2105, .T. ) ;
#1832 = ORIENTED_EDGE ( 'NONE', *, *, #2297, .T. ) ;
#1833 = DIRECTION ( 'NONE',  ( -1.000000000000000000, 0.000000000000000000, -2.195852501236464545E-16 ) ) ;
#1834 = DIRECTION ( 'NONE',  ( 0.000000000000000000, 0.000000000000000000, 1.000000000000000000 ) ) ;
#1835 = VERTEX_POINT ( 'NONE', #675 ) ;
#1836 = VECTOR ( 'NONE', #2694, 1000.000000000000000 ) ;
#1837 = PLANE ( 'NONE',  #2306 ) ;
#1838 = LINE ( 'NONE', #3338, #3444 ) ;
#1839 = ORIENTED_EDGE ( 'NONE', *, *, #2364, .T. ) ;
#1840 = CARTESIAN_POINT ( 'NONE',  ( 14.75000000000000000, 4.200000000000000178, 11.49999999999999645 ) ) ;
#1841 = AXIS2_PLACEMENT_3D ( 'NONE', #2078, #3525, #42 ) ;
#1842 = ORIENTED_EDGE ( 'NONE', *, *, #1222, .F. ) ;
#1843 = EDGE_CURVE ( 'NONE', #2493, #1062, #404, .T. ) ;
#1844 = CARTESIAN_POINT ( 'NONE',  ( 3.949999999999998845, -6.500000000000000000, 4.499999999999998224 ) ) ;
#1845 = COLOUR_RGB ( '',0.7529411764705882248, 0.7529411764705882248, 0.7529411764705882248 ) ;
#1846 = LINE ( 'NONE', #2748, #2812 ) ;
#1847 = CARTESIAN_POINT ( 'NONE',  ( -3.450000000000001066, -10.49999999999999822, 9.000000000000000000 ) ) ;
#1848 = EDGE_CURVE ( 'NONE', #3264, #428, #3679, .T. ) ;
#1849 = VERTEX_POINT ( 'NONE', #1971 ) ;
#1850 = DIRECTION ( 'NONE',  ( 0.000000000000000000, 0.000000000000000000, -1.000000000000000000 ) ) ;
#1851 = CARTESIAN_POINT ( 'NONE',  ( 9.881665990044469439, -3.100000000000001865, 12.15002422657951620 ) ) ;
#1852 = ORIENTED_EDGE ( 'NONE', *, *, #2024, .T. ) ;
#1853 = EDGE_CURVE ( 'NONE', #2186, #2340, #595, .T. ) ;
#1854 = DIRECTION ( 'NONE',  ( -0.5773502691896240657, 0.5773502691896290617, -0.5773502691896240657 ) ) ;
#1855 = FACE_OUTER_BOUND ( 'NONE', #704, .T. ) ;
#1856 = DIRECTION ( 'NONE',  ( 0.000000000000000000, 0.000000000000000000, -1.000000000000000000 ) ) ;
#1857 = VERTEX_POINT ( 'NONE', #1992 ) ;
#1858 = DIRECTION ( 'NONE',  ( -1.000000000000000000, 0.000000000000000000, 0.000000000000000000 ) ) ;
#1859 = DIRECTION ( 'NONE',  ( 0.000000000000000000, 0.000000000000000000, 1.000000000000000000 ) ) ;
#1860 = STYLED_ITEM ( 'NONE', ( #3726 ), #1590 ) ;
#1861 = LINE ( 'NONE', #1618, #3300 ) ;
#1862 = ORIENTED_EDGE ( 'NONE', *, *, #3651, .F. ) ;
#1863 = DIRECTION ( 'NONE',  ( -0.7071067811865439090, -0.000000000000000000, 0.7071067811865512365 ) ) ;
#1864 = ORIENTED_EDGE ( 'NONE', *, *, #3431, .F. ) ;
#1865 = PLANE ( 'NONE',  #1513 ) ;
#1866 = DIRECTION ( 'NONE',  ( 0.000000000000000000, 0.000000000000000000, 1.000000000000000000 ) ) ;
#1867 = ADVANCED_FACE ( 'NONE', ( #1361 ), #538, .F. ) ;
#1868 = ORIENTED_EDGE ( 'NONE', *, *, #2915, .T. ) ;
#1869 = EDGE_CURVE ( 'NONE', #1535, #1042, #1380, .T. ) ;
#1870 = FACE_OUTER_BOUND ( 'NONE', #2941, .T. ) ;
#1871 = AXIS2_PLACEMENT_3D ( 'NONE', #3398, #524, #2807 ) ;
#1872 = FACE_OUTER_BOUND ( 'NONE', #562, .T. ) ;
#1873 = ORIENTED_EDGE ( 'NONE', *, *, #2148, .F. ) ;
#1874 = DIRECTION ( 'NONE',  ( -1.000000000000000000, 0.000000000000000000, 0.000000000000000000 ) ) ;
#1875 = PLANE ( 'NONE',  #101 ) ;
#1876 = DIRECTION ( 'NONE',  ( -1.000000000000000000, -0.000000000000000000, -0.000000000000000000 ) ) ;
#1877 = CARTESIAN_POINT ( 'NONE',  ( -0.9500000000000018430, -12.50000000000000000, 2.681065389609537331 ) ) ;
#1878 = AXIS2_PLACEMENT_3D ( 'NONE', #2434, #2795, #2567 ) ;
#1879 = EDGE_LOOP ( 'NONE', ( #75, #2879, #3205, #3481 ) ) ;
#1880 = CARTESIAN_POINT ( 'NONE',  ( 0.5666666666666602126, -11.71666666666667034, 6.733333333333336057 ) ) ;
#1881 = VECTOR ( 'NONE', #2613, 1000.000000000000000 ) ;
#1882 = ORIENTED_EDGE ( 'NONE', *, *, #3312, .T. ) ;
#1883 = DIRECTION ( 'NONE',  ( 0.000000000000000000, -0.000000000000000000, 1.000000000000000000 ) ) ;
#1884 = EDGE_CURVE ( 'NONE', #3425, #2186, #2151, .T. ) ;
#1885 = CARTESIAN_POINT ( 'NONE',  ( -10.24999999999999822, 1.069451006419438714E-15, 13.35116583073829588 ) ) ;
#1886 = EDGE_LOOP ( 'NONE', ( #2909, #3601, #163, #3607 ) ) ;
#1887 = CARTESIAN_POINT ( 'NONE',  ( -14.75000000000000000, 6.500000000000000000, 0.000000000000000000 ) ) ;
#1888 = LINE ( 'NONE', #385, #536 ) ;
#1889 = ORIENTED_EDGE ( 'NONE', *, *, #3072, .T. ) ;
#1890 = CARTESIAN_POINT ( 'NONE',  ( 0.2499999999999980571, -7.000000000000000888, 7.049999999999998934 ) ) ;
#1891 = VECTOR ( 'NONE', #1256, 1000.000000000000000 ) ;
#1892 = ORIENTED_EDGE ( 'NONE', *, *, #3126, .T. ) ;
#1893 = LINE ( 'NONE', #1694, #2969 ) ;
#1894 = DIRECTION ( 'NONE',  ( -1.000000000000000000, 0.000000000000000000, -2.195852501236464545E-16 ) ) ;
#1895 = PLANE ( 'NONE',  #80 ) ;
#1896 = PLANE ( 'NONE',  #1785 ) ;
#1897 = EDGE_CURVE ( 'NONE', #1720, #3672, #2276, .T. ) ;
#1898 = ORIENTED_EDGE ( 'NONE', *, *, #2225, .T. ) ;
#1899 = VECTOR ( 'NONE', #1048, 1000.000000000000000 ) ;
#1900 = DIRECTION ( 'NONE',  ( 1.000000000000000000, 0.000000000000000000, 0.000000000000000000 ) ) ;
#1901 = PRESENTATION_LAYER_ASSIGNMENT (  '', '', ( #1548 ) ) ;
#1902 = EDGE_LOOP ( 'NONE', ( #1643, #3746, #2683, #2450 ) ) ;
#1903 = LINE ( 'NONE', #2793, #3632 ) ;
#1904 = VERTEX_POINT ( 'NONE', #3373 ) ;
#1905 = EDGE_CURVE ( 'NONE', #2937, #1947, #3011, .T. ) ;
#1906 = LINE ( 'NONE', #3638, #2846 ) ;
#1907 = CARTESIAN_POINT ( 'NONE',  ( 16.30330085889910308, -3.750000000000016875, 2.946699141100879604 ) ) ;
#1908 = VERTEX_POINT ( 'NONE', #782 ) ;
#1909 = PRESENTATION_STYLE_ASSIGNMENT (( #2708 ) ) ;
#1910 = ORIENTED_EDGE ( 'NONE', *, *, #1577, .F. ) ;
#1911 = LINE ( 'NONE', #1081, #2001 ) ;
#1912 = DIRECTION ( 'NONE',  ( 0.000000000000000000, 1.000000000000000000, 0.000000000000000000 ) ) ;
#1913 = LINE ( 'NONE', #1953, #1722 ) ;
#1914 = FACE_OUTER_BOUND ( 'NONE', #623, .T. ) ;
#1915 = ADVANCED_FACE ( 'NONE', ( #1687 ), #2778, .T. ) ;
#1916 = CARTESIAN_POINT ( 'NONE',  ( -10.24999999999999822, 0.000000000000000000, 12.20096189432331002 ) ) ;
#1917 = EDGE_CURVE ( 'NONE', #2432, #2724, #3434, .T. ) ;
#1918 = VECTOR ( 'NONE', #3623, 1000.000000000000000 ) ;
#1919 = ORIENTED_EDGE ( 'NONE', *, *, #1189, .F. ) ;
#1920 = EDGE_CURVE ( 'NONE', #83, #1178, #1095, .T. ) ;
#1921 = DIRECTION ( 'NONE',  ( -0.5773502691896240657, 0.5773502691896290617, 0.5773502691896240657 ) ) ;
#1922 = ORIENTED_EDGE ( 'NONE', *, *, #864, .F. ) ;
#1923 = SPHERICAL_SURFACE ( 'NONE', #427, 3.388484267524967564 ) ;
#1924 = DIRECTION ( 'NONE',  ( 1.000000000000000000, -0.000000000000000000, 0.000000000000000000 ) ) ;
#1925 = ORIENTED_EDGE ( 'NONE', *, *, #1793, .F. ) ;
#1926 = FACE_OUTER_BOUND ( 'NONE', #2826, .T. ) ;
#1927 = CARTESIAN_POINT ( 'NONE',  ( 7.050000000000000711, 3.306546357697854719E-16, 11.74999999999998757 ) ) ;
#1928 = ORIENTED_EDGE ( 'NONE', *, *, #2987, .T. ) ;
#1929 = DIRECTION ( 'NONE',  ( 0.000000000000000000, 0.000000000000000000, 1.000000000000000000 ) ) ;
#1930 = ORIENTED_EDGE ( 'NONE', *, *, #1869, .F. ) ;
#1931 = AXIS2_PLACEMENT_3D ( 'NONE', #1334, #3635, #470 ) ;
#1932 = CARTESIAN_POINT ( 'NONE',  ( -3.450000000000001954, -12.50000000000000000, 4.999999999999997335 ) ) ;
#1933 = DIRECTION ( 'NONE',  ( 0.000000000000000000, 0.000000000000000000, -1.000000000000000000 ) ) ;
#1934 = LINE ( 'NONE', #3324, #816 ) ;
#1935 = DIRECTION ( 'NONE',  ( -7.228014483236698528E-16, 0.000000000000000000, -1.000000000000000000 ) ) ;
#1936 = DIRECTION ( 'NONE',  ( 0.7071067811865440200, 0.000000000000000000, 0.7071067811865511255 ) ) ;
#1937 = VECTOR ( 'NONE', #1645, 1000.000000000000000 ) ;
#1938 = VERTEX_POINT ( 'NONE', #823 ) ;
#1939 = VECTOR ( 'NONE', #2887, 1000.000000000000000 ) ;
#1940 = CARTESIAN_POINT ( 'NONE',  ( -10.24999999999999822, 3.550317603477629731E-31, 12.24999999999999822 ) ) ;
#1941 = VERTEX_POINT ( 'NONE', #3394 ) ;
#1942 = DIRECTION ( 'NONE',  ( 0.000000000000000000, -1.000000000000000000, 0.000000000000000000 ) ) ;
#1943 = ORIENTED_EDGE ( 'NONE', *, *, #2426, .F. ) ;
#1944 = ADVANCED_FACE ( 'NONE', ( #251 ), #3719, .F. ) ;
#1945 = CARTESIAN_POINT ( 'NONE',  ( -1.849999999999999201, 3.099999999999999201, 12.49999999999999645 ) ) ;
#1946 = CARTESIAN_POINT ( 'NONE',  ( 14.74999999999999645, 2.196699141100881381, 4.500000000000003553 ) ) ;
#1947 = VERTEX_POINT ( 'NONE', #270 ) ;
#1948 = CARTESIAN_POINT ( 'NONE',  ( 0.9499999999999981792, -12.50000000000000000, 8.499999999999998224 ) ) ;
#1949 = CLOSED_SHELL ( 'NONE', ( #1314, #2247, #3082 ) ) ;
#1950 = ORIENTED_EDGE ( 'NONE', *, *, #1204, .F. ) ;
#1951 = CARTESIAN_POINT ( 'NONE',  ( 4.000000000000000000, -7.000000000000000888, 0.000000000000000000 ) ) ;
#1952 = DIRECTION ( 'NONE',  ( 1.000000000000000000, -0.000000000000000000, 0.000000000000000000 ) ) ;
#1953 = CARTESIAN_POINT ( 'NONE',  ( 2.449999999999998401, -6.499999999999999112, 9.000000000000000000 ) ) ;
#1954 = CARTESIAN_POINT ( 'NONE',  ( 14.75000000000000000, -3.750000000000000000, 4.500000000000000000 ) ) ;
#1955 = CARTESIAN_POINT ( 'NONE',  ( -18.50000000000000000, -73.48201077753932964, 0.7499999999999611422 ) ) ;
#1956 = VECTOR ( 'NONE', #183, 1000.000000000000000 ) ;
#1957 = EDGE_CURVE ( 'NONE', #3104, #3244, #2480, .T. ) ;
#1958 = VERTEX_POINT ( 'NONE', #1927 ) ;
#1959 = CIRCLE ( 'NONE', #820, 3.750000000000003553 ) ;
#1960 = CARTESIAN_POINT ( 'NONE',  ( -6.999999999999988454, 0.000000000000000000, 13.49999999999999645 ) ) ;
#1961 = VECTOR ( 'NONE', #1148, 1000.000000000000000 ) ;
#1962 = CARTESIAN_POINT ( 'NONE',  ( 5.005000000000003446, -12.40000000000000213, 4.499999999999999112 ) ) ;
#1963 = PRESENTATION_STYLE_ASSIGNMENT (( #3128 ) ) ;
#1964 = COLOUR_RGB ( '',0.7529411764705882248, 0.7529411764705882248, 0.7529411764705882248 ) ;
#1965 = VERTEX_POINT ( 'NONE', #2198 ) ;
#1966 = ADVANCED_FACE ( 'NONE', ( #766 ), #3070, .F. ) ;
#1967 = VECTOR ( 'NONE', #205, 1000.000000000000000 ) ;
#1968 = ADVANCED_FACE ( 'NONE', ( #1059 ), #3090, .F. ) ;
#1969 = EDGE_LOOP ( 'NONE', ( #185, #167, #459, #343, #707, #2002, #2643, #1677, #3680, #2106, #3313, #2409 ) ) ;
#1970 = DIRECTION ( 'NONE',  ( -1.000000000000000000, -0.000000000000000000, 1.927470528863119049E-16 ) ) ;
#1971 = CARTESIAN_POINT ( 'NONE',  ( -2.450000000000002398, -6.500000000000000000, 9.000000000000000000 ) ) ;
#1972 = ADVANCED_FACE ( 'NONE', ( #1418 ), #2881, .F. ) ;
#1973 = EDGE_LOOP ( 'NONE', ( #1471, #762, #2207, #3083 ) ) ;
#1974 = LINE ( 'NONE', #1400, #2436 ) ;
#1975 = EDGE_CURVE ( 'NONE', #2724, #1454, #2591, .T. ) ;
#1976 = VERTEX_POINT ( 'NONE', #2631 ) ;
#1977 = CARTESIAN_POINT ( 'NONE',  ( 3.949999999999998845, -10.50000000000000000, 6.249999999999996447 ) ) ;
#1978 = CARTESIAN_POINT ( 'NONE',  ( -13.99999999999999822, -3.600000000000000977, 13.49999999999999645 ) ) ;
#1979 = LINE ( 'NONE', #583, #195 ) ;
#1980 = DIRECTION ( 'NONE',  ( -1.000000000000000000, 0.000000000000000000, 0.000000000000000000 ) ) ;
#1981 = EDGE_LOOP ( 'NONE', ( #927, #2294, #2293, #396 ) ) ;
#1982 = FACE_OUTER_BOUND ( 'NONE', #431, .T. ) ;
#1983 = VECTOR ( 'NONE', #598, 1000.000000000000000 ) ;
#1984 = DIRECTION ( 'NONE',  ( 0.000000000000000000, -1.000000000000000000, 0.000000000000000000 ) ) ;
#1985 = DIRECTION ( 'NONE',  ( 0.000000000000000000, 0.000000000000000000, 1.000000000000000000 ) ) ;
#1986 = VECTOR ( 'NONE', #924, 1000.000000000000000 ) ;
#1987 = ORIENTED_EDGE ( 'NONE', *, *, #3584, .T. ) ;
#1988 = VERTEX_POINT ( 'NONE', #3170 ) ;
#1989 = EDGE_CURVE ( 'NONE', #629, #533, #1211, .T. ) ;
#1990 = CYLINDRICAL_SURFACE ( 'NONE', #2777, 2.699999999999999289 ) ;
#1991 = EDGE_CURVE ( 'NONE', #2652, #321, #65, .T. ) ;
#1992 = CARTESIAN_POINT ( 'NONE',  ( 13.45000000000000284, -3.100000000000000977, 12.49999999999999645 ) ) ;
#1993 = ORIENTED_EDGE ( 'NONE', *, *, #1292, .F. ) ;
#1994 = CARTESIAN_POINT ( 'NONE',  ( 14.75000000000000000, 4.200000000000000178, 7.199999999999996625 ) ) ;
#1995 = ORIENTED_EDGE ( 'NONE', *, *, #1110, .T. ) ;
#1996 = LINE ( 'NONE', #3157, #264 ) ;
#1997 = DIRECTION ( 'NONE',  ( -0.000000000000000000, -0.000000000000000000, -1.000000000000000000 ) ) ;
#1998 = CARTESIAN_POINT ( 'NONE',  ( -5.004999999999996341, -6.500000000000000000, 3.299999999999995826 ) ) ;
#1999 = CARTESIAN_POINT ( 'NONE',  ( -1.750000000000001998, -7.000000000000000888, 7.049999999999998934 ) ) ;
#2000 = CARTESIAN_POINT ( 'NONE',  ( 1.849999999999996536, -11.00000000000000178, 7.450000000000000178 ) ) ;
#2001 = VECTOR ( 'NONE', #3723, 1000.000000000000000 ) ;
#2002 = ORIENTED_EDGE ( 'NONE', *, *, #1989, .F. ) ;
#2003 = LINE ( 'NONE', #2549, #2509 ) ;
#2004 = VECTOR ( 'NONE', #2518, 1000.000000000000000 ) ;
#2005 = AXIS2_PLACEMENT_3D ( 'NONE', #1122, #850, #3725 ) ;
#2006 = ORIENTED_EDGE ( 'NONE', *, *, #2041, .F. ) ;
#2007 = EDGE_CURVE ( 'NONE', #1688, #3416, #1438, .T. ) ;
#2008 = ORIENTED_EDGE ( 'NONE', *, *, #3715, .F. ) ;
#2009 = DIRECTION ( 'NONE',  ( 1.000000000000000000, 0.000000000000000000, 0.000000000000000000 ) ) ;
#2010 = DIRECTION ( 'NONE',  ( -0.000000000000000000, -0.000000000000000000, 1.000000000000000000 ) ) ;
#2011 = ORIENTED_EDGE ( 'NONE', *, *, #654, .T. ) ;
#2012 = CARTESIAN_POINT ( 'NONE',  ( 8.235899607027294067, 3.099999999999999645, 12.49999999999999645 ) ) ;
#2013 = ORIENTED_EDGE ( 'NONE', *, *, #3311, .F. ) ;
#2014 = CIRCLE ( 'NONE', #1646, 3.388484267524967564 ) ;
#2015 = CARTESIAN_POINT ( 'NONE',  ( -6.499999999999999112, -3.600000000000000977, 11.49999999999999645 ) ) ;
#2016 = LINE ( 'NONE', #3703, #2144 ) ;
#2017 = CARTESIAN_POINT ( 'NONE',  ( -3.950000000000002842, -12.50000000000000000, 6.249999999999997335 ) ) ;
#2018 = VERTEX_POINT ( 'NONE', #2030 ) ;
#2019 = CARTESIAN_POINT ( 'NONE',  ( -16.30330085889910308, 3.749999999999988454, 2.946699141100878716 ) ) ;
#2020 = EDGE_LOOP ( 'NONE', ( #1262, #792, #1221, #1925 ) ) ;
#2021 = EDGE_CURVE ( 'NONE', #3509, #1620, #1729, .T. ) ;
#2022 = AXIS2_PLACEMENT_3D ( 'NONE', #2883, #1157, #3533 ) ;
#2023 = FACE_OUTER_BOUND ( 'NONE', #95, .T. ) ;
#2024 = EDGE_CURVE ( 'NONE', #1908, #1835, #614, .T. ) ;
#2025 = VECTOR ( 'NONE', #3588, 1000.000000000000000 ) ;
#2026 = EDGE_LOOP ( 'NONE', ( #2049, #235, #3223, #2258, #2308, #3497, #1032, #1664, #2600, #435, #2330, #679 ) ) ;
#2027 = ORIENTED_EDGE ( 'NONE', *, *, #1186, .F. ) ;
#2028 = CARTESIAN_POINT ( 'NONE',  ( -6.499999999999999112, -3.600000000000000977, 11.49999999999999645 ) ) ;
#2029 = VECTOR ( 'NONE', #2305, 1000.000000000000000 ) ;
#2030 = CARTESIAN_POINT ( 'NONE',  ( 3.449999999999997957, -10.49999999999999822, 9.000000000000000000 ) ) ;
#2031 = ORIENTED_EDGE ( 'NONE', *, *, #1054, .T. ) ;
#2032 = DIRECTION ( 'NONE',  ( -1.000000000000000000, 0.000000000000000000, 0.000000000000000000 ) ) ;
#2033 = ORIENTED_EDGE ( 'NONE', *, *, #2430, .F. ) ;
#2034 = DIRECTION ( 'NONE',  ( -0.000000000000000000, -0.000000000000000000, 1.000000000000000000 ) ) ;
#2035 = CARTESIAN_POINT ( 'NONE',  ( -2.450000000000000622, -6.500000000000000000, 8.499999999999998224 ) ) ;
#2036 = CARTESIAN_POINT ( 'NONE',  ( 18.50000000000000000, 0.000000000000000000, 0.7499999999999621414 ) ) ;
#2037 = VERTEX_POINT ( 'NONE', #6 ) ;
#2038 = DIRECTION ( 'NONE',  ( 0.000000000000000000, 0.000000000000000000, 1.000000000000000000 ) ) ;
#2039 = VERTEX_POINT ( 'NONE', #1155 ) ;
#2040 = EDGE_CURVE ( 'NONE', #533, #1849, #3225, .T. ) ;
#2041 = EDGE_CURVE ( 'NONE', #3388, #2922, #1437, .T. ) ;
#2042 = LINE ( 'NONE', #2343, #2936 ) ;
#2043 = EDGE_CURVE ( 'NONE', #1790, #834, #2608, .T. ) ;
#2044 = ORIENTED_EDGE ( 'NONE', *, *, #2787, .F. ) ;
#2045 = ORIENTED_EDGE ( 'NONE', *, *, #1086, .F. ) ;
#2046 = CARTESIAN_POINT ( 'NONE',  ( -5.004999999999995453, -12.40000000000000213, 4.499999999999995559 ) ) ;
#2047 = VECTOR ( 'NONE', #2065, 1000.000000000000227 ) ;
#2048 = CARTESIAN_POINT ( 'NONE',  ( 13.45000000000000284, 3.100000000000000977, 12.49999999999999645 ) ) ;
#2049 = ORIENTED_EDGE ( 'NONE', *, *, #3614, .T. ) ;
#2050 = FACE_OUTER_BOUND ( 'NONE', #1969, .T. ) ;
#2051 = ORIENTED_EDGE ( 'NONE', *, *, #241, .T. ) ;
#2052 = CARTESIAN_POINT ( 'NONE',  ( 2.449999999999998401, -6.499999999999999112, 8.499999999999998224 ) ) ;
#2053 = SURFACE_STYLE_FILL_AREA ( #1520 ) ;
#2054 = DIRECTION ( 'NONE',  ( 1.000000000000000000, 1.133806193448893442E-16, -0.000000000000000000 ) ) ;
#2055 = CARTESIAN_POINT ( 'NONE',  ( 3.449999999999998845, -7.000000000000000888, 4.999999999999997335 ) ) ;
#2056 = ORIENTED_EDGE ( 'NONE', *, *, #2148, .T. ) ;
#2057 = PRESENTATION_STYLE_ASSIGNMENT (( #942 ) ) ;
#2058 = ORIENTED_EDGE ( 'NONE', *, *, #1329, .T. ) ;
#2059 = ADVANCED_FACE ( 'NONE', ( #1498 ), #2131, .F. ) ;
#2060 = CARTESIAN_POINT ( 'NONE',  ( -14.75000000000000000, 3.750000000000000000, 0.000000000000000000 ) ) ;
#2061 = VECTOR ( 'NONE', #103, 1000.000000000000000 ) ;
#2062 = ORIENTED_EDGE ( 'NONE', *, *, #1432, .F. ) ;
#2063 = ORIENTED_EDGE ( 'NONE', *, *, #1154, .F. ) ;
#2064 = DIRECTION ( 'NONE',  ( 0.000000000000000000, -1.000000000000000000, 0.000000000000000000 ) ) ;
#2065 = DIRECTION ( 'NONE',  ( -0.5773502691896240657, -0.5773502691896290617, -0.5773502691896240657 ) ) ;
#2066 = VERTEX_POINT ( 'NONE', #1847 ) ;
#2067 = CARTESIAN_POINT ( 'NONE',  ( 18.50000000000000000, 0.000000000000000000, 0.000000000000000000 ) ) ;
#2068 = EDGE_CURVE ( 'NONE', #3058, #2903, #2572, .T. ) ;
#2069 = PLANE ( 'NONE',  #2983 ) ;
#2070 = PRODUCT ( '2Y0A21', '2Y0A21', '', ( #1129 ) ) ;
#2071 = CARTESIAN_POINT ( 'NONE',  ( -14.75000000000000000, -6.500000000000000000, 0.000000000000000000 ) ) ;
#2072 = DIRECTION ( 'NONE',  ( 1.000000000000000000, 0.000000000000000000, -0.000000000000000000 ) ) ;
#2073 = ORIENTED_EDGE ( 'NONE', *, *, #1884, .F. ) ;
#2074 = CARTESIAN_POINT ( 'NONE',  ( 13.45000000000000284, 3.100000000000000977, 12.49999999999999645 ) ) ;
#2075 = AXIS2_PLACEMENT_3D ( 'NONE', #1734, #2280, #1753 ) ;
#2076 = DIRECTION ( 'NONE',  ( 3.252606517456514288E-16, -1.000000000000000000, -0.000000000000000000 ) ) ;
#2077 = DIRECTION ( 'NONE',  ( 0.000000000000000000, 1.000000000000000000, 0.000000000000000000 ) ) ;
#2078 = CARTESIAN_POINT ( 'NONE',  ( 14.75000000000000000, 3.750000000000000000, 4.500000000000000000 ) ) ;
#2079 = ADVANCED_FACE ( 'NONE', ( #2351 ), #918, .T. ) ;
#2080 = VECTOR ( 'NONE', #2959, 1000.000000000000227 ) ;
#2081 = ORIENTED_EDGE ( 'NONE', *, *, #1673, .F. ) ;
#2082 = DIRECTION ( 'NONE',  ( -0.000000000000000000, -0.000000000000000000, -1.000000000000000000 ) ) ;
#2083 = ADVANCED_FACE ( 'NONE', ( #2899 ), #1175, .F. ) ;
#2084 = EDGE_LOOP ( 'NONE', ( #2912, #1930, #1542, #2031 ) ) ;
#2085 = EDGE_CURVE ( 'NONE', #472, #1771, #1782, .T. ) ;
#2086 = DIRECTION ( 'NONE',  ( 0.000000000000000000, -1.000000000000000000, 3.768457298936863297E-16 ) ) ;
#2087 = VECTOR ( 'NONE', #1921, 1000.000000000000227 ) ;
#2088 = FACE_OUTER_BOUND ( 'NONE', #3475, .T. ) ;
#2089 = DIRECTION ( 'NONE',  ( -1.000000000000000000, -1.133806193448893442E-16, 0.000000000000000000 ) ) ;
#2090 = ADVANCED_FACE ( 'NONE', ( #1480, #48 ), #2940, .F. ) ;
#2091 = SURFACE_STYLE_USAGE ( .BOTH. , #2356 ) ;
#2092 = VECTOR ( 'NONE', #3399, 1000.000000000000000 ) ;
#2093 = EDGE_LOOP ( 'NONE', ( #1605, #1191, #2056, #386 ) ) ;
#2094 =( LENGTH_UNIT ( ) NAMED_UNIT ( * ) SI_UNIT ( .MILLI., .METRE. ) );
#2095 = PRESENTATION_LAYER_ASSIGNMENT (  '', '', ( #1792 ) ) ;
#2096 = VERTEX_POINT ( 'NONE', #2469 ) ;
#2097 = CARTESIAN_POINT ( 'NONE',  ( 9.750000000000001776, 0.000000000000000000, 12.99999999999999645 ) ) ;
#2098 = DIRECTION ( 'NONE',  ( 0.000000000000000000, 0.000000000000000000, 1.000000000000000000 ) ) ;
#2099 = ORIENTED_EDGE ( 'NONE', *, *, #683, .T. ) ;
#2100 = LINE ( 'NONE', #1816, #2061 ) ;
#2101 = ORIENTED_EDGE ( 'NONE', *, *, #1230, .T. ) ;
#2102 = DIRECTION ( 'NONE',  ( -1.000000000000000000, 0.000000000000000000, 0.000000000000000000 ) ) ;
#2103 = EDGE_CURVE ( 'NONE', #1908, #1475, #3631, .T. ) ;
#2104 = DIRECTION ( 'NONE',  ( 1.133806193448893442E-16, -1.000000000000000000, 0.000000000000000000 ) ) ;
#2105 = LINE ( 'NONE', #1574, #664 ) ;
#2106 = ORIENTED_EDGE ( 'NONE', *, *, #1360, .F. ) ;
#2107 = PLANE ( 'NONE',  #827 ) ;
#2108 = AXIS2_PLACEMENT_3D ( 'NONE', #3501, #1737, #2072 ) ;
#2109 = ORIENTED_EDGE ( 'NONE', *, *, #188, .F. ) ;
#2110 = LINE ( 'NONE', #3235, #1891 ) ;
#2111 = DIRECTION ( 'NONE',  ( 1.000000000000000000, -0.000000000000000000, 0.000000000000000000 ) ) ;
#2112 = VERTEX_POINT ( 'NONE', #3327 ) ;
#2113 = VECTOR ( 'NONE', #64, 1000.000000000000000 ) ;
#2114 = VERTEX_POINT ( 'NONE', #1273 ) ;
#2115 = CARTESIAN_POINT ( 'NONE',  ( 4.000000000000000000, -11.00000000000000178, 7.149999999999997691 ) ) ;
#2116 = FACE_BOUND ( 'NONE', #1973, .T. ) ;
#2117 = EDGE_LOOP ( 'NONE', ( #1396, #1514, #2403, #908 ) ) ;
#2118 = VECTOR ( 'NONE', #597, 1000.000000000000000 ) ;
#2119 = EDGE_CURVE ( 'NONE', #1439, #2973, #2712, .T. ) ;
#2120 = FACE_OUTER_BOUND ( 'NONE', #2284, .T. ) ;
#2121 = DIRECTION ( 'NONE',  ( -0.000000000000000000, 0.000000000000000000, -1.000000000000000000 ) ) ;
#2122 = DIRECTION ( 'NONE',  ( 0.000000000000000000, -1.000000000000000000, 0.000000000000000000 ) ) ;
#2123 = ORIENTED_EDGE ( 'NONE', *, *, #1848, .T. ) ;
#2124 =( NAMED_UNIT ( * ) PLANE_ANGLE_UNIT ( ) SI_UNIT ( $, .RADIAN. ) );
#2125 = VERTEX_POINT ( 'NONE', #3081 ) ;
#2126 = LINE ( 'NONE', #2710, #1836 ) ;
#2127 = EDGE_CURVE ( 'NONE', #1711, #346, #3065, .T. ) ;
#2128 = DIRECTION ( 'NONE',  ( -1.000000000000000000, 0.000000000000000000, 0.000000000000000000 ) ) ;
#2129 = AXIS2_PLACEMENT_3D ( 'NONE', #551, #837, #3459 ) ;
#2130 = EDGE_CURVE ( 'NONE', #3425, #896, #133, .T. ) ;
#2131 = PLANE ( 'NONE',  #2226 ) ;
#2132 = EDGE_CURVE ( 'NONE', #612, #3044, #2431, .T. ) ;
#2133 = ORIENTED_EDGE ( 'NONE', *, *, #3017, .T. ) ;
#2134 = LINE ( 'NONE', #1567, #3328 ) ;
#2135 = CARTESIAN_POINT ( 'NONE',  ( 10.01425896545198135, -3.100000000000001865, 12.15858960880378348 ) ) ;
#2136 = VERTEX_POINT ( 'NONE', #1637 ) ;
#2137 = VECTOR ( 'NONE', #2967, 1000.000000000000000 ) ;
#2138 = CARTESIAN_POINT ( 'NONE',  ( -2.450000000000002398, -6.500000000000000000, 2.681065389609537331 ) ) ;
#2139 = PLANE ( 'NONE',  #901 ) ;
#2140 = EDGE_LOOP ( 'NONE', ( #2878, #1882 ) ) ;
#2141 = DIRECTION ( 'NONE',  ( 1.000000000000000000, 0.000000000000000000, -0.000000000000000000 ) ) ;
#2142 = VECTOR ( 'NONE', #1494, 1000.000000000000000 ) ;
#2143 = DIRECTION ( 'NONE',  ( -0.000000000000000000, 1.000000000000000000, 0.000000000000000000 ) ) ;
#2144 = VECTOR ( 'NONE', #887, 1000.000000000000000 ) ;
#2145 = PLANE ( 'NONE',  #637 ) ;
#2146 = VECTOR ( 'NONE', #1388, 1000.000000000000114 ) ;
#2147 = CARTESIAN_POINT ( 'NONE',  ( -3.450000000000001954, -6.500000000000000000, 8.499999999999998224 ) ) ;
#2148 = EDGE_CURVE ( 'NONE', #2922, #1198, #468, .T. ) ;
#2149 = ADVANCED_FACE ( 'NONE', ( #718 ), #1015, .F. ) ;
#2150 = DIRECTION ( 'NONE',  ( -1.000000000000000000, 0.000000000000000000, -0.000000000000000000 ) ) ;
#2151 =( BOUNDED_CURVE ( )  B_SPLINE_CURVE ( 3, ( #2215, #2519, #1946, #474 ),
 .UNSPECIFIED., .F., .F. ) 
 B_SPLINE_CURVE_WITH_KNOTS ( ( 4, 4 ),
 ( 1.570796326794896780, 3.141592653589793116 ),
 .UNSPECIFIED. ) 
 CURVE ( )  GEOMETRIC_REPRESENTATION_ITEM ( )  RATIONAL_B_SPLINE_CURVE ( ( 1.000000000000000000, 0.8047378541243650485, 0.8047378541243650485, 1.000000000000000000 ) ) 
 REPRESENTATION_ITEM ( '' )  );
#2152 = ORIENTED_EDGE ( 'NONE', *, *, #1456, .T. ) ;
#2153 = DIRECTION ( 'NONE',  ( -0.7071067811865500152, 8.659560562354962440E-17, 0.7071067811865451302 ) ) ;
#2154 = DIRECTION ( 'NONE',  ( 1.000000000000000000, 0.000000000000000000, 0.000000000000000000 ) ) ;
#2155 = ORIENTED_EDGE ( 'NONE', *, *, #628, .T. ) ;
#2156 = CARTESIAN_POINT ( 'NONE',  ( 3.449999999999997957, -6.500000000000000000, 8.499999999999998224 ) ) ;
#2157 = CARTESIAN_POINT ( 'NONE',  ( -14.75000000000000000, 4.200000000000000178, 11.49999999999999645 ) ) ;
#2158 = DIRECTION ( 'NONE',  ( -1.000000000000000000, 0.000000000000000000, 0.000000000000000000 ) ) ;
#2159 = ORIENTED_EDGE ( 'NONE', *, *, #1920, .T. ) ;
#2160 = VECTOR ( 'NONE', #3606, 1000.000000000000000 ) ;
#2161 = CARTESIAN_POINT ( 'NONE',  ( -13.99999999999999822, -3.600000000000000977, 11.49999999999999645 ) ) ;
#2162 = PLANE ( 'NONE',  #329 ) ;
#2163 = VECTOR ( 'NONE', #566, 1000.000000000000000 ) ;
#2164 = DIRECTION ( 'NONE',  ( -0.7071067811865439090, 0.000000000000000000, 0.7071067811865512365 ) ) ;
#2165 = ADVANCED_FACE ( 'NONE', ( #186 ), #1312, .T. ) ;
#2166 = ORIENTED_EDGE ( 'NONE', *, *, #2645, .T. ) ;
#2167 = DIRECTION ( 'NONE',  ( 0.000000000000000000, 0.000000000000000000, -1.000000000000000000 ) ) ;
#2168 = ORIENTED_EDGE ( 'NONE', *, *, #3384, .F. ) ;
#2169 = DIRECTION ( 'NONE',  ( 0.000000000000000000, 0.000000000000000000, 1.000000000000000000 ) ) ;
#2170 = DIRECTION ( 'NONE',  ( 0.000000000000000000, 0.000000000000000000, -1.000000000000000000 ) ) ;
#2171 = ORIENTED_EDGE ( 'NONE', *, *, #3072, .F. ) ;
#2172 = VECTOR ( 'NONE', #3433, 1000.000000000000000 ) ;
#2173 = LINE ( 'NONE', #1058, #1937 ) ;
#2174 = AXIS2_PLACEMENT_3D ( 'NONE', #1076, #765, #1094 ) ;
#2175 = LINE ( 'NONE', #3035, #2647 ) ;
#2176 = ADVANCED_FACE ( 'NONE', ( #3650 ), #168, .F. ) ;
#2177 = ORIENTED_EDGE ( 'NONE', *, *, #3549, .T. ) ;
#2178 = LINE ( 'NONE', #1840, #3657 ) ;
#2179 = AXIS2_PLACEMENT_3D ( 'NONE', #3295, #1534, #1866 ) ;
#2180 = EDGE_LOOP ( 'NONE', ( #2754, #55, #3573 ) ) ;
#2181 = PLANE ( 'NONE',  #3363 ) ;
#2182 = VECTOR ( 'NONE', #3251, 1000.000000000000000 ) ;
#2183 = DIRECTION ( 'NONE',  ( 0.000000000000000000, -0.000000000000000000, 1.000000000000000000 ) ) ;
#2184 = FACE_OUTER_BOUND ( 'NONE', #2020, .T. ) ;
#2185 = AXIS2_PLACEMENT_3D ( 'NONE', #2036, #2598, #3194 ) ;
#2186 = VERTEX_POINT ( 'NONE', #775 ) ;
#2187 = DIRECTION ( 'NONE',  ( -0.000000000000000000, -0.000000000000000000, 1.000000000000000000 ) ) ;
#2188 = EDGE_CURVE ( 'NONE', #2922, #3388, #3545, .T. ) ;
#2189 = AXIS2_PLACEMENT_3D ( 'NONE', #690, #1197, #3516 ) ;
#2190 = VERTEX_POINT ( 'NONE', #1051 ) ;
#2191 = LINE ( 'NONE', #489, #2713 ) ;
#2192 = FACE_OUTER_BOUND ( 'NONE', #1253, .T. ) ;
#2193 = ORIENTED_EDGE ( 'NONE', *, *, #618, .T. ) ;
#2194 = EDGE_CURVE ( 'NONE', #3388, #2037, #1583, .T. ) ;
#2195 = DIRECTION ( 'NONE',  ( -0.000000000000000000, -0.000000000000000000, -1.000000000000000000 ) ) ;
#2196 = EDGE_CURVE ( 'NONE', #1628, #2493, #736, .T. ) ;
#2197 = VECTOR ( 'NONE', #291, 1000.000000000000000 ) ;
#2198 = CARTESIAN_POINT ( 'NONE',  ( -2.349999999999998757, 3.599999999999998757, 13.49999999999999645 ) ) ;
#2199 = VERTEX_POINT ( 'NONE', #3368 ) ;
#2200 =( LENGTH_UNIT ( ) NAMED_UNIT ( * ) SI_UNIT ( .MILLI., .METRE. ) );
#2201 = EDGE_CURVE ( 'NONE', #2652, #2857, #3387, .T. ) ;
#2202 = ORIENTED_EDGE ( 'NONE', *, *, #3658, .T. ) ;
#2203 = PLANE ( 'NONE',  #2477 ) ;
#2204 = PLANE ( 'NONE',  #2666 ) ;
#2205 = DIRECTION ( 'NONE',  ( -1.084202172485504434E-16, -1.000000000000000000, 0.000000000000000000 ) ) ;
#2206 = DIRECTION ( 'NONE',  ( -1.000000000000000000, -0.000000000000000000, 1.927470528863119049E-16 ) ) ;
#2207 = ORIENTED_EDGE ( 'NONE', *, *, #144, .F. ) ;
#2208 = VECTOR ( 'NONE', #3270, 1000.000000000000000 ) ;
#2209 = CARTESIAN_POINT ( 'NONE',  ( 7.050000000000002487, 3.306546357697852747E-16, 12.99999999999999645 ) ) ;
#2210 = VECTOR ( 'NONE', #440, 1000.000000000000000 ) ;
#2211 = EDGE_LOOP ( 'NONE', ( #1422, #1700, #2540, #2824 ) ) ;
#2212 = DIRECTION ( 'NONE',  ( 5.782411586589358625E-17, -0.000000000000000000, 1.000000000000000000 ) ) ;
#2213 = ORIENTED_EDGE ( 'NONE', *, *, #1434, .F. ) ;
#2214 = PLANE ( 'NONE',  #1518 ) ;
#2215 = CARTESIAN_POINT ( 'NONE',  ( 18.50000000000000000, 3.749999999999988898, 0.7499999999999621414 ) ) ;
#2216 = ORIENTED_EDGE ( 'NONE', *, *, #684, .F. ) ;
#2217 = CARTESIAN_POINT ( 'NONE',  ( 10.26853706204801142, 3.100000000000000089, 12.18349399380722708 ) ) ;
#2218 = EDGE_CURVE ( 'NONE', #2667, #135, #3664, .T. ) ;
#2219 = ORIENTED_EDGE ( 'NONE', *, *, #2960, .F. ) ;
#2220 = DIRECTION ( 'NONE',  ( -0.5773502691896240657, 0.5773502691896290617, 0.5773502691896240657 ) ) ;
#2221 = CARTESIAN_POINT ( 'NONE',  ( -13.99999999999999822, -3.600000000000000977, 11.49999999999999645 ) ) ;
#2222 = CARTESIAN_POINT ( 'NONE',  ( -3.450000000000001066, -10.49999999999999822, 8.499999999999998224 ) ) ;
#2223 = CARTESIAN_POINT ( 'NONE',  ( -2.349999999999998757, -3.600000000000001421, 11.49999999999999645 ) ) ;
#2224 = CARTESIAN_POINT ( 'NONE',  ( -3.950000000000002842, -6.500000000000000000, 4.499999999999997335 ) ) ;
#2225 = EDGE_CURVE ( 'NONE', #1119, #2535, #822, .T. ) ;
#2226 = AXIS2_PLACEMENT_3D ( 'NONE', #1766, #633, #3290 ) ;
#2227 = EDGE_LOOP ( 'NONE', ( #17, #1026, #2617, #1769 ) ) ;
#2228 = CARTESIAN_POINT ( 'NONE',  ( 9.750000000000001776, 0.000000000000000000, 11.49999999999999645 ) ) ;
#2229 = EDGE_CURVE ( 'NONE', #834, #57, #151, .T. ) ;
#2230 = ORIENTED_EDGE ( 'NONE', *, *, #1557, .F. ) ;
#2231 = DIRECTION ( 'NONE',  ( 0.000000000000000000, 0.000000000000000000, -1.000000000000000000 ) ) ;
#2232 = LINE ( 'NONE', #1681, #1529 ) ;
#2233 = ORIENTED_EDGE ( 'NONE', *, *, #866, .F. ) ;
#2234 = DIRECTION ( 'NONE',  ( -1.000000000000000000, 0.000000000000000000, 0.000000000000000000 ) ) ;
#2235 = CARTESIAN_POINT ( 'NONE',  ( 18.50000000000000000, -3.750000000000017319, 0.7499999999999611422 ) ) ;
#2236 = VERTEX_POINT ( 'NONE', #1960 ) ;
#2237 = CARTESIAN_POINT ( 'NONE',  ( -2.250000000000001776, -7.000000000000000888, 7.049999999999998934 ) ) ;
#2238 = EDGE_CURVE ( 'NONE', #1988, #1628, #2003, .T. ) ;
#2239 = VERTEX_POINT ( 'NONE', #2874 ) ;
#2240 = VECTOR ( 'NONE', #1020, 1000.000000000000000 ) ;
#2241 = FACE_OUTER_BOUND ( 'NONE', #2612, .T. ) ;
#2242 = CARTESIAN_POINT ( 'NONE',  ( 9.750000000000001776, 0.000000000000000000, 9.458999999999994301 ) ) ;
#2243 = LINE ( 'NONE', #772, #1956 ) ;
#2244 = DIRECTION ( 'NONE',  ( 0.000000000000000000, 0.000000000000000000, -1.000000000000000000 ) ) ;
#2245 = FACE_OUTER_BOUND ( 'NONE', #29, .T. ) ;
#2246 = ORIENTED_EDGE ( 'NONE', *, *, #2043, .T. ) ;
#2247 = ADVANCED_FACE ( 'NONE', ( #2023 ), #1431, .T. ) ;
#2248 = DIRECTION ( 'NONE',  ( -1.000000000000000000, -0.000000000000000000, -0.000000000000000000 ) ) ;
#2249 = EDGE_CURVE ( 'NONE', #3053, #3473, #1, .T. ) ;
#2250 = DIRECTION ( 'NONE',  ( 1.000000000000000000, 0.000000000000000000, 0.000000000000000000 ) ) ;
#2251 = CARTESIAN_POINT ( 'NONE',  ( 4.000000000000000000, -11.00000000000000178, 7.149999999999997691 ) ) ;
#2252 = APPLICATION_PROTOCOL_DEFINITION ( 'draft international standard', 'automotive_design', 1998, #2634 ) ;
#2253 = ORIENTED_EDGE ( 'NONE', *, *, #2127, .F. ) ;
#2254 = COLOUR_RGB ( '',0.7529411764705882248, 0.7529411764705882248, 0.7529411764705882248 ) ;
#2255 = EDGE_LOOP ( 'NONE', ( #1145, #1922, #1087, #3186 ) ) ;
#2256 = CARTESIAN_POINT ( 'NONE',  ( 14.75000000000000000, 6.500000000000000000, 7.199999999999996625 ) ) ;
#2257 = DIRECTION ( 'NONE',  ( 0.000000000000000000, 0.000000000000000000, -1.000000000000000000 ) ) ;
#2258 = ORIENTED_EDGE ( 'NONE', *, *, #907, .T. ) ;
#2259 = CARTESIAN_POINT ( 'NONE',  ( 9.485741034548020423, 3.100000000000000089, 12.15858960880377992 ) ) ;
#2260 = ORIENTED_EDGE ( 'NONE', *, *, #3202, .F. ) ;
#2261 = CARTESIAN_POINT ( 'NONE',  ( -13.99999999999999822, 3.599999999999999201, 13.49999999999999645 ) ) ;
#2262 = DIRECTION ( 'NONE',  ( 0.000000000000000000, -1.000000000000000000, 0.000000000000000000 ) ) ;
#2263 = FACE_OUTER_BOUND ( 'NONE', #2084, .T. ) ;
#2264 = CARTESIAN_POINT ( 'NONE',  ( -14.74999999999999645, 2.196699141100880937, 4.500000000000002665 ) ) ;
#2265 = VECTOR ( 'NONE', #232, 1000.000000000000227 ) ;
#2266 = ORIENTED_EDGE ( 'NONE', *, *, #1808, .T. ) ;
#2267 = FACE_OUTER_BOUND ( 'NONE', #1666, .T. ) ;
#2268 = EDGE_CURVE ( 'NONE', #364, #1941, #3711, .T. ) ;
#2269 = ADVANCED_FACE ( 'NONE', ( #2267 ), #2603, .F. ) ;
#2270 = AXIS2_PLACEMENT_3D ( 'NONE', #265, #2986, #2953 ) ;
#2271 = AXIS2_PLACEMENT_3D ( 'NONE', #2926, #2905, #1181 ) ;
#2272 = ORIENTED_EDGE ( 'NONE', *, *, #3488, .F. ) ;
#2273 = CIRCLE ( 'NONE', #2998, 3.750000000000003553 ) ;
#2274 = VERTEX_POINT ( 'NONE', #570 ) ;
#2275 = DIRECTION ( 'NONE',  ( 1.000000000000000000, 0.000000000000000000, 0.000000000000000000 ) ) ;
#2276 = LINE ( 'NONE', #1627, #2954 ) ;
#2277 = ORIENTED_EDGE ( 'NONE', *, *, #260, .T. ) ;
#2278 = DIRECTION ( 'NONE',  ( 0.000000000000000000, -2.017120320903264442E-16, 1.000000000000000000 ) ) ;
#2279 = VERTEX_POINT ( 'NONE', #1723 ) ;
#2280 = DIRECTION ( 'NONE',  ( -0.000000000000000000, -0.000000000000000000, 1.000000000000000000 ) ) ;
#2281 = CARTESIAN_POINT ( 'NONE',  ( -2.250000000000001776, -10.90000000000000213, 7.049999999999998934 ) ) ;
#2282 = LINE ( 'NONE', #851, #3749 ) ;
#2283 = DIRECTION ( 'NONE',  ( 1.000000000000000000, 0.000000000000000000, 0.000000000000000000 ) ) ;
#2284 = EDGE_LOOP ( 'NONE', ( #3191, #292 ) ) ;
#2285 = LINE ( 'NONE', #1701, #2029 ) ;
#2286 = EDGE_CURVE ( 'NONE', #577, #2659, #223, .T. ) ;
#2287 = AXIS2_PLACEMENT_3D ( 'NONE', #906, #331, #16 ) ;
#2288 = VECTOR ( 'NONE', #3462, 1000.000000000000000 ) ;
#2289 = VERTEX_POINT ( 'NONE', #2834 ) ;
#2290 = ORIENTED_EDGE ( 'NONE', *, *, #2971, .F. ) ;
#2291 = CARTESIAN_POINT ( 'NONE',  ( 9.750000000000001776, 0.000000000000000000, 9.458999999999994301 ) ) ;
#2292 = CARTESIAN_POINT ( 'NONE',  ( -13.99999999999999822, 3.599999999999999201, 11.49999999999999645 ) ) ;
#2293 = ORIENTED_EDGE ( 'NONE', *, *, #1777, .F. ) ;
#2294 = ORIENTED_EDGE ( 'NONE', *, *, #2641, .F. ) ;
#2295 = CARTESIAN_POINT ( 'NONE',  ( 2.249999999999998224, -7.000000000000000888, 7.049999999999998934 ) ) ;
#2296 = LINE ( 'NONE', #868, #1603 ) ;
#2297 = EDGE_CURVE ( 'NONE', #1399, #2602, #3405, .T. ) ;
#2298 = DIRECTION ( 'NONE',  ( 0.000000000000000000, -1.000000000000000000, 0.000000000000000000 ) ) ;
#2299 = DIRECTION ( 'NONE',  ( -0.000000000000000000, 0.000000000000000000, -1.000000000000000000 ) ) ;
#2300 = ORIENTED_EDGE ( 'NONE', *, *, #1531, .F. ) ;
#2301 = FACE_OUTER_BOUND ( 'NONE', #341, .T. ) ;
#2302 = VECTOR ( 'NONE', #2220, 1000.000000000000227 ) ;
#2303 = UNCERTAINTY_MEASURE_WITH_UNIT (LENGTH_MEASURE( 1.000000000000000082E-05 ), #277, 'distance_accuracy_value', 'NONE');
#2304 = VERTEX_POINT ( 'NONE', #1659 ) ;
#2305 = DIRECTION ( 'NONE',  ( 0.7071067811865439090, 0.000000000000000000, -0.7071067811865512365 ) ) ;
#2306 = AXIS2_PLACEMENT_3D ( 'NONE', #2138, #986, #1263 ) ;
#2307 = VECTOR ( 'NONE', #984, 1000.000000000000227 ) ;
#2308 = ORIENTED_EDGE ( 'NONE', *, *, #506, .T. ) ;
#2309 = EDGE_LOOP ( 'NONE', ( #475, #3304, #2895, #2732, #1259, #2193 ) ) ;
#2310 = DIRECTION ( 'NONE',  ( -0.000000000000000000, -0.000000000000000000, 1.000000000000000000 ) ) ;
#2311 = ORIENTED_EDGE ( 'NONE', *, *, #3025, .F. ) ;
#2312 = CARTESIAN_POINT ( 'NONE',  ( -1.750000000000001998, -7.000000000000000888, 7.549999999999998934 ) ) ;
#2313 = EDGE_CURVE ( 'NONE', #1976, #2340, #2285, .T. ) ;
#2314 = ORIENTED_EDGE ( 'NONE', *, *, #1038, .T. ) ;
#2315 = STYLED_ITEM ( 'NONE', ( #1963 ), #452 ) ;
#2316 = EDGE_CURVE ( 'NONE', #667, #1226, #2566, .T. ) ;
#2317 = DIRECTION ( 'NONE',  ( 1.927470528863119049E-16, -0.000000000000000000, 1.000000000000000000 ) ) ;
#2318 = CARTESIAN_POINT ( 'NONE',  ( 0.9499999999999981792, -12.50000000000000000, 2.681065389609537331 ) ) ;
#2319 = CARTESIAN_POINT ( 'NONE',  ( 0.000000000000000000, -12.50000000000000000, 0.000000000000000000 ) ) ;
#2320 = CARTESIAN_POINT ( 'NONE',  ( 3.449999999999997957, -6.499999999999999112, 9.000000000000000000 ) ) ;
#2321 = ORIENTED_EDGE ( 'NONE', *, *, #38, .T. ) ;
#2322 = CARTESIAN_POINT ( 'NONE',  ( 0.000000000000000000, -7.000000000000000888, 0.000000000000000000 ) ) ;
#2323 = EDGE_CURVE ( 'NONE', #1938, #1608, #301, .T. ) ;
#2324 = ORIENTED_EDGE ( 'NONE', *, *, #3708, .T. ) ;
#2325 = CIRCLE ( 'NONE', #2679, 1.600000000000000755 ) ;
#2326 = PLANE ( 'NONE',  #2997 ) ;
#2327 =( GEOMETRIC_REPRESENTATION_CONTEXT ( 3 ) GLOBAL_UNCERTAINTY_ASSIGNED_CONTEXT ( ( #2788 ) ) GLOBAL_UNIT_ASSIGNED_CONTEXT ( ( #161, #2124, #127 ) ) REPRESENTATION_CONTEXT ( 'NONE', 'WORKASPACE' ) );
#2328 = VERTEX_POINT ( 'NONE', #3486 ) ;
#2329 = VECTOR ( 'NONE', #2248, 1000.000000000000000 ) ;
#2330 = ORIENTED_EDGE ( 'NONE', *, *, #2980, .F. ) ;
#2331 = LINE ( 'NONE', #3471, #2911 ) ;
#2332 = CARTESIAN_POINT ( 'NONE',  ( 14.75000000000000000, 6.500000000000000000, 7.199999999999996625 ) ) ;
#2333 = EDGE_LOOP ( 'NONE', ( #3046, #1356, #1839, #1333 ) ) ;
#2334 = DIRECTION ( 'NONE',  ( 1.000000000000000000, 0.000000000000000000, -0.000000000000000000 ) ) ;
#2335 = ORIENTED_EDGE ( 'NONE', *, *, #1023, .T. ) ;
#2336 = DIRECTION ( 'NONE',  ( 0.000000000000000000, 0.000000000000000000, 1.000000000000000000 ) ) ;
#2337 =( LENGTH_UNIT ( ) NAMED_UNIT ( * ) SI_UNIT ( .MILLI., .METRE. ) );
#2338 = CARTESIAN_POINT ( 'NONE',  ( -1.750000000000001998, -11.00000000000000178, 7.049999999999998934 ) ) ;
#2339 = FACE_OUTER_BOUND ( 'NONE', #1523, .T. ) ;
#2340 = VERTEX_POINT ( 'NONE', #283 ) ;
#2341 = DIRECTION ( 'NONE',  ( -3.252606517456514288E-16, 1.000000000000000000, -0.000000000000000000 ) ) ;
#2342 = EDGE_LOOP ( 'NONE', ( #323, #2388, #2707, #2975 ) ) ;
#2343 = CARTESIAN_POINT ( 'NONE',  ( -14.75000000000000000, -6.500000000000000000, 7.199999999999996625 ) ) ;
#2344 = PRODUCT_DEFINITION_SHAPE ( 'NONE', 'NONE',  #1829 ) ;
#2345 = EDGE_CURVE ( 'NONE', #2018, #1608, #1449, .T. ) ;
#2346 = EDGE_LOOP ( 'NONE', ( #300, #3634, #3391, #1648 ) ) ;
#2347 = AXIS2_PLACEMENT_3D ( 'NONE', #2800, #3472, #1135 ) ;
#2348 = ORIENTED_EDGE ( 'NONE', *, *, #2746, .F. ) ;
#2349 = DIRECTION ( 'NONE',  ( -0.000000000000000000, -0.000000000000000000, 1.000000000000000000 ) ) ;
#2350 = VECTOR ( 'NONE', #2507, 1000.000000000000000 ) ;
#2351 = FACE_OUTER_BOUND ( 'NONE', #2140, .T. ) ;
#2352 = ORIENTED_EDGE ( 'NONE', *, *, #1853, .T. ) ;
#2353 = FACE_OUTER_BOUND ( 'NONE', #2468, .T. ) ;
#2354 = DIRECTION ( 'NONE',  ( -0.000000000000000000, -0.000000000000000000, 1.000000000000000000 ) ) ;
#2355 = DIRECTION ( 'NONE',  ( 1.000000000000000000, 0.000000000000000000, -0.000000000000000000 ) ) ;
#2356 = SURFACE_SIDE_STYLE ('',( #1788 ) ) ;
#2357 = ADVANCED_FACE ( 'NONE', ( #2854 ), #2326, .T. ) ;
#2358 = ORIENTED_EDGE ( 'NONE', *, *, #3435, .F. ) ;
#2359 = FACE_OUTER_BOUND ( 'NONE', #805, .T. ) ;
#2360 = LINE ( 'NONE', #355, #18 ) ;
#2361 = CARTESIAN_POINT ( 'NONE',  ( 9.750000000000001776, 0.000000000000000000, 11.49999999999999645 ) ) ;
#2362 = CARTESIAN_POINT ( 'NONE',  ( 18.50000000000000000, -56.15737076847621267, 0.7499999999999611422 ) ) ;
#2363 = EDGE_CURVE ( 'NONE', #1569, #956, #3426, .T. ) ;
#2364 = EDGE_CURVE ( 'NONE', #786, #1152, #813, .T. ) ;
#2365 = COLOUR_RGB ( '',0.7529411764705882248, 0.7529411764705882248, 0.7529411764705882248 ) ;
#2366 = ORIENTED_EDGE ( 'NONE', *, *, #116, .F. ) ;
#2367 = EDGE_CURVE ( 'NONE', #2186, #2453, #1678, .T. ) ;
#2368 = ORIENTED_EDGE ( 'NONE', *, *, #958, .T. ) ;
#2369 = LINE ( 'NONE', #2401, #132 ) ;
#2370 = ADVANCED_FACE ( 'NONE', ( #1982 ), #3689, .F. ) ;
#2371 = CARTESIAN_POINT ( 'NONE',  ( 9.750000000000001776, 0.000000000000000000, 11.49999999999999645 ) ) ;
#2372 = VERTEX_POINT ( 'NONE', #358 ) ;
#2373 = DIRECTION ( 'NONE',  ( 0.000000000000000000, 3.768457298936863297E-16, 1.000000000000000000 ) ) ;
#2374 = LINE ( 'NONE', #366, #3274 ) ;
#2375 = LINE ( 'NONE', #2071, #339 ) ;
#2376 = DIRECTION ( 'NONE',  ( -0.7071067811865511255, 0.000000000000000000, 0.7071067811865440200 ) ) ;
#2377 = ORIENTED_EDGE ( 'NONE', *, *, #169, .F. ) ;
#2378 = CARTESIAN_POINT ( 'NONE',  ( 14.75000000000000000, 0.000000000000000000, 0.000000000000000000 ) ) ;
#2379 = AXIS2_PLACEMENT_3D ( 'NONE', #2671, #3319, #1519 ) ;
#2380 = ORIENTED_EDGE ( 'NONE', *, *, #2611, .T. ) ;
#2381 = DIRECTION ( 'NONE',  ( 0.000000000000000000, 0.000000000000000000, -1.000000000000000000 ) ) ;
#2382 = LINE ( 'NONE', #946, #337 ) ;
#2383 = ADVANCED_FACE ( 'NONE', ( #3253 ), #648, .F. ) ;
#2384 = EDGE_CURVE ( 'NONE', #2199, #105, #2695, .T. ) ;
#2385 = AXIS2_PLACEMENT_3D ( 'NONE', #2901, #27, #1784 ) ;
#2386 = ORIENTED_EDGE ( 'NONE', *, *, #303, .T. ) ;
#2387 = CARTESIAN_POINT ( 'NONE',  ( -6.499999999999999112, -3.600000000000000977, 13.49999999999999645 ) ) ;
#2388 = ORIENTED_EDGE ( 'NONE', *, *, #2820, .F. ) ;
#2389 = CARTESIAN_POINT ( 'NONE',  ( 14.75000000000000000, -4.200000000000000178, 11.49999999999999645 ) ) ;
#2390 = VECTOR ( 'NONE', #244, 1000.000000000000000 ) ;
#2391 = CARTESIAN_POINT ( 'NONE',  ( -18.50000000000000000, -3.750000000000016875, 0.7499999999999621414 ) ) ;
#2392 = DIRECTION ( 'NONE',  ( 0.000000000000000000, 0.7071067811865444641, -0.7071067811865505703 ) ) ;
#2393 = AXIS2_PLACEMENT_3D ( 'NONE', #2318, #1952, #2886 ) ;
#2394 = ORIENTED_EDGE ( 'NONE', *, *, #1991, .T. ) ;
#2395 = DIRECTION ( 'NONE',  ( 1.000000000000000000, 0.000000000000000000, -0.000000000000000000 ) ) ;
#2396 = CARTESIAN_POINT ( 'NONE',  ( 0.1499999999999995226, -11.00000000000000178, 0.000000000000000000 ) ) ;
#2397 = CARTESIAN_POINT ( 'NONE',  ( -13.50000000000000888, 3.980102097228909571E-16, 13.49999999999999645 ) ) ;
#2398 = CARTESIAN_POINT ( 'NONE',  ( 3.949999999999998845, -12.50000000000000000, 6.249999999999996447 ) ) ;
#2399 = EDGE_CURVE ( 'NONE', #1958, #3208, #3602, .T. ) ;
#2400 = ORIENTED_EDGE ( 'NONE', *, *, #3041, .F. ) ;
#2401 = CARTESIAN_POINT ( 'NONE',  ( 14.75000000000000000, -6.500000000000000000, 0.000000000000000000 ) ) ;
#2402 = FACE_BOUND ( 'NONE', #2117, .T. ) ;
#2403 = ORIENTED_EDGE ( 'NONE', *, *, #2749, .F. ) ;
#2404 = FACE_OUTER_BOUND ( 'NONE', #2255, .T. ) ;
#2405 = AXIS2_PLACEMENT_3D ( 'NONE', #1114, #557, #1708 ) ;
#2406 = CARTESIAN_POINT ( 'NONE',  ( -3.950000000000002842, -12.50000000000000000, 4.499999999999997335 ) ) ;
#2407 = DIRECTION ( 'NONE',  ( -1.000000000000000000, 0.000000000000000000, 0.000000000000000000 ) ) ;
#2408 = DIRECTION ( 'NONE',  ( -0.000000000000000000, -0.000000000000000000, 1.000000000000000000 ) ) ;
#2409 = ORIENTED_EDGE ( 'NONE', *, *, #2915, .F. ) ;
#2410 = FILL_AREA_STYLE ('',( #143 ) ) ;
#2411 = EDGE_CURVE ( 'NONE', #3404, #859, #912, .T. ) ;
#2412 = ORIENTED_EDGE ( 'NONE', *, *, #3250, .T. ) ;
#2413 = FACE_OUTER_BOUND ( 'NONE', #601, .T. ) ;
#2414 = CARTESIAN_POINT ( 'NONE',  ( 5.005000000000003446, -12.40000000000000213, 3.299999999999998046 ) ) ;
#2415 = VECTOR ( 'NONE', #236, 1000.000000000000227 ) ;
#2416 = VERTEX_POINT ( 'NONE', #3543 ) ;
#2417 = CARTESIAN_POINT ( 'NONE',  ( -2.349999999999998757, -3.600000000000001421, 13.49999999999999645 ) ) ;
#2418 = PLANE ( 'NONE',  #3526 ) ;
#2419 = VERTEX_POINT ( 'NONE', #60 ) ;
#2420 = PLANE ( 'NONE',  #2604 ) ;
#2421 = DIRECTION ( 'NONE',  ( 0.000000000000000000, 0.000000000000000000, 1.000000000000000000 ) ) ;
#2422 = VECTOR ( 'NONE', #3029, 1000.000000000000000 ) ;
#2423 = CARTESIAN_POINT ( 'NONE',  ( 14.75000000000000000, 6.500000000000000000, 7.199999999999996625 ) ) ;
#2424 = ORIENTED_EDGE ( 'NONE', *, *, #1638, .T. ) ;
#2425 = ADVANCED_FACE ( 'NONE', ( #1472 ), #1188, .F. ) ;
#2426 = EDGE_CURVE ( 'NONE', #1947, #1611, #2678, .T. ) ;
#2427 = LINE ( 'NONE', #2221, #1732 ) ;
#2428 = CARTESIAN_POINT ( 'NONE',  ( 3.949999999999998845, -12.50000000000000000, 9.000000000000000000 ) ) ;
#2429 = LINE ( 'NONE', #442, #1899 ) ;
#2430 = EDGE_CURVE ( 'NONE', #742, #1350, #995, .T. ) ;
#2431 = LINE ( 'NONE', #3673, #471 ) ;
#2432 = VERTEX_POINT ( 'NONE', #929 ) ;
#2433 = LINE ( 'NONE', #2974, #69 ) ;
#2434 = CARTESIAN_POINT ( 'NONE',  ( -18.50000000000000000, 0.000000000000000000, 0.7499999999999612532 ) ) ;
#2435 = EDGE_LOOP ( 'NONE', ( #1499, #483, #1394, #1133 ) ) ;
#2436 = VECTOR ( 'NONE', #1079, 1000.000000000000000 ) ;
#2437 = VECTOR ( 'NONE', #1874, 1000.000000000000000 ) ;
#2438 = DIRECTION ( 'NONE',  ( 0.000000000000000000, 1.000000000000000000, 0.000000000000000000 ) ) ;
#2439 = FACE_OUTER_BOUND ( 'NONE', #1137, .T. ) ;
#2440 = LINE ( 'NONE', #2979, #608 ) ;
#2441 = ORIENTED_EDGE ( 'NONE', *, *, #2701, .T. ) ;
#2442 = CARTESIAN_POINT ( 'NONE',  ( 3.949999999999998845, -12.50000000000000000, 4.499999999999998224 ) ) ;
#2443 = EDGE_CURVE ( 'NONE', #2675, #3189, #98, .T. ) ;
#2444 = VECTOR ( 'NONE', #1205, 1000.000000000000000 ) ;
#2445 = CARTESIAN_POINT ( 'NONE',  ( 3.449999999999997957, -10.49999999999999822, 2.681065389609537331 ) ) ;
#2446 = AXIS2_PLACEMENT_3D ( 'NONE', #1787, #2392, #2946 ) ;
#2447 = LINE ( 'NONE', #2766, #3236 ) ;
#2448 = VECTOR ( 'NONE', #317, 1000.000000000000000 ) ;
#2449 = DIRECTION ( 'NONE',  ( 1.000000000000000000, 0.000000000000000000, 0.000000000000000000 ) ) ;
#2450 = ORIENTED_EDGE ( 'NONE', *, *, #82, .F. ) ;
#2451 = DIRECTION ( 'NONE',  ( -1.000000000000000000, -0.000000000000000000, 1.927470528863119049E-16 ) ) ;
#2452 = ADVANCED_FACE ( 'NONE', ( #375, #610 ), #3218, .F. ) ;
#2453 = VERTEX_POINT ( 'NONE', #1224 ) ;
#2454 = FACE_OUTER_BOUND ( 'NONE', #1764, .T. ) ;
#2455 = CARTESIAN_POINT ( 'NONE',  ( 3.449999999999998845, -12.50000000000000000, 4.999999999999997335 ) ) ;
#2456 = ORIENTED_EDGE ( 'NONE', *, *, #1762, .F. ) ;
#2457 = LINE ( 'NONE', #821, #3633 ) ;
#2458 = LINE ( 'NONE', #3303, #1918 ) ;
#2459 = ORIENTED_EDGE ( 'NONE', *, *, #1010, .F. ) ;
#2460 = CARTESIAN_POINT ( 'NONE',  ( 3.449999999999998845, -7.000000000000000888, 8.499999999999998224 ) ) ;
#2461 = AXIS2_PLACEMENT_3D ( 'NONE', #25, #1749, #325 ) ;
#2462 = EDGE_LOOP ( 'NONE', ( #548, #3074, #309, #1255 ) ) ;
#2463 = CARTESIAN_POINT ( 'NONE',  ( 0.000000000000000000, -11.00000000000000178, 7.149999999999997691 ) ) ;
#2464 = EDGE_CURVE ( 'NONE', #2918, #2475, #2382, .T. ) ;
#2465 = DIRECTION ( 'NONE',  ( -1.000000000000000000, -0.000000000000000000, -0.000000000000000000 ) ) ;
#2466 = AXIS2_PLACEMENT_3D ( 'NONE', #2785, #3138, #3745 ) ;
#2467 = LINE ( 'NONE', #994, #2875 ) ;
#2468 = EDGE_LOOP ( 'NONE', ( #1898, #2551 ) ) ;
#2469 = CARTESIAN_POINT ( 'NONE',  ( 3.949999999999998845, -12.50000000000000000, 9.000000000000000000 ) ) ;
#2470 = EDGE_CURVE ( 'NONE', #1908, #2199, #2913, .T. ) ;
#2471 = ADVANCED_FACE ( 'NONE', ( #665 ), #2968, .F. ) ;
#2472 = ORIENTED_EDGE ( 'NONE', *, *, #2820, .T. ) ;
#2473 = PLANE ( 'NONE',  #1931 ) ;
#2474 = PLANE ( 'NONE',  #2179 ) ;
#2475 = VERTEX_POINT ( 'NONE', #2398 ) ;
#2476 = ADVANCED_FACE ( 'NONE', ( #3561 ), #962, .T. ) ;
#2477 = AXIS2_PLACEMENT_3D ( 'NONE', #3378, #787, #2827 ) ;
#2478 = CARTESIAN_POINT ( 'NONE',  ( 6.186067977499789095, -12.50000000000000000, 7.249999999999997335 ) ) ;
#2479 = VECTOR ( 'NONE', #781, 1000.000000000000000 ) ;
#2480 = LINE ( 'NONE', #3639, #1309 ) ;
#2481 = ORIENTED_EDGE ( 'NONE', *, *, #2297, .F. ) ;
#2482 = DIRECTION ( 'NONE',  ( -0.000000000000000000, 0.000000000000000000, -1.000000000000000000 ) ) ;
#2483 = ORIENTED_EDGE ( 'NONE', *, *, #1501, .F. ) ;
#2484 = DIRECTION ( 'NONE',  ( 0.000000000000000000, -0.000000000000000000, 1.000000000000000000 ) ) ;
#2485 = CARTESIAN_POINT ( 'NONE',  ( -18.50000000000000000, -3.750000000000016875, 0.7499999999999621414 ) ) ;
#2486 = DIRECTION ( 'NONE',  ( 1.000000000000000000, 0.000000000000000000, 0.000000000000000000 ) ) ;
#2487 = CARTESIAN_POINT ( 'NONE',  ( 1.749999999999998002, -7.000000000000000888, 7.049999999999998934 ) ) ;
#2488 = VERTEX_POINT ( 'NONE', #2644 ) ;
#2489 = DIRECTION ( 'NONE',  ( 0.000000000000000000, 0.000000000000000000, -1.000000000000000000 ) ) ;
#2490 = AXIS2_PLACEMENT_3D ( 'NONE', #3000, #1073, #1555 ) ;
#2491 = VERTEX_POINT ( 'NONE', #1258 ) ;
#2492 = PLANE ( 'NONE',  #3216 ) ;
#2493 = VERTEX_POINT ( 'NONE', #3575 ) ;
#2494 = EDGE_CURVE ( 'NONE', #3385, #2659, #2042, .T. ) ;
#2495 = LINE ( 'NONE', #3393, #1702 ) ;
#2496 = EDGE_CURVE ( 'NONE', #889, #2818, #697, .T. ) ;
#2497 = VECTOR ( 'NONE', #1818, 1000.000000000000000 ) ;
#2498 = DIRECTION ( 'NONE',  ( 0.000000000000000000, 0.000000000000000000, -1.000000000000000000 ) ) ;
#2499 = VERTEX_POINT ( 'NONE', #3042 ) ;
#2500 = CARTESIAN_POINT ( 'NONE',  ( 10.01161705464991236, 3.100000000000000089, 12.14995170495729582 ) ) ;
#2501 = STYLED_ITEM ( 'NONE', ( #1909 ), #2914 ) ;
#2502 = VERTEX_POINT ( 'NONE', #733 ) ;
#2503 = LINE ( 'NONE', #478, #1139 ) ;
#2504 = PLANE ( 'NONE',  #2568 ) ;
#2505 = EDGE_CURVE ( 'NONE', #336, #1506, #1846, .T. ) ;
#2506 = LINE ( 'NONE', #1617, #1656 ) ;
#2507 = DIRECTION ( 'NONE',  ( -0.000000000000000000, -1.000000000000000000, -0.000000000000000000 ) ) ;
#2508 = CARTESIAN_POINT ( 'NONE',  ( -10.24999999999999822, 0.000000000000000000, 13.49999999999999645 ) ) ;
#2509 = VECTOR ( 'NONE', #3143, 1000.000000000000000 ) ;
#2510 = ORIENTED_EDGE ( 'NONE', *, *, #1432, .T. ) ;
#2511 = VECTOR ( 'NONE', #1599, 1000.000000000000000 ) ;
#2512 = CARTESIAN_POINT ( 'NONE',  ( 6.186067977499788206, -10.50000000000000000, 6.249999999999996447 ) ) ;
#2513 = ORIENTED_EDGE ( 'NONE', *, *, #3196, .T. ) ;
#2514 = LINE ( 'NONE', #1641, #3152 ) ;
#2515 = CARTESIAN_POINT ( 'NONE',  ( 0.9499999999999981792, -12.50000000000000000, 2.681065389609537331 ) ) ;
#2516 = EDGE_CURVE ( 'NONE', #2236, #3182, #1291, .T. ) ;
#2517 = EDGE_LOOP ( 'NONE', ( #2930, #3256, #3735, #1575 ) ) ;
#2518 = DIRECTION ( 'NONE',  ( -0.000000000000000000, -1.000000000000000000, -0.000000000000000000 ) ) ;
#2519 = CARTESIAN_POINT ( 'NONE',  ( 16.30330085889910308, 3.749999999999988010, 2.946699141100879604 ) ) ;
#2520 = ORIENTED_EDGE ( 'NONE', *, *, #494, .F. ) ;
#2521 = CARTESIAN_POINT ( 'NONE',  ( 5.005000000000003446, -12.40000000000000213, 3.299999999999998046 ) ) ;
#2522 = ADVANCED_FACE ( 'NONE', ( #3628 ), #647, .F. ) ;
#2523 = ORIENTED_EDGE ( 'NONE', *, *, #2989, .T. ) ;
#2524 =( LENGTH_UNIT ( ) NAMED_UNIT ( * ) SI_UNIT ( .MILLI., .METRE. ) );
#2525 = CARTESIAN_POINT ( 'NONE',  ( -2.150000000000003464, -11.00000000000000178, 7.149999999999997691 ) ) ;
#2526 = FACE_OUTER_BOUND ( 'NONE', #1080, .T. ) ;
#2527 =( NAMED_UNIT ( * ) PLANE_ANGLE_UNIT ( ) SI_UNIT ( $, .RADIAN. ) );
#2528 = VECTOR ( 'NONE', #289, 1000.000000000000000 ) ;
#2529 = EDGE_CURVE ( 'NONE', #3653, #3509, #1030, .T. ) ;
#2530 = AXIS2_PLACEMENT_3D ( 'NONE', #996, #2167, #2150 ) ;
#2531 = ORIENTED_EDGE ( 'NONE', *, *, #2313, .T. ) ;
#2532 = CARTESIAN_POINT ( 'NONE',  ( 6.186067977499789095, -10.50000000000000000, 7.249999999999997335 ) ) ;
#2533 = DIRECTION ( 'NONE',  ( -1.000000000000000000, 0.000000000000000000, 0.000000000000000000 ) ) ;
#2534 =( NAMED_UNIT ( * ) SI_UNIT ( $, .STERADIAN. ) SOLID_ANGLE_UNIT ( ) );
#2535 = VERTEX_POINT ( 'NONE', #3006 ) ;
#2536 = FACE_OUTER_BOUND ( 'NONE', #2517, .T. ) ;
#2537 = CARTESIAN_POINT ( 'NONE',  ( -3.450000000000001954, -7.000000000000000888, 8.499999999999998224 ) ) ;
#2538 = VERTEX_POINT ( 'NONE', #977 ) ;
#2539 = CARTESIAN_POINT ( 'NONE',  ( -3.950000000000002842, -6.500000000000000000, 4.499999999999997335 ) ) ;
#2540 = ORIENTED_EDGE ( 'NONE', *, *, #1920, .F. ) ;
#2541 = VECTOR ( 'NONE', #3028, 1000.000000000000000 ) ;
#2542 = LINE ( 'NONE', #3059, #2415 ) ;
#2543 = DIRECTION ( 'NONE',  ( -0.000000000000000000, -0.000000000000000000, 1.000000000000000000 ) ) ;
#2544 = PLANE ( 'NONE',  #2005 ) ;
#2545 = ADVANCED_FACE ( 'NONE', ( #409 ), #1896, .F. ) ;
#2546 = CARTESIAN_POINT ( 'NONE',  ( -3.450000000000001066, -10.49999999999999822, 2.681065389609537331 ) ) ;
#2547 = EDGE_CURVE ( 'NONE', #2289, #935, #2429, .T. ) ;
#2548 = ORIENTED_EDGE ( 'NONE', *, *, #1905, .T. ) ;
#2549 = CARTESIAN_POINT ( 'NONE',  ( 13.45000000000000284, -3.100000000000000977, 13.49999999999999645 ) ) ;
#2550 = FILL_AREA_STYLE ('',( #1662 ) ) ;
#2551 = ORIENTED_EDGE ( 'NONE', *, *, #3103, .T. ) ;
#2552 = ORIENTED_EDGE ( 'NONE', *, *, #793, .T. ) ;
#2553 = CARTESIAN_POINT ( 'NONE',  ( -2.250000000000001776, -11.00000000000000178, 7.549999999999998934 ) ) ;
#2554 = DIRECTION ( 'NONE',  ( 0.000000000000000000, 1.000000000000000000, 0.000000000000000000 ) ) ;
#2555 = ORIENTED_EDGE ( 'NONE', *, *, #1843, .F. ) ;
#2556 = FACE_OUTER_BOUND ( 'NONE', #2897, .T. ) ;
#2557 = ORIENTED_EDGE ( 'NONE', *, *, #2363, .T. ) ;
#2558 = DIRECTION ( 'NONE',  ( -1.000000000000000000, 0.000000000000000000, 0.000000000000000000 ) ) ;
#2559 = LINE ( 'NONE', #3461, #1768 ) ;
#2560 = CARTESIAN_POINT ( 'NONE',  ( -6.499999999999999112, -3.600000000000000977, 13.49999999999999645 ) ) ;
#2561 = ADVANCED_FACE ( 'NONE', ( #1271 ), #1288, .F. ) ;
#2562 = CARTESIAN_POINT ( 'NONE',  ( 0.000000000000000000, -6.500000000000000000, 0.000000000000000000 ) ) ;
#2563 = AXIS2_PLACEMENT_3D ( 'NONE', #3514, #2373, #2086 ) ;
#2564 = ORIENTED_EDGE ( 'NONE', *, *, #2753, .T. ) ;
#2565 = CARTESIAN_POINT ( 'NONE',  ( 1.749999999999998002, -11.00000000000000178, 7.049999999999998934 ) ) ;
#2566 = CIRCLE ( 'NONE', #1352, 3.750000000000000000 ) ;
#2567 = DIRECTION ( 'NONE',  ( 1.000000000000000000, 0.000000000000000000, 5.782411586589357392E-17 ) ) ;
#2568 = AXIS2_PLACEMENT_3D ( 'NONE', #2445, #1284, #1009 ) ;
#2569 = ORIENTED_EDGE ( 'NONE', *, *, #3271, .T. ) ;
#2570 = EDGE_CURVE ( 'NONE', #3473, #2924, #2467, .T. ) ;
#2571 = CARTESIAN_POINT ( 'NONE',  ( -2.150000000000003464, -11.00000000000000178, 7.450000000000000178 ) ) ;
#2572 = LINE ( 'NONE', #3738, #3682 ) ;
#2573 = ORIENTED_EDGE ( 'NONE', *, *, #1745, .T. ) ;
#2574 = CARTESIAN_POINT ( 'NONE',  ( -6.499999999999999112, 3.599999999999999645, 13.49999999999999645 ) ) ;
#2575 = VERTEX_POINT ( 'NONE', #3079 ) ;
#2576 = DIRECTION ( 'NONE',  ( -0.000000000000000000, 1.000000000000000000, -0.000000000000000000 ) ) ;
#2577 = CARTESIAN_POINT ( 'NONE',  ( 13.95000000000000462, -3.599999999999999201, 13.49999999999999645 ) ) ;
#2578 = LINE ( 'NONE', #2455, #2721 ) ;
#2579 = CARTESIAN_POINT ( 'NONE',  ( 18.50000000000000000, -3.750000000000000000, 4.500000000000000000 ) ) ;
#2580 = ORIENTED_EDGE ( 'NONE', *, *, #2201, .T. ) ;
#2581 = PLANE ( 'NONE',  #3731 ) ;
#2582 = EDGE_CURVE ( 'NONE', #1454, #3220, #3063, .T. ) ;
#2583 = EDGE_LOOP ( 'NONE', ( #1730, #2819, #200, #1669 ) ) ;
#2584 = DIRECTION ( 'NONE',  ( 0.000000000000000000, 0.000000000000000000, -1.000000000000000000 ) ) ;
#2585 = VECTOR ( 'NONE', #517, 1000.000000000000000 ) ;
#2586 = ORIENTED_EDGE ( 'NONE', *, *, #3384, .T. ) ;
#2587 = EDGE_CURVE ( 'NONE', #2432, #1098, #3611, .T. ) ;
#2588 = ADVANCED_FACE ( 'NONE', ( #1563 ), #214, .F. ) ;
#2589 = ORIENTED_EDGE ( 'NONE', *, *, #3665, .F. ) ;
#2590 = LINE ( 'NONE', #574, #1819 ) ;
#2591 = LINE ( 'NONE', #881, #2528 ) ;
#2592 = ADVANCED_FACE ( 'NONE', ( #2184 ), #3344, .F. ) ;
#2593 = ORIENTED_EDGE ( 'NONE', *, *, #3312, .F. ) ;
#2594 = CARTESIAN_POINT ( 'NONE',  ( 13.95000000000000462, -3.600000000000000089, 11.49999999999999645 ) ) ;
#2595 = ORIENTED_EDGE ( 'NONE', *, *, #972, .T. ) ;
#2596 = CARTESIAN_POINT ( 'NONE',  ( -18.50000000000000000, -1.387778780781445676E-14, 0.7499999999999621414 ) ) ;
#2597 = PLANE ( 'NONE',  #2271 ) ;
#2598 = DIRECTION ( 'NONE',  ( 0.000000000000000000, 0.000000000000000000, 1.000000000000000000 ) ) ;
#2599 = PLANE ( 'NONE',  #2287 ) ;
#2600 = ORIENTED_EDGE ( 'NONE', *, *, #534, .F. ) ;
#2601 = VECTOR ( 'NONE', #2697, 1000.000000000000227 ) ;
#2602 = VERTEX_POINT ( 'NONE', #714 ) ;
#2603 = PLANE ( 'NONE',  #1113 ) ;
#2604 = AXIS2_PLACEMENT_3D ( 'NONE', #2719, #2104, #1539 ) ;
#2605 = CIRCLE ( 'NONE', #2185, 1.600000000000000755 ) ;
#2606 = EDGE_LOOP ( 'NONE', ( #1296, #2424, #2386, #2757 ) ) ;
#2607 = DIRECTION ( 'NONE',  ( -1.000000000000000000, -0.000000000000000000, -0.000000000000000000 ) ) ;
#2608 = LINE ( 'NONE', #898, #173 ) ;
#2609 = EDGE_LOOP ( 'NONE', ( #3457, #2859, #941 ) ) ;
#2610 = CARTESIAN_POINT ( 'NONE',  ( -2.250000000000001776, -11.00000000000000178, 7.049999999999998934 ) ) ;
#2611 = EDGE_CURVE ( 'NONE', #914, #180, #2786, .T. ) ;
#2612 = EDGE_LOOP ( 'NONE', ( #497, #1190, #838, #2368 ) ) ;
#2613 = DIRECTION ( 'NONE',  ( -1.000000000000000000, 0.000000000000000000, 0.000000000000000000 ) ) ;
#2614 = FACE_OUTER_BOUND ( 'NONE', #1902, .T. ) ;
#2615 = LINE ( 'NONE', #1143, #1220 ) ;
#2616 = FACE_OUTER_BOUND ( 'NONE', #2227, .T. ) ;
#2617 = ORIENTED_EDGE ( 'NONE', *, *, #2662, .F. ) ;
#2618 = LINE ( 'NONE', #1199, #1604 ) ;
#2619 = EDGE_CURVE ( 'NONE', #2114, #2274, #1861, .T. ) ;
#2620 = ORIENTED_EDGE ( 'NONE', *, *, #128, .F. ) ;
#2621 = CIRCLE ( 'NONE', #2736, 3.450000000000015721 ) ;
#2622 = DIRECTION ( 'NONE',  ( 1.000000000000000000, 0.000000000000000000, 0.000000000000000000 ) ) ;
#2623 = AXIS2_PLACEMENT_3D ( 'NONE', #3092, #216, #3113 ) ;
#2624 = ORIENTED_EDGE ( 'NONE', *, *, #308, .F. ) ;
#2625 = AXIS2_PLACEMENT_3D ( 'NONE', #758, #794, #1900 ) ;
#2626 = EDGE_CURVE ( 'NONE', #1185, #2018, #2727, .T. ) ;
#2627 = VECTOR ( 'NONE', #1160, 1000.000000000000000 ) ;
#2628 = EDGE_LOOP ( 'NONE', ( #1758, #2321, #2123, #3467, #3147 ) ) ;
#2629 = LINE ( 'NONE', #2046, #2172 ) ;
#2630 = AXIS2_PLACEMENT_3D ( 'NONE', #2562, #504, #547 ) ;
#2631 = CARTESIAN_POINT ( 'NONE',  ( 14.75000000000000000, -3.750000000000017319, 4.500000000000000000 ) ) ;
#2632 = ORIENTED_EDGE ( 'NONE', *, *, #1131, .T. ) ;
#2633 = LINE ( 'NONE', #1801, #2990 ) ;
#2634 = APPLICATION_CONTEXT ( 'automotive_design' ) ;
#2635 = ORIENTED_EDGE ( 'NONE', *, *, #260, .F. ) ;
#2636 = DIRECTION ( 'NONE',  ( -0.000000000000000000, -0.000000000000000000, -1.000000000000000000 ) ) ;
#2637 = DIRECTION ( 'NONE',  ( 0.000000000000000000, 0.000000000000000000, -1.000000000000000000 ) ) ;
#2638 = PLANE ( 'NONE',  #1508 ) ;
#2639 = ORIENTED_EDGE ( 'NONE', *, *, #1464, .F. ) ;
#2640 = DIRECTION ( 'NONE',  ( 0.000000000000000000, -1.000000000000000000, 0.000000000000000000 ) ) ;
#2641 = EDGE_CURVE ( 'NONE', #1941, #589, #3022, .T. ) ;
#2642 = ADVANCED_FACE ( 'NONE', ( #3161 ), #791, .F. ) ;
#2643 = ORIENTED_EDGE ( 'NONE', *, *, #234, .T. ) ;
#2644 = CARTESIAN_POINT ( 'NONE',  ( -1.849999999999999201, 3.099999999999999201, 12.49999999999999645 ) ) ;
#2645 = EDGE_CURVE ( 'NONE', #3279, #3012, #298, .T. ) ;
#2646 = ORIENTED_EDGE ( 'NONE', *, *, #1793, .T. ) ;
#2647 = VECTOR ( 'NONE', #2122, 1000.000000000000000 ) ;
#2648 = ORIENTED_EDGE ( 'NONE', *, *, #3715, .T. ) ;
#2649 = CARTESIAN_POINT ( 'NONE',  ( -14.75000000000000000, -4.200000000000000178, 11.49999999999999645 ) ) ;
#2650 = VECTOR ( 'NONE', #34, 1000.000000000000000 ) ;
#2651 = DIRECTION ( 'NONE',  ( 1.000000000000000000, 0.000000000000000000, 0.000000000000000000 ) ) ;
#2652 = VERTEX_POINT ( 'NONE', #586 ) ;
#2653 = DIRECTION ( 'NONE',  ( -1.000000000000000000, 0.000000000000000000, 0.000000000000000000 ) ) ;
#2654 = DIRECTION ( 'NONE',  ( 0.000000000000000000, 0.000000000000000000, -1.000000000000000000 ) ) ;
#2655 = CARTESIAN_POINT ( 'NONE',  ( 13.45000000000000284, 3.100000000000000977, 12.49999999999999645 ) ) ;
#2656 = CARTESIAN_POINT ( 'NONE',  ( -3.950000000000002842, -12.50000000000000000, 4.499999999999997335 ) ) ;
#2657 = ORIENTED_EDGE ( 'NONE', *, *, #3567, .T. ) ;
#2658 = SURFACE_STYLE_FILL_AREA ( #2674 ) ;
#2659 = VERTEX_POINT ( 'NONE', #1697 ) ;
#2660 = ADVANCED_FACE ( 'NONE', ( #1447, #567 ), #3443, .T. ) ;
#2661 = DIRECTION ( 'NONE',  ( -1.000000000000000000, -1.330309414092643285E-16, 0.000000000000000000 ) ) ;
#2662 = EDGE_CURVE ( 'NONE', #1353, #629, #2811, .T. ) ;
#2663 = DIRECTION ( 'NONE',  ( 1.000000000000000000, -0.000000000000000000, 1.097926250618232273E-16 ) ) ;
#2664 = VECTOR ( 'NONE', #2153, 1000.000000000000114 ) ;
#2665 = VECTOR ( 'NONE', #1667, 1000.000000000000000 ) ;
#2666 = AXIS2_PLACEMENT_3D ( 'NONE', #3342, #1345, #2765 ) ;
#2667 = VERTEX_POINT ( 'NONE', #833 ) ;
#2668 = CYLINDRICAL_SURFACE ( 'NONE', #3456, 3.750000000000003553 ) ;
#2669 = EDGE_LOOP ( 'NONE', ( #2166, #1810, #692, #3330, #3598, #756 ) ) ;
#2670 = LINE ( 'NONE', #1482, #2197 ) ;
#2671 = CARTESIAN_POINT ( 'NONE',  ( 0.000000000000000000, 0.000000000000000000, 12.49999999999999645 ) ) ;
#2672 = PLANE ( 'NONE',  #2108 ) ;
#2673 = ORIENTED_EDGE ( 'NONE', *, *, #618, .F. ) ;
#2674 = FILL_AREA_STYLE ('',( #624 ) ) ;
#2675 = VERTEX_POINT ( 'NONE', #2224 ) ;
#2676 = ADVANCED_FACE ( 'NONE', ( #2831 ), #240, .T. ) ;
#2677 = LINE ( 'NONE', #3524, #150 ) ;
#2678 = LINE ( 'NONE', #1547, #2444 ) ;
#2679 = AXIS2_PLACEMENT_3D ( 'NONE', #96, #130, #390 ) ;
#2680 = ORIENTED_EDGE ( 'NONE', *, *, #1691, .T. ) ;
#2681 = LINE ( 'NONE', #2417, #3520 ) ;
#2682 = CARTESIAN_POINT ( 'NONE',  ( -2.250000000000001776, -7.000000000000000888, 7.049999999999998934 ) ) ;
#2683 = ORIENTED_EDGE ( 'NONE', *, *, #2201, .F. ) ;
#2684 = PLANE ( 'NONE',  #3476 ) ;
#2685 = ADVANCED_FACE ( 'NONE', ( #2301 ), #3099, .F. ) ;
#2686 = VECTOR ( 'NONE', #3466, 1000.000000000000000 ) ;
#2687 = DIRECTION ( 'NONE',  ( 0.000000000000000000, -1.000000000000000000, 0.000000000000000000 ) ) ;
#2688 = PRESENTATION_STYLE_ASSIGNMENT (( #108 ) ) ;
#2689 = LINE ( 'NONE', #1301, #2160 ) ;
#2690 = VECTOR ( 'NONE', #1997, 1000.000000000000000 ) ;
#2691 = VERTEX_POINT ( 'NONE', #1655 ) ;
#2692 = FILL_AREA_STYLE ('',( #3054 ) ) ;
#2693 = CARTESIAN_POINT ( 'NONE',  ( 1.749999999999998002, -10.90000000000000213, 7.049999999999998934 ) ) ;
#2694 = DIRECTION ( 'NONE',  ( 0.000000000000000000, 0.000000000000000000, -1.000000000000000000 ) ) ;
#2695 = LINE ( 'NONE', #2933, #2208 ) ;
#2696 = EDGE_LOOP ( 'NONE', ( #3071, #2838, #142, #2632, #121, #1321, #2062, #1739 ) ) ;
#2697 = DIRECTION ( 'NONE',  ( -0.5773502691896240657, -0.5773502691896290617, 0.5773502691896240657 ) ) ;
#2698 = CARTESIAN_POINT ( 'NONE',  ( 9.488382945350091191, -3.100000000000001865, 12.14995170495729759 ) ) ;
#2699 = EDGE_CURVE ( 'NONE', #1315, #667, #2758, .T. ) ;
#2700 = ORIENTED_EDGE ( 'NONE', *, *, #194, .T. ) ;
#2701 = EDGE_CURVE ( 'NONE', #3208, #3154, #871, .T. ) ;
#2702 = VECTOR ( 'NONE', #1466, 1000.000000000000000 ) ;
#2703 = CARTESIAN_POINT ( 'NONE',  ( 2.000000000000000000, -11.00000000000000178, 0.000000000000000000 ) ) ;
#2704 = FACE_OUTER_BOUND ( 'NONE', #1783, .T. ) ;
#2705 = ADVANCED_FACE ( 'NONE', ( #3403 ), #3706, .F. ) ;
#2706 = DIRECTION ( 'NONE',  ( -0.000000000000000000, -1.000000000000000000, -0.000000000000000000 ) ) ;
#2707 = ORIENTED_EDGE ( 'NONE', *, *, #3292, .F. ) ;
#2708 = SURFACE_STYLE_USAGE ( .BOTH. , #1593 ) ;
#2709 = DIRECTION ( 'NONE',  ( -0.000000000000000000, 1.000000000000000000, -0.000000000000000000 ) ) ;
#2710 = CARTESIAN_POINT ( 'NONE',  ( -3.450000000000001954, -10.50000000000000000, 8.499999999999998224 ) ) ;
#2711 = CARTESIAN_POINT ( 'NONE',  ( -2.250000000000001776, -10.90000000000000213, 7.049999999999998934 ) ) ;
#2712 = LINE ( 'NONE', #2512, #1619 ) ;
#2713 = VECTOR ( 'NONE', #3350, 1000.000000000000000 ) ;
#2714 = ORIENTED_EDGE ( 'NONE', *, *, #2971, .T. ) ;
#2715 = DIRECTION ( 'NONE',  ( 0.000000000000000000, 0.000000000000000000, 1.000000000000000000 ) ) ;
#2716 = ADVANCED_FACE ( 'NONE', ( #2245 ), #2581, .F. ) ;
#2717 = DIRECTION ( 'NONE',  ( 1.000000000000000000, -0.000000000000000000, 1.097926250618232273E-16 ) ) ;
#2718 = ORIENTED_EDGE ( 'NONE', *, *, #1411, .F. ) ;
#2719 = CARTESIAN_POINT ( 'NONE',  ( 13.45000000000000284, -3.100000000000000977, 12.49999999999999645 ) ) ;
#2720 = SURFACE_STYLE_FILL_AREA ( #2550 ) ;
#2721 = VECTOR ( 'NONE', #1834, 1000.000000000000000 ) ;
#2722 = LINE ( 'NONE', #747, #229 ) ;
#2723 = VECTOR ( 'NONE', #2709, 1000.000000000000000 ) ;
#2724 = VERTEX_POINT ( 'NONE', #1104 ) ;
#2725 = DIRECTION ( 'NONE',  ( -0.000000000000000000, -0.000000000000000000, 1.000000000000000000 ) ) ;
#2726 = DIRECTION ( 'NONE',  ( -1.084202172485504434E-16, -1.000000000000000000, 0.000000000000000000 ) ) ;
#2727 = LINE ( 'NONE', #1327, #649 ) ;
#2728 = AXIS2_PLACEMENT_3D ( 'NONE', #673, #2637, #2407 ) ;
#2729 = ADVANCED_FACE ( 'NONE', ( #3421 ), #261, .F. ) ;
#2730 = ORIENTED_EDGE ( 'NONE', *, *, #1018, .T. ) ;
#2731 = DIRECTION ( 'NONE',  ( -0.000000000000000000, -0.000000000000000000, 1.000000000000000000 ) ) ;
#2732 = ORIENTED_EDGE ( 'NONE', *, *, #3025, .T. ) ;
#2733 = CARTESIAN_POINT ( 'NONE',  ( -14.75000000000000000, 4.200000000000000178, 7.199999999999996625 ) ) ;
#2734 = PLANE ( 'NONE',  #1458 ) ;
#2735 = VERTEX_POINT ( 'NONE', #2000 ) ;
#2736 = AXIS2_PLACEMENT_3D ( 'NONE', #1203, #356, #1545 ) ;
#2737 = EDGE_CURVE ( 'NONE', #710, #667, #1718, .T. ) ;
#2738 = CARTESIAN_POINT ( 'NONE',  ( 6.186067977499788206, -12.50000000000000000, 6.249999999999996447 ) ) ;
#2739 = DIRECTION ( 'NONE',  ( 1.000000000000000000, 0.000000000000000000, -0.000000000000000000 ) ) ;
#2740 = VERTEX_POINT ( 'NONE', #1428 ) ;
#2741 = VECTOR ( 'NONE', #3365, 1000.000000000000000 ) ;
#2742 = ORIENTED_EDGE ( 'NONE', *, *, #590, .T. ) ;
#2743 = CARTESIAN_POINT ( 'NONE',  ( -3.450000000000002398, -10.50000000000000000, 6.249999999999997335 ) ) ;
#2744 =( GEOMETRIC_REPRESENTATION_CONTEXT ( 3 ) GLOBAL_UNCERTAINTY_ASSIGNED_CONTEXT ( ( #568 ) ) GLOBAL_UNIT_ASSIGNED_CONTEXT ( ( #2337, #1250, #639 ) ) REPRESENTATION_CONTEXT ( 'NONE', 'WORKASPACE' ) );
#2745 = PLANE ( 'NONE',  #991 ) ;
#2746 = EDGE_CURVE ( 'NONE', #859, #728, #3603, .T. ) ;
#2747 = VECTOR ( 'NONE', #1507, 1000.000000000000000 ) ;
#2748 = CARTESIAN_POINT ( 'NONE',  ( 3.949999999999998845, -6.500000000000000000, 9.000000000000000000 ) ) ;
#2749 = EDGE_CURVE ( 'NONE', #3044, #2882, #3539, .T. ) ;
#2750 = ORIENTED_EDGE ( 'NONE', *, *, #303, .F. ) ;
#2751 = EDGE_CURVE ( 'NONE', #609, #2289, #1524, .T. ) ;
#2752 = CARTESIAN_POINT ( 'NONE',  ( 18.50000000000000000, -56.15737076847621267, 0.7499999999999611422 ) ) ;
#2753 = EDGE_CURVE ( 'NONE', #2981, #2488, #93, .T. ) ;
#2754 = ORIENTED_EDGE ( 'NONE', *, *, #1311, .T. ) ;
#2755 = DIRECTION ( 'NONE',  ( 1.000000000000000000, 0.000000000000000000, 0.000000000000000000 ) ) ;
#2756 = DIRECTION ( 'NONE',  ( -1.000000000000000000, -0.000000000000000000, -0.000000000000000000 ) ) ;
#2757 = ORIENTED_EDGE ( 'NONE', *, *, #3221, .F. ) ;
#2758 =( BOUNDED_CURVE ( )  B_SPLINE_CURVE ( 3, ( #221, #2264, #2019, #1370 ),
 .UNSPECIFIED., .F., .F. ) 
 B_SPLINE_CURVE_WITH_KNOTS ( ( 4, 4 ),
 ( 3.141592653589793116, 4.712388980384689674 ),
 .UNSPECIFIED. ) 
 CURVE ( )  GEOMETRIC_REPRESENTATION_ITEM ( )  RATIONAL_B_SPLINE_CURVE ( ( 1.000000000000000000, 0.8047378541243649375, 0.8047378541243649375, 1.000000000000000000 ) ) 
 REPRESENTATION_ITEM ( '' )  );
#2759 = CARTESIAN_POINT ( 'NONE',  ( -5.004999999999995453, -6.500000000000000000, 4.499999999999995559 ) ) ;
#2760 = DIRECTION ( 'NONE',  ( 0.000000000000000000, 0.000000000000000000, -1.000000000000000000 ) ) ;
#2761 = EDGE_LOOP ( 'NONE', ( #2845, #2639, #882, #3369 ) ) ;
#2762 = CARTESIAN_POINT ( 'NONE',  ( 4.000000000000000000, -11.00000000000000178, 7.450000000000000178 ) ) ;
#2763 = AXIS2_PLACEMENT_3D ( 'NONE', #1077, #2823, #3149 ) ;
#2764 = ORIENTED_EDGE ( 'NONE', *, *, #1240, .T. ) ;
#2765 = DIRECTION ( 'NONE',  ( -1.000000000000000000, 0.000000000000000000, 0.000000000000000000 ) ) ;
#2766 = CARTESIAN_POINT ( 'NONE',  ( 3.949999999999998845, -12.50000000000000000, 7.249999999999997335 ) ) ;
#2767 = VECTOR ( 'NONE', #790, 1000.000000000000000 ) ;
#2768 = DIRECTION ( 'NONE',  ( 1.000000000000000000, 0.000000000000000000, 0.000000000000000000 ) ) ;
#2769 = VERTEX_POINT ( 'NONE', #1491 ) ;
#2770 = EDGE_CURVE ( 'NONE', #2186, #896, #2618, .T. ) ;
#2771 = DIRECTION ( 'NONE',  ( -0.000000000000000000, -0.000000000000000000, 1.000000000000000000 ) ) ;
#2772 = ORIENTED_EDGE ( 'NONE', *, *, #836, .F. ) ;
#2773 = PLANE ( 'NONE',  #3694 ) ;
#2774 = ORIENTED_EDGE ( 'NONE', *, *, #2611, .F. ) ;
#2775 = VECTOR ( 'NONE', #3511, 1000.000000000000000 ) ;
#2776 = CARTESIAN_POINT ( 'NONE',  ( 14.75000000000000000, 3.750000000000000000, 4.500000000000000000 ) ) ;
#2777 = AXIS2_PLACEMENT_3D ( 'NONE', #47, #2349, #2275 ) ;
#2778 = PLANE ( 'NONE',  #1257 ) ;
#2779 = ORIENTED_EDGE ( 'NONE', *, *, #931, .F. ) ;
#2780 = CARTESIAN_POINT ( 'NONE',  ( -1.750000000000001998, -7.000000000000000888, 7.049999999999998934 ) ) ;
#2781 = ORIENTED_EDGE ( 'NONE', *, *, #2229, .F. ) ;
#2782 = CARTESIAN_POINT ( 'NONE',  ( -7.749999999999998224, 0.000000000000000000, 12.20096189432331002 ) ) ;
#2783 = FACE_OUTER_BOUND ( 'NONE', #3179, .T. ) ;
#2784 = DIRECTION ( 'NONE',  ( 0.000000000000000000, 0.000000000000000000, -1.000000000000000000 ) ) ;
#2785 = CARTESIAN_POINT ( 'NONE',  ( 18.50000000000000000, -1.387778780781445676E-14, 5.249999999999963585 ) ) ;
#2786 = LINE ( 'NONE', #464, #1967 ) ;
#2787 = EDGE_CURVE ( 'NONE', #2453, #2340, #2273, .T. ) ;
#2788 = UNCERTAINTY_MEASURE_WITH_UNIT (LENGTH_MEASURE( 1.000000000000000082E-05 ), #161, 'distance_accuracy_value', 'NONE');
#2789 = EDGE_LOOP ( 'NONE', ( #3080, #3197, #3580, #3637 ) ) ;
#2790 = CARTESIAN_POINT ( 'NONE',  ( 12.45000000000000107, 0.000000000000000000, 12.99999999999999645 ) ) ;
#2791 = VECTOR ( 'NONE', #12, 1000.000000000000000 ) ;
#2792 = ORIENTED_EDGE ( 'NONE', *, *, #2411, .T. ) ;
#2793 = CARTESIAN_POINT ( 'NONE',  ( 7.050000000000000711, 3.306546357697854719E-16, 11.49999999999999645 ) ) ;
#2794 = FACE_OUTER_BOUND ( 'NONE', #1629, .T. ) ;
#2795 = DIRECTION ( 'NONE',  ( -5.782411586589357392E-17, 0.000000000000000000, 1.000000000000000000 ) ) ;
#2796 = ORIENTED_EDGE ( 'NONE', *, *, #1456, .F. ) ;
#2797 = ADVANCED_FACE ( 'NONE', ( #1164 ), #2107, .T. ) ;
#2798 = DIRECTION ( 'NONE',  ( -0.000000000000000000, -0.000000000000000000, 1.000000000000000000 ) ) ;
#2799 = VECTOR ( 'NONE', #2985, 1000.000000000000000 ) ;
#2800 = CARTESIAN_POINT ( 'NONE',  ( -0.2500000000000019429, -11.00000000000000178, 7.049999999999998934 ) ) ;
#2801 = EDGE_CURVE ( 'NONE', #3349, #364, #73, .T. ) ;
#2802 = ORIENTED_EDGE ( 'NONE', *, *, #3103, .F. ) ;
#2803 = DIRECTION ( 'NONE',  ( -0.000000000000000000, -0.000000000000000000, 1.000000000000000000 ) ) ;
#2804 = EDGE_CURVE ( 'NONE', #428, #1849, #2910, .T. ) ;
#2805 = VECTOR ( 'NONE', #3698, 1000.000000000000000 ) ;
#2806 = ORIENTED_EDGE ( 'NONE', *, *, #2364, .F. ) ;
#2807 = DIRECTION ( 'NONE',  ( 0.000000000000000000, -0.000000000000000000, -1.000000000000000000 ) ) ;
#2808 = DIRECTION ( 'NONE',  ( 0.000000000000000000, 1.000000000000000000, 0.000000000000000000 ) ) ;
#2809 = CARTESIAN_POINT ( 'NONE',  ( -14.75000000000000000, -6.500000000000000000, 7.199999999999996625 ) ) ;
#2810 = LINE ( 'NONE', #1954, #3446 ) ;
#2811 = LINE ( 'NONE', #1067, #340 ) ;
#2812 = VECTOR ( 'NONE', #131, 1000.000000000000000 ) ;
#2813 = VERTEX_POINT ( 'NONE', #607 ) ;
#2814 = AXIS2_PLACEMENT_3D ( 'NONE', #1757, #909, #3482 ) ;
#2815 = CARTESIAN_POINT ( 'NONE',  ( -1.850000000000000533, -11.00000000000000178, 0.000000000000000000 ) ) ;
#2816 = DIRECTION ( 'NONE',  ( 0.000000000000000000, 1.000000000000000000, 0.000000000000000000 ) ) ;
#2817 = DIRECTION ( 'NONE',  ( 0.000000000000000000, 0.7071067811865444641, -0.7071067811865505703 ) ) ;
#2818 = VERTEX_POINT ( 'NONE', #3249 ) ;
#2819 = ORIENTED_EDGE ( 'NONE', *, *, #304, .T. ) ;
#2820 = EDGE_CURVE ( 'NONE', #2279, #1000, #3519, .T. ) ;
#2821 = CARTESIAN_POINT ( 'NONE',  ( -1.849999999999999201, -3.100000000000002753, 12.49999999999999645 ) ) ;
#2822 = ADVANCED_FACE ( 'NONE', ( #2359 ), #661, .F. ) ;
#2823 = DIRECTION ( 'NONE',  ( -0.000000000000000000, -0.000000000000000000, -1.000000000000000000 ) ) ;
#2824 = ORIENTED_EDGE ( 'NONE', *, *, #3222, .F. ) ;
#2825 = CARTESIAN_POINT ( 'NONE',  ( -1.433333333333339787, -11.71666666666667034, 6.733333333333336057 ) ) ;
#2826 = EDGE_LOOP ( 'NONE', ( #1163, #2718, #735, #3616 ) ) ;
#2827 = DIRECTION ( 'NONE',  ( 0.000000000000000000, -0.000000000000000000, 1.000000000000000000 ) ) ;
#2828 = PLANE ( 'NONE',  #1663 ) ;
#2829 = DIRECTION ( 'NONE',  ( -7.228014483236698528E-16, -0.000000000000000000, -1.000000000000000000 ) ) ;
#2830 =( NAMED_UNIT ( * ) SI_UNIT ( $, .STERADIAN. ) SOLID_ANGLE_UNIT ( ) );
#2831 = FACE_OUTER_BOUND ( 'NONE', #1299, .T. ) ;
#2832 = VECTOR ( 'NONE', #3310, 1000.000000000000000 ) ;
#2833 = VERTEX_POINT ( 'NONE', #1806 ) ;
#2834 = CARTESIAN_POINT ( 'NONE',  ( 5.005000000000003446, -6.500000000000000000, 4.499999999999999112 ) ) ;
#2835 = PLANE ( 'NONE',  #2490 ) ;
#2836 = ORIENTED_EDGE ( 'NONE', *, *, #3184, .F. ) ;
#2837 = ADVANCED_FACE ( 'NONE', ( #352 ), #333, .T. ) ;
#2838 = ORIENTED_EDGE ( 'NONE', *, *, #194, .F. ) ;
#2839 = DIRECTION ( 'NONE',  ( 0.000000000000000000, 0.000000000000000000, -1.000000000000000000 ) ) ;
#2840 = CARTESIAN_POINT ( 'NONE',  ( 6.186067977499788206, -10.50000000000000000, 6.249999999999996447 ) ) ;
#2841 = ORIENTED_EDGE ( 'NONE', *, *, #2699, .T. ) ;
#2842 = DIRECTION ( 'NONE',  ( -1.000000000000000000, -1.330309414092643285E-16, 0.000000000000000000 ) ) ;
#2843 = AXIS2_PLACEMENT_3D ( 'NONE', #3451, #250, #2009 ) ;
#2844 = MANIFOLD_SOLID_BREP ( 'Revolve1', #1949 ) ;
#2845 = ORIENTED_EDGE ( 'NONE', *, *, #2582, .T. ) ;
#2846 = VECTOR ( 'NONE', #176, 1000.000000000000000 ) ;
#2847 = PLANE ( 'NONE',  #855 ) ;
#2848 = CARTESIAN_POINT ( 'NONE',  ( 4.000000000000000000, -11.00000000000000178, 0.000000000000000000 ) ) ;
#2849 = DIRECTION ( 'NONE',  ( 0.7071067811865440200, 0.000000000000000000, 0.7071067811865511255 ) ) ;
#2850 = CARTESIAN_POINT ( 'NONE',  ( 14.75000000000000000, -6.500000000000000000, 7.199999999999996625 ) ) ;
#2851 = DIRECTION ( 'NONE',  ( -0.7071067811865511255, 0.000000000000000000, 0.7071067811865440200 ) ) ;
#2852 = ORIENTED_EDGE ( 'NONE', *, *, #3155, .F. ) ;
#2853 = CIRCLE ( 'NONE', #558, 1.600000000000000755 ) ;
#2854 = FACE_OUTER_BOUND ( 'NONE', #3707, .T. ) ;
#2855 = EDGE_CURVE ( 'NONE', #3, #2903, #334, .T. ) ;
#2856 = PLANE ( 'NONE',  #2129 ) ;
#2857 = VERTEX_POINT ( 'NONE', #1254 ) ;
#2858 = VECTOR ( 'NONE', #3604, 1000.000000000000000 ) ;
#2859 = ORIENTED_EDGE ( 'NONE', *, *, #3734, .T. ) ;
#2860 = LINE ( 'NONE', #1436, #3156 ) ;
#2861 = CARTESIAN_POINT ( 'NONE',  ( -2.450000000000001066, -10.49999999999999822, 2.681065389609537331 ) ) ;
#2862 = ORIENTED_EDGE ( 'NONE', *, *, #2443, .T. ) ;
#2863 = CARTESIAN_POINT ( 'NONE',  ( 13.95000000000000462, 3.600000000000000977, 13.49999999999999645 ) ) ;
#2864 = EDGE_CURVE ( 'NONE', #1409, #3091, #2178, .T. ) ;
#2865 = EDGE_LOOP ( 'NONE', ( #3438, #2352, #2044 ) ) ;
#2866 = DIRECTION ( 'NONE',  ( 1.000000000000000000, 0.000000000000000000, 0.000000000000000000 ) ) ;
#2867 = DIRECTION ( 'NONE',  ( -1.927470528863118802E-16, -0.000000000000000000, -1.000000000000000000 ) ) ;
#2868 = CARTESIAN_POINT ( 'NONE',  ( -14.75000000000000000, -3.750000000000000000, 4.500000000000000000 ) ) ;
#2869 = CARTESIAN_POINT ( 'NONE',  ( -14.75000000000000000, 3.750000000000000000, 4.500000000000000000 ) ) ;
#2870 = AXIS2_PLACEMENT_3D ( 'NONE', #920, #3209, #327 ) ;
#2871 = EDGE_LOOP ( 'NONE', ( #878, #580, #2481, #1774 ) ) ;
#2872 = EDGE_CURVE ( 'NONE', #105, #1475, #1543, .T. ) ;
#2873 = EDGE_CURVE ( 'NONE', #3425, #2453, #1959, .T. ) ;
#2874 = CARTESIAN_POINT ( 'NONE',  ( 1.849999999999996536, -11.00000000000000178, 7.149999999999997691 ) ) ;
#2875 = VECTOR ( 'NONE', #2206, 1000.000000000000000 ) ;
#2876 = EDGE_CURVE ( 'NONE', #1446, #3, #112, .T. ) ;
#2877 = VECTOR ( 'NONE', #146, 1000.000000000000000 ) ;
#2878 = ORIENTED_EDGE ( 'NONE', *, *, #2430, .T. ) ;
#2879 = ORIENTED_EDGE ( 'NONE', *, *, #1154, .T. ) ;
#2880 = CARTESIAN_POINT ( 'NONE',  ( -0.2500000000000019429, -7.000000000000000888, 7.049999999999998934 ) ) ;
#2881 = CYLINDRICAL_SURFACE ( 'NONE', #3201, 1.600000000000000755 ) ;
#2882 = VERTEX_POINT ( 'NONE', #729 ) ;
#2883 = CARTESIAN_POINT ( 'NONE',  ( -2.349999999999998757, -3.600000000000001421, 13.49999999999999645 ) ) ;
#2884 = EDGE_LOOP ( 'NONE', ( #777, #2033, #3470, #1995 ) ) ;
#2885 = LINE ( 'NONE', #312, #3043 ) ;
#2886 = DIRECTION ( 'NONE',  ( 0.000000000000000000, 0.000000000000000000, -1.000000000000000000 ) ) ;
#2887 = DIRECTION ( 'NONE',  ( -1.000000000000000000, -0.000000000000000000, -0.000000000000000000 ) ) ;
#2888 = CARTESIAN_POINT ( 'NONE',  ( 9.750000000000001776, 0.000000000000000000, 12.99999999999999645 ) ) ;
#2889 = EDGE_LOOP ( 'NONE', ( #519, #3750, #3449, #370 ) ) ;
#2890 = DIRECTION ( 'NONE',  ( 1.000000000000000000, 0.000000000000000000, 0.000000000000000000 ) ) ;
#2891 = ORIENTED_EDGE ( 'NONE', *, *, #3266, .F. ) ;
#2892 = DIRECTION ( 'NONE',  ( 1.000000000000000000, 0.000000000000000000, 5.782411586589357392E-17 ) ) ;
#2893 = VECTOR ( 'NONE', #1863, 1000.000000000000000 ) ;
#2894 = EDGE_CURVE ( 'NONE', #1771, #3154, #2934, .T. ) ;
#2895 = ORIENTED_EDGE ( 'NONE', *, *, #2753, .F. ) ;
#2896 = ADVANCED_FACE ( 'NONE', ( #3340 ), #3284, .F. ) ;
#2897 = EDGE_LOOP ( 'NONE', ( #231, #1600, #1377, #585 ) ) ;
#2898 = CARTESIAN_POINT ( 'NONE',  ( -1.849999999999999201, -3.100000000000002753, 13.49999999999999645 ) ) ;
#2899 = FACE_OUTER_BOUND ( 'NONE', #1096, .T. ) ;
#2900 = VERTEX_POINT ( 'NONE', #1008 ) ;
#2901 = CARTESIAN_POINT ( 'NONE',  ( -18.50000000000000000, 0.000000000000000000, 4.500000000000000000 ) ) ;
#2902 = EDGE_CURVE ( 'NONE', #572, #2735, #1576, .T. ) ;
#2903 = VERTEX_POINT ( 'NONE', #1559 ) ;
#2904 = FACE_OUTER_BOUND ( 'NONE', #3241, .T. ) ;
#2905 = DIRECTION ( 'NONE',  ( 0.7071067811865505703, 0.7071067811865444641, 0.000000000000000000 ) ) ;
#2906 = DIRECTION ( 'NONE',  ( -0.4999999999999965583, 6.123233995736724128E-17, 0.8660254037844407060 ) ) ;
#2907 = MANIFOLD_SOLID_BREP ( 'Revolve2', #88 ) ;
#2908 = LINE ( 'NONE', #622, #2702 ) ;
#2909 = ORIENTED_EDGE ( 'NONE', *, *, #2313, .F. ) ;
#2910 = LINE ( 'NONE', #36, #2939 ) ;
#2911 = VECTOR ( 'NONE', #288, 1000.000000000000000 ) ;
#2912 = ORIENTED_EDGE ( 'NONE', *, *, #3595, .T. ) ;
#2913 = LINE ( 'NONE', #115, #2142 ) ;
#2914 = MANIFOLD_SOLID_BREP ( 'Chamfer3', #811 ) ;
#2915 = EDGE_CURVE ( 'NONE', #1506, #2675, #1267, .T. ) ;
#2916 = VECTOR ( 'NONE', #3564, 1000.000000000000000 ) ;
#2917 = ORIENTED_EDGE ( 'NONE', *, *, #3534, .F. ) ;
#2918 = VERTEX_POINT ( 'NONE', #2442 ) ;
#2919 = CARTESIAN_POINT ( 'NONE',  ( 3.449999999999997957, -10.49999999999999822, 8.499999999999998224 ) ) ;
#2920 = ADVANCED_FACE ( 'NONE', ( #253 ), #784, .F. ) ;
#2921 = DIRECTION ( 'NONE',  ( -1.000000000000000000, -1.133806193448893442E-16, 0.000000000000000000 ) ) ;
#2922 = VERTEX_POINT ( 'NONE', #3681 ) ;
#2923 = FACE_OUTER_BOUND ( 'NONE', #138, .T. ) ;
#2924 = VERTEX_POINT ( 'NONE', #1710 ) ;
#2925 = LINE ( 'NONE', #52, #3226 ) ;
#2926 = CARTESIAN_POINT ( 'NONE',  ( -0.1500000000000034361, -11.00000000000000178, 0.000000000000000000 ) ) ;
#2927 = EDGE_CURVE ( 'NONE', #1582, #3112, #540, .T. ) ;
#2928 = FACE_OUTER_BOUND ( 'NONE', #2696, .T. ) ;
#2929 = LINE ( 'NONE', #3517, #3621 ) ;
#2930 = ORIENTED_EDGE ( 'NONE', *, *, #2007, .T. ) ;
#2931 = FACE_OUTER_BOUND ( 'NONE', #1115, .T. ) ;
#2932 = CIRCLE ( 'NONE', #1779, 3.450000000000015721 ) ;
#2933 = CARTESIAN_POINT ( 'NONE',  ( 0.2499999999999980571, -11.00000000000000178, 7.049999999999998934 ) ) ;
#2934 = CIRCLE ( 'NONE', #3291, 3.450000000000015721 ) ;
#2935 = ORIENTED_EDGE ( 'NONE', *, *, #1110, .F. ) ;
#2936 = VECTOR ( 'NONE', #627, 1000.000000000000000 ) ;
#2937 = VERTEX_POINT ( 'NONE', #1420 ) ;
#2938 = LINE ( 'NONE', #1515, #1699 ) ;
#2939 = VECTOR ( 'NONE', #2341, 1000.000000000000000 ) ;
#2940 = PLANE ( 'NONE',  #2530 ) ;
#2941 = EDGE_LOOP ( 'NONE', ( #2394, #783, #2573, #3317 ) ) ;
#2942 = CARTESIAN_POINT ( 'NONE',  ( 2.249999999999998224, -7.000000000000000888, 7.049999999999998934 ) ) ;
#2943 = EDGE_CURVE ( 'NONE', #895, #2502, #1689, .T. ) ;
#2944 = EDGE_CURVE ( 'NONE', #2575, #1582, #498, .T. ) ;
#2945 = LINE ( 'NONE', #2015, #1225 ) ;
#2946 = DIRECTION ( 'NONE',  ( -1.000000000000000000, 0.000000000000000000, 0.000000000000000000 ) ) ;
#2947 = LINE ( 'NONE', #3537, #1986 ) ;
#2948 = VERTEX_POINT ( 'NONE', #1061 ) ;
#2949 = DIRECTION ( 'NONE',  ( 0.000000000000000000, 1.000000000000000000, 0.000000000000000000 ) ) ;
#2950 = ADVANCED_FACE ( 'NONE', ( #3415 ), #560, .F. ) ;
#2951 = DIRECTION ( 'NONE',  ( 0.000000000000000000, 0.000000000000000000, -1.000000000000000000 ) ) ;
#2952 = CARTESIAN_POINT ( 'NONE',  ( -0.2500000000000019429, -7.000000000000000888, 7.049999999999998934 ) ) ;
#2953 = DIRECTION ( 'NONE',  ( 0.000000000000000000, -0.000000000000000000, 1.000000000000000000 ) ) ;
#2954 = VECTOR ( 'NONE', #2554, 1000.000000000000000 ) ;
#2955 = VERTEX_POINT ( 'NONE', #2574 ) ;
#2956 = PLANE ( 'NONE',  #3272 ) ;
#2957 = VECTOR ( 'NONE', #1634, 1000.000000000000000 ) ;
#2958 = EDGE_LOOP ( 'NONE', ( #1381, #1761, #1383, #739 ) ) ;
#2959 = DIRECTION ( 'NONE',  ( -0.5773502691896240657, 0.5773502691896290617, -0.5773502691896240657 ) ) ;
#2960 = EDGE_CURVE ( 'NONE', #1315, #710, #3740, .T. ) ;
#2961 = PLANE ( 'NONE',  #858 ) ;
#2962 = CYLINDRICAL_SURFACE ( 'NONE', #764, 2.700000000000001066 ) ;
#2963 =( LENGTH_UNIT ( ) NAMED_UNIT ( * ) SI_UNIT ( .MILLI., .METRE. ) );
#2964 = ORIENTED_EDGE ( 'NONE', *, *, #1364, .T. ) ;
#2965 = SURFACE_SIDE_STYLE ('',( #2658 ) ) ;
#2966 = ORIENTED_EDGE ( 'NONE', *, *, #1975, .F. ) ;
#2967 = DIRECTION ( 'NONE',  ( 3.252606517456514288E-16, -1.000000000000000000, -0.000000000000000000 ) ) ;
#2968 = PLANE ( 'NONE',  #1486 ) ;
#2969 = VECTOR ( 'NONE', #1631, 1000.000000000000000 ) ;
#2970 = VECTOR ( 'NONE', #228, 1000.000000000000000 ) ;
#2971 = EDGE_CURVE ( 'NONE', #2328, #1965, #3133, .T. ) ;
#2972 = VECTOR ( 'NONE', #2054, 1000.000000000000000 ) ;
#2973 = VERTEX_POINT ( 'NONE', #3375 ) ;
#2974 = CARTESIAN_POINT ( 'NONE',  ( -18.50000000000000000, 3.750000000000000000, 4.500000000000000000 ) ) ;
#2975 = ORIENTED_EDGE ( 'NONE', *, *, #465, .T. ) ;
#2976 = PLANE ( 'NONE',  #3348 ) ;
#2977 = FACE_OUTER_BOUND ( 'NONE', #1322, .T. ) ;
#2978 = DIRECTION ( 'NONE',  ( -1.097926250618232149E-16, 0.000000000000000000, 1.000000000000000000 ) ) ;
#2979 = CARTESIAN_POINT ( 'NONE',  ( 3.449999999999998845, -7.000000000000000888, 8.499999999999998224 ) ) ;
#2980 = EDGE_CURVE ( 'NONE', #1706, #1566, #272, .T. ) ;
#2981 = VERTEX_POINT ( 'NONE', #2012 ) ;
#2982 = DIRECTION ( 'NONE',  ( -1.000000000000000000, -1.133806193448893442E-16, 0.000000000000000000 ) ) ;
#2983 = AXIS2_PLACEMENT_3D ( 'NONE', #1180, #2317, #1442 ) ;
#2984 = ORIENTED_EDGE ( 'NONE', *, *, #2582, .F. ) ;
#2985 = DIRECTION ( 'NONE',  ( 0.000000000000000000, -2.017120320903264442E-16, -1.000000000000000000 ) ) ;
#2986 = DIRECTION ( 'NONE',  ( -0.000000000000000000, 1.000000000000000000, 0.000000000000000000 ) ) ;
#2987 = EDGE_CURVE ( 'NONE', #57, #1409, #844, .T. ) ;
#2988 = VERTEX_POINT ( 'NONE', #2521 ) ;
#2989 = EDGE_CURVE ( 'NONE', #2818, #2575, #1974, .T. ) ;
#2990 = VECTOR ( 'NONE', #3190, 1000.000000000000000 ) ;
#2991 = MECHANICAL_DESIGN_GEOMETRIC_PRESENTATION_REPRESENTATION (  '', ( #2501 ), #2327 ) ;
#2992 = ADVANCED_FACE ( 'NONE', ( #2556 ), #1138, .F. ) ;
#2993 = ORIENTED_EDGE ( 'NONE', *, *, #1165, .F. ) ;
#2994 = DIRECTION ( 'NONE',  ( 1.000000000000000000, 0.000000000000000000, 0.000000000000000000 ) ) ;
#2995 = CARTESIAN_POINT ( 'NONE',  ( 11.26410039297270593, -3.100000000000000977, 12.49999999999999645 ) ) ;
#2996 = ORIENTED_EDGE ( 'NONE', *, *, #2130, .F. ) ;
#2997 = AXIS2_PLACEMENT_3D ( 'NONE', #893, #529, #3101 ) ;
#2998 = AXIS2_PLACEMENT_3D ( 'NONE', #3558, #1468, #957 ) ;
#2999 = CARTESIAN_POINT ( 'NONE',  ( -10.24999999999999822, 0.000000000000000000, 12.24999999999999645 ) ) ;
#3000 = CARTESIAN_POINT ( 'NONE',  ( 3.449999999999998845, -7.000000000000000888, 8.499999999999998224 ) ) ;
#3001 = LINE ( 'NONE', #2423, #117 ) ;
#3002 = ORIENTED_EDGE ( 'NONE', *, *, #354, .T. ) ;
#3003 = SURFACE_STYLE_USAGE ( .BOTH. , #3037 ) ;
#3004 = ORIENTED_EDGE ( 'NONE', *, *, #2801, .F. ) ;
#3005 = LINE ( 'NONE', #1270, #2137 ) ;
#3006 = CARTESIAN_POINT ( 'NONE',  ( -10.24999999999999822, 2.500000000000000000, 12.24999999999999645 ) ) ;
#3007 = DIRECTION ( 'NONE',  ( -1.927470528863118802E-16, -0.000000000000000000, -1.000000000000000000 ) ) ;
#3008 = ORIENTED_EDGE ( 'NONE', *, *, #3592, .T. ) ;
#3009 = CARTESIAN_POINT ( 'NONE',  ( -18.50000000000000000, -1.387778780781445676E-14, 5.249999999999963585 ) ) ;
#3010 = CARTESIAN_POINT ( 'NONE',  ( -13.99999999999999822, -3.600000000000000977, 13.49999999999999645 ) ) ;
#3011 = CIRCLE ( 'NONE', #2763, 1.600000000000000755 ) ;
#3012 = VERTEX_POINT ( 'NONE', #1948 ) ;
#3013 = VECTOR ( 'NONE', #239, 1000.000000000000000 ) ;
#3014 = DIRECTION ( 'NONE',  ( 0.000000000000000000, 1.000000000000000000, 0.000000000000000000 ) ) ;
#3015 = LINE ( 'NONE', #3106, #1099 ) ;
#3016 = LINE ( 'NONE', #3321, #1679 ) ;
#3017 = EDGE_CURVE ( 'NONE', #1055, #1711, #3455, .T. ) ;
#3018 = ORIENTED_EDGE ( 'NONE', *, *, #262, .F. ) ;
#3019 = CARTESIAN_POINT ( 'NONE',  ( 18.50000000000000000, -1.387778780781445676E-14, 0.7499999999999621414 ) ) ;
#3020 = LINE ( 'NONE', #2463, #3424 ) ;
#3021 = CARTESIAN_POINT ( 'NONE',  ( 13.95000000000000462, 3.600000000000000977, 11.49999999999999645 ) ) ;
#3022 = LINE ( 'NONE', #2487, #44 ) ;
#3023 = ORIENTED_EDGE ( 'NONE', *, *, #1570, .T. ) ;
#3024 = DIRECTION ( 'NONE',  ( -0.7071067811865439090, 0.000000000000000000, 0.7071067811865512365 ) ) ;
#3025 = EDGE_CURVE ( 'NONE', #2981, #1771, #1741, .T. ) ;
#3026 = AXIS2_PLACEMENT_3D ( 'NONE', #3691, #1942, #3105 ) ;
#3027 = ORIENTED_EDGE ( 'NONE', *, *, #2229, .T. ) ;
#3028 = DIRECTION ( 'NONE',  ( -1.000000000000000000, 0.000000000000000000, 0.000000000000000000 ) ) ;
#3029 = DIRECTION ( 'NONE',  ( 1.000000000000000000, -0.000000000000000000, 2.599485728236973621E-16 ) ) ;
#3030 = ORIENTED_EDGE ( 'NONE', *, *, #571, .T. ) ;
#3031 = EDGE_CURVE ( 'NONE', #589, #2304, #616, .T. ) ;
#3032 = LINE ( 'NONE', #1232, #2858 ) ;
#3033 = VECTOR ( 'NONE', #2906, 1000.000000000000114 ) ;
#3034 = EDGE_CURVE ( 'NONE', #302, #2818, #347, .T. ) ;
#3035 = CARTESIAN_POINT ( 'NONE',  ( -3.450000000000001954, -7.000000000000000888, 6.249999999999997335 ) ) ;
#3036 = ORIENTED_EDGE ( 'NONE', *, *, #3222, .T. ) ;
#3037 = SURFACE_SIDE_STYLE ('',( #1043 ) ) ;
#3038 = EDGE_CURVE ( 'NONE', #2274, #1569, #3354, .T. ) ;
#3039 = CARTESIAN_POINT ( 'NONE',  ( -18.50000000000000000, -3.750000000000000000, 4.500000000000000000 ) ) ;
#3040 = DIRECTION ( 'NONE',  ( -1.000000000000000000, 0.000000000000000000, -0.000000000000000000 ) ) ;
#3041 = EDGE_CURVE ( 'NONE', #2833, #3693, #883, .T. ) ;
#3042 = CARTESIAN_POINT ( 'NONE',  ( -1.850000000000000533, -11.00000000000000178, 7.450000000000000178 ) ) ;
#3043 = VECTOR ( 'NONE', #2654, 1000.000000000000000 ) ;
#3044 = VERTEX_POINT ( 'NONE', #2594 ) ;
#3045 = CARTESIAN_POINT ( 'NONE',  ( 14.75000000000000000, 3.750000000000000000, 4.500000000000000000 ) ) ;
#3046 = ORIENTED_EDGE ( 'NONE', *, *, #2119, .F. ) ;
#3047 = DIRECTION ( 'NONE',  ( -1.000000000000000000, 0.000000000000000000, 5.782411586589357392E-17 ) ) ;
#3048 = CARTESIAN_POINT ( 'NONE',  ( 2.533333333333318560, -8.616666666666661811, 4.766666666666679042 ) ) ;
#3049 = ORIENTED_EDGE ( 'NONE', *, *, #3311, .T. ) ;
#3050 = VECTOR ( 'NONE', #58, 1000.000000000000000 ) ;
#3051 = PLANE ( 'NONE',  #2174 ) ;
#3052 = DIRECTION ( 'NONE',  ( -0.000000000000000000, -0.000000000000000000, -1.000000000000000000 ) ) ;
#3053 = VERTEX_POINT ( 'NONE', #3474 ) ;
#3054 = FILL_AREA_STYLE_COLOUR ( '', #391 ) ;
#3055 = EDGE_CURVE ( 'NONE', #3408, #2066, #1177, .T. ) ;
#3056 = EDGE_CURVE ( 'NONE', #1611, #3490, #1724, .T. ) ;
#3057 = AXIS2_PLACEMENT_3D ( 'NONE', #1759, #2098, #3200 ) ;
#3058 = VERTEX_POINT ( 'NONE', #8 ) ;
#3059 = CARTESIAN_POINT ( 'NONE',  ( -2.533333333333322557, -8.616666666666661811, 4.766666666666679042 ) ) ;
#3060 = DIRECTION ( 'NONE',  ( 0.000000000000000000, 0.000000000000000000, -1.000000000000000000 ) ) ;
#3061 = CIRCLE ( 'NONE', #43, 3.750000000000000000 ) ;
#3062 = LINE ( 'NONE', #1368, #94 ) ;
#3063 = LINE ( 'NONE', #1635, #2741 ) ;
#3064 = ORIENTED_EDGE ( 'NONE', *, *, #28, .F. ) ;
#3065 = LINE ( 'NONE', #485, #3748 ) ;
#3066 = ORIENTED_EDGE ( 'NONE', *, *, #864, .T. ) ;
#3067 = CARTESIAN_POINT ( 'NONE',  ( 0.000000000000000000, -7.000000000000000888, 0.000000000000000000 ) ) ;
#3068 = ORIENTED_EDGE ( 'NONE', *, *, #2218, .F. ) ;
#3069 = LINE ( 'NONE', #1039, #74 ) ;
#3070 = PLANE ( 'NONE',  #3073 ) ;
#3071 = ORIENTED_EDGE ( 'NONE', *, *, #703, .F. ) ;
#3072 = EDGE_CURVE ( 'NONE', #1242, #1904, #2670, .T. ) ;
#3073 = AXIS2_PLACEMENT_3D ( 'NONE', #1338, #2498, #3661 ) ;
#3074 = ORIENTED_EDGE ( 'NONE', *, *, #1826, .F. ) ;
#3075 = DIRECTION ( 'NONE',  ( -1.000000000000000000, 0.000000000000000000, -3.465980970982632152E-16 ) ) ;
#3076 = CARTESIAN_POINT ( 'NONE',  ( 9.750000000000001776, 0.000000000000000000, 9.458999999999994301 ) ) ;
#3077 = DIRECTION ( 'NONE',  ( -0.000000000000000000, 1.000000000000000000, 0.000000000000000000 ) ) ;
#3078 = CARTESIAN_POINT ( 'NONE',  ( -3.950000000000001954, -12.50000000000000000, 8.999999999999998224 ) ) ;
#3079 = CARTESIAN_POINT ( 'NONE',  ( -2.250000000000001776, -7.000000000000000888, 7.049999999999998934 ) ) ;
#3080 = ORIENTED_EDGE ( 'NONE', *, *, #1638, .F. ) ;
#3081 = CARTESIAN_POINT ( 'NONE',  ( 3.449999999999998845, -12.50000000000000000, 7.249999999999997335 ) ) ;
#3082 = ADVANCED_FACE ( 'NONE', ( #2353 ), #87, .F. ) ;
#3083 = ORIENTED_EDGE ( 'NONE', *, *, #2007, .F. ) ;
#3084 = CARTESIAN_POINT ( 'NONE',  ( -14.74999999999999645, -1.387778780781445676E-14, 4.500000000000002665 ) ) ;
#3085 = DIRECTION ( 'NONE',  ( -0.000000000000000000, -0.000000000000000000, 1.000000000000000000 ) ) ;
#3086 = ORIENTED_EDGE ( 'NONE', *, *, #3708, .F. ) ;
#3087 = VECTOR ( 'NONE', #1374, 1000.000000000000000 ) ;
#3088 = PLANE ( 'NONE',  #1214 ) ;
#3089 = CIRCLE ( 'NONE', #974, 3.541000000000002590 ) ;
#3090 = PLANE ( 'NONE',  #2347 ) ;
#3091 = VERTEX_POINT ( 'NONE', #2389 ) ;
#3092 = CARTESIAN_POINT ( 'NONE',  ( 6.186067977499788206, -12.50000000000000000, 6.249999999999996447 ) ) ;
#3093 = VECTOR ( 'NONE', #1425, 1000.000000000000000 ) ;
#3094 = EDGE_LOOP ( 'NONE', ( #2133, #985, #3357, #3550 ) ) ;
#3095 = LINE ( 'NONE', #3417, #2302 ) ;
#3096 = DIRECTION ( 'NONE',  ( -1.000000000000000000, 0.000000000000000000, -0.000000000000000000 ) ) ;
#3097 = DIRECTION ( 'NONE',  ( 1.000000000000000000, 1.776356839400250465E-15, 0.000000000000000000 ) ) ;
#3098 = SURFACE_STYLE_FILL_AREA ( #1123 ) ;
#3099 = PLANE ( 'NONE',  #2630 ) ;
#3100 = ORIENTED_EDGE ( 'NONE', *, *, #1103, .T. ) ;
#3101 = DIRECTION ( 'NONE',  ( 0.000000000000000000, -0.000000000000000000, -1.000000000000000000 ) ) ;
#3102 = ADVANCED_FACE ( 'NONE', ( #1229 ), #3552, .F. ) ;
#3103 = EDGE_CURVE ( 'NONE', #2535, #1119, #3542, .T. ) ;
#3104 = VERTEX_POINT ( 'NONE', #600 ) ;
#3105 = DIRECTION ( 'NONE',  ( 0.000000000000000000, -0.000000000000000000, -1.000000000000000000 ) ) ;
#3106 = CARTESIAN_POINT ( 'NONE',  ( -14.75000000000000000, -4.200000000000000178, 7.199999999999996625 ) ) ;
#3107 = ORIENTED_EDGE ( 'NONE', *, *, #1378, .T. ) ;
#3108 = ADVANCED_FACE ( 'NONE', ( #2923 ), #952, .F. ) ;
#3109 = LINE ( 'NONE', #2821, #2004 ) ;
#3110 = AXIS2_PLACEMENT_3D ( 'NONE', #754, #3686, #2486 ) ;
#3111 = DIRECTION ( 'NONE',  ( -0.000000000000000000, -1.000000000000000000, -0.000000000000000000 ) ) ;
#3112 = VERTEX_POINT ( 'NONE', #2312 ) ;
#3113 = DIRECTION ( 'NONE',  ( -1.000000000000000000, 0.000000000000000000, 1.927470528863119049E-16 ) ) ;
#3114 = AXIS2_PLACEMENT_3D ( 'NONE', #1649, #2803, #1363 ) ;
#3115 = ORIENTED_EDGE ( 'NONE', *, *, #2132, .T. ) ;
#3116 = PRESENTATION_STYLE_ASSIGNMENT (( #806 ) ) ;
#3117 = FACE_OUTER_BOUND ( 'NONE', #1879, .T. ) ;
#3118 = DIRECTION ( 'NONE',  ( -0.000000000000000000, 1.000000000000000000, -0.000000000000000000 ) ) ;
#3119 = CARTESIAN_POINT ( 'NONE',  ( -5.004999999999996341, -12.40000000000000213, 3.299999999999995826 ) ) ;
#3120 = DIRECTION ( 'NONE',  ( -5.782411586589357392E-17, 0.000000000000000000, 1.000000000000000000 ) ) ;
#3121 = AXIS2_PLACEMENT_3D ( 'NONE', #2752, #446, #3024 ) ;
#3122 = AXIS2_PLACEMENT_3D ( 'NONE', #1405, #848, #2558 ) ;
#3123 = ORIENTED_EDGE ( 'NONE', *, *, #3665, .T. ) ;
#3124 = AXIS2_PLACEMENT_3D ( 'NONE', #3747, #3464, #926 ) ;
#3125 = DIRECTION ( 'NONE',  ( -0.000000000000000000, 1.000000000000000000, -0.000000000000000000 ) ) ;
#3126 = EDGE_CURVE ( 'NONE', #2199, #3104, #2633, .T. ) ;
#3127 = CARTESIAN_POINT ( 'NONE',  ( -3.950000000000001954, -12.50000000000000000, 8.999999999999998224 ) ) ;
#3128 = SURFACE_STYLE_USAGE ( .BOTH. , #3605 ) ;
#3129 = ORIENTED_EDGE ( 'NONE', *, *, #1311, .F. ) ;
#3130 = ORIENTED_EDGE ( 'NONE', *, *, #3056, .F. ) ;
#3131 = DIRECTION ( 'NONE',  ( 5.782411586589358625E-17, -1.000000000000000000, 0.000000000000000000 ) ) ;
#3132 = ORIENTED_EDGE ( 'NONE', *, *, #1251, .T. ) ;
#3133 = LINE ( 'NONE', #2863, #1476 ) ;
#3134 = ORIENTED_EDGE ( 'NONE', *, *, #3126, .F. ) ;
#3135 = CARTESIAN_POINT ( 'NONE',  ( -0.1500000000000034361, -11.00000000000000178, 7.149999999999997691 ) ) ;
#3136 = ADVANCED_FACE ( 'NONE', ( #1751 ), #1731, .T. ) ;
#3137 = FACE_OUTER_BOUND ( 'NONE', #3094, .T. ) ;
#3138 = DIRECTION ( 'NONE',  ( 0.000000000000000000, 0.000000000000000000, -1.000000000000000000 ) ) ;
#3139 = DIRECTION ( 'NONE',  ( 0.000000000000000000, 0.7071067811865444641, 0.7071067811865505703 ) ) ;
#3140 = VECTOR ( 'NONE', #1668, 1000.000000000000000 ) ;
#3141 = AXIS2_PLACEMENT_3D ( 'NONE', #3361, #770, #3075 ) ;
#3142 = ORIENTED_EDGE ( 'NONE', *, *, #110, .F. ) ;
#3143 = DIRECTION ( 'NONE',  ( 0.000000000000000000, 1.000000000000000000, 0.000000000000000000 ) ) ;
#3144 = FACE_OUTER_BOUND ( 'NONE', #2211, .T. ) ;
#3145 = ADVANCED_FACE ( 'NONE', ( #2050 ), #900, .F. ) ;
#3146 = ORIENTED_EDGE ( 'NONE', *, *, #2085, .T. ) ;
#3147 = ORIENTED_EDGE ( 'NONE', *, *, #932, .F. ) ;
#3148 = LINE ( 'NONE', #3224, #969 ) ;
#3149 = DIRECTION ( 'NONE',  ( 1.000000000000000000, 0.000000000000000000, 0.000000000000000000 ) ) ;
#3150 = ORIENTED_EDGE ( 'NONE', *, *, #1594, .F. ) ;
#3151 = DIRECTION ( 'NONE',  ( 0.000000000000000000, 0.000000000000000000, 1.000000000000000000 ) ) ;
#3152 = VECTOR ( 'NONE', #1072, 1000.000000000000000 ) ;
#3153 = EDGE_CURVE ( 'NONE', #3053, #2419, #50, .T. ) ;
#3154 = VERTEX_POINT ( 'NONE', #3260 ) ;
#3155 = EDGE_CURVE ( 'NONE', #1178, #3509, #106, .T. ) ;
#3156 = VECTOR ( 'NONE', #3187, 1000.000000000000000 ) ;
#3157 = CARTESIAN_POINT ( 'NONE',  ( -0.2500000000000019429, -7.000000000000000888, 7.549999999999998934 ) ) ;
#3158 = CARTESIAN_POINT ( 'NONE',  ( 3.949999999999998845, -12.50000000000000000, 9.000000000000000000 ) ) ;
#3159 = DIRECTION ( 'NONE',  ( -7.228014483236698528E-16, -0.000000000000000000, -1.000000000000000000 ) ) ;
#3160 = DIRECTION ( 'NONE',  ( 1.000000000000000000, 0.000000000000000000, -7.228014483236698528E-16 ) ) ;
#3161 = FACE_OUTER_BOUND ( 'NONE', #1060, .T. ) ;
#3162 = ADVANCED_FACE ( 'NONE', ( #2404 ), #2976, .F. ) ;
#3163 =( GEOMETRIC_REPRESENTATION_CONTEXT ( 3 ) GLOBAL_UNCERTAINTY_ASSIGNED_CONTEXT ( ( #1429 ) ) GLOBAL_UNIT_ASSIGNED_CONTEXT ( ( #3352, #3655, #2534 ) ) REPRESENTATION_CONTEXT ( 'NONE', 'WORKASPACE' ) );
#3164 = ORIENTED_EDGE ( 'NONE', *, *, #2068, .T. ) ;
#3165 = DIRECTION ( 'NONE',  ( -1.000000000000000000, 0.000000000000000000, 0.000000000000000000 ) ) ;
#3166 = ORIENTED_EDGE ( 'NONE', *, *, #1084, .T. ) ;
#3167 = VECTOR ( 'NONE', #1091, 1000.000000000000000 ) ;
#3168 = ORIENTED_EDGE ( 'NONE', *, *, #463, .F. ) ;
#3169 = FACE_OUTER_BOUND ( 'NONE', #362, .T. ) ;
#3170 = CARTESIAN_POINT ( 'NONE',  ( 13.45000000000000284, -3.100000000000000977, 13.49999999999999645 ) ) ;
#3171 = ORIENTED_EDGE ( 'NONE', *, *, #1308, .F. ) ;
#3172 = CARTESIAN_POINT ( 'NONE',  ( 11.02308211470818655, 3.099999999999999645, 12.39422438555527073 ) ) ;
#3173 = ORIENTED_EDGE ( 'NONE', *, *, #776, .T. ) ;
#3174 = AXIS2_PLACEMENT_3D ( 'NONE', #3343, #1011, #1598 ) ;
#3175 = CARTESIAN_POINT ( 'NONE',  ( 2.149999999999999467, -11.00000000000000178, 7.450000000000000178 ) ) ;
#3176 = DIRECTION ( 'NONE',  ( -0.5773502691896240657, -0.5773502691896290617, 0.5773502691896240657 ) ) ;
#3177 = FACE_OUTER_BOUND ( 'NONE', #2889, .T. ) ;
#3178 = LINE ( 'NONE', #605, #1074 ) ;
#3179 = EDGE_LOOP ( 'NONE', ( #209, #2099, #676, #1448 ) ) ;
#3180 = CARTESIAN_POINT ( 'NONE',  ( 3.449999999999998845, -12.50000000000000000, 8.499999999999998224 ) ) ;
#3181 = ADVANCED_FACE ( 'NONE', ( #382 ), #2684, .F. ) ;
#3182 = VERTEX_POINT ( 'NONE', #2397 ) ;
#3183 = VECTOR ( 'NONE', #1390, 1000.000000000000000 ) ;
#3184 = EDGE_CURVE ( 'NONE', #3425, #2274, #1811, .T. ) ;
#3185 = AXIS2_PLACEMENT_3D ( 'NONE', #384, #2355, #2121 ) ;
#3186 = ORIENTED_EDGE ( 'NONE', *, *, #262, .T. ) ;
#3187 = DIRECTION ( 'NONE',  ( -1.000000000000000000, 0.000000000000000000, 0.000000000000000000 ) ) ;
#3188 = CARTESIAN_POINT ( 'NONE',  ( 3.949999999999998845, -6.500000000000000000, 9.000000000000000000 ) ) ;
#3189 = VERTEX_POINT ( 'NONE', #1844 ) ;
#3190 = DIRECTION ( 'NONE',  ( -1.000000000000000000, 0.000000000000000000, 0.000000000000000000 ) ) ;
#3191 = ORIENTED_EDGE ( 'NONE', *, *, #750, .T. ) ;
#3192 = CARTESIAN_POINT ( 'NONE',  ( 3.449999999999998845, -7.000000000000000888, 6.249999999999996447 ) ) ;
#3193 = LINE ( 'NONE', #13, #1241 ) ;
#3194 = DIRECTION ( 'NONE',  ( 1.000000000000000000, 0.000000000000000000, 0.000000000000000000 ) ) ;
#3195 = DIRECTION ( 'NONE',  ( 0.7071067811865440200, 0.000000000000000000, 0.7071067811865511255 ) ) ;
#3196 = EDGE_CURVE ( 'NONE', #1976, #2186, #408, .T. ) ;
#3197 = ORIENTED_EDGE ( 'NONE', *, *, #2316, .F. ) ;
#3198 = DIRECTION ( 'NONE',  ( -1.000000000000000000, -0.000000000000000000, -0.000000000000000000 ) ) ;
#3199 = ORIENTED_EDGE ( 'NONE', *, *, #3155, .T. ) ;
#3200 = DIRECTION ( 'NONE',  ( 1.000000000000000000, 0.000000000000000000, 0.000000000000000000 ) ) ;
#3201 = AXIS2_PLACEMENT_3D ( 'NONE', #1193, #2310, #2651 ) ;
#3202 = EDGE_CURVE ( 'NONE', #215, #899, #3005, .T. ) ;
#3203 = ORIENTED_EDGE ( 'NONE', *, *, #2399, .T. ) ;
#3204 = EDGE_CURVE ( 'NONE', #346, #3112, #2110, .T. ) ;
#3205 = ORIENTED_EDGE ( 'NONE', *, *, #1411, .T. ) ;
#3206 = LINE ( 'NONE', #1455, #245 ) ;
#3207 = CARTESIAN_POINT ( 'NONE',  ( -0.1500000000000034361, -11.00000000000000178, 0.000000000000000000 ) ) ;
#3208 = VERTEX_POINT ( 'NONE', #3308 ) ;
#3209 = DIRECTION ( 'NONE',  ( 0.000000000000000000, -1.000000000000000000, 0.000000000000000000 ) ) ;
#3210 = VERTEX_POINT ( 'NONE', #2097 ) ;
#3211 = DIRECTION ( 'NONE',  ( 0.000000000000000000, 1.000000000000000000, 0.000000000000000000 ) ) ;
#3212 = FACE_OUTER_BOUND ( 'NONE', #2884, .T. ) ;
#3213 = CARTESIAN_POINT ( 'NONE',  ( -3.450000000000001954, -10.50000000000000000, 7.249999999999998224 ) ) ;
#3214 = FILL_AREA_STYLE_COLOUR ( '', #1807 ) ;
#3215 = ORIENTED_EDGE ( 'NONE', *, *, #632, .F. ) ;
#3216 = AXIS2_PLACEMENT_3D ( 'NONE', #3617, #224, #432 ) ;
#3217 = LINE ( 'NONE', #3590, #947 ) ;
#3218 = PLANE ( 'NONE',  #41 ) ;
#3219 = AXIS2_PLACEMENT_3D ( 'NONE', #2338, #1406, #905 ) ;
#3220 = VERTEX_POINT ( 'NONE', #1561 ) ;
#3221 = EDGE_CURVE ( 'NONE', #717, #1685, #3574, .T. ) ;
#3222 = EDGE_CURVE ( 'NONE', #3473, #83, #2126, .T. ) ;
#3223 = ORIENTED_EDGE ( 'NONE', *, *, #1738, .T. ) ;
#3224 = CARTESIAN_POINT ( 'NONE',  ( -0.3333333333333200477, -13.48333333333334139, 4.966666666666681884 ) ) ;
#3225 = LINE ( 'NONE', #3188, #1983 ) ;
#3226 = VECTOR ( 'NONE', #1462, 1000.000000000000000 ) ;
#3227 = EDGE_LOOP ( 'NONE', ( #824, #1109, #1558, #780 ) ) ;
#3228 = CARTESIAN_POINT ( 'NONE',  ( 6.186067977499789095, -12.50000000000000000, 7.249999999999997335 ) ) ;
#3229 = LINE ( 'NONE', #330, #22 ) ;
#3230 = PLANE ( 'NONE',  #3185 ) ;
#3231 = DIRECTION ( 'NONE',  ( -0.000000000000000000, -0.000000000000000000, 1.000000000000000000 ) ) ;
#3232 = ORIENTED_EDGE ( 'NONE', *, *, #3584, .F. ) ;
#3233 = DIRECTION ( 'NONE',  ( 0.000000000000000000, -0.000000000000000000, -1.000000000000000000 ) ) ;
#3234 = LINE ( 'NONE', #1794, #430 ) ;
#3235 = CARTESIAN_POINT ( 'NONE',  ( -1.750000000000001998, -11.00000000000000178, 7.549999999999998934 ) ) ;
#3236 = VECTOR ( 'NONE', #441, 1000.000000000000000 ) ;
#3237 = DIRECTION ( 'NONE',  ( 0.000000000000000000, 0.000000000000000000, 1.000000000000000000 ) ) ;
#3238 = EDGE_CURVE ( 'NONE', #2039, #2136, #2677, .T. ) ;
#3239 = VECTOR ( 'NONE', #1412, 1000.000000000000000 ) ;
#3240 = CIRCLE ( 'NONE', #1294, 3.541000000000002590 ) ;
#3241 = EDGE_LOOP ( 'NONE', ( #1950, #2935, #2441, #1733, #2311, #2483 ) ) ;
#3242 = DIRECTION ( 'NONE',  ( 0.000000000000000000, 0.000000000000000000, -1.000000000000000000 ) ) ;
#3243 = AXIS2_PLACEMENT_3D ( 'NONE', #2546, #3687, #1085 ) ;
#3244 = VERTEX_POINT ( 'NONE', #2952 ) ;
#3245 = DIRECTION ( 'NONE',  ( -0.000000000000000000, -3.768457298936863297E-16, -1.000000000000000000 ) ) ;
#3246 = PLANE ( 'NONE',  #487 ) ;
#3247 = PRESENTATION_STYLE_ASSIGNMENT (( #2091 ) ) ;
#3248 = ORIENTED_EDGE ( 'NONE', *, *, #1843, .T. ) ;
#3249 = CARTESIAN_POINT ( 'NONE',  ( -2.250000000000001776, -10.90000000000000213, 7.049999999999998934 ) ) ;
#3250 = EDGE_CURVE ( 'NONE', #3058, #1446, #2325, .T. ) ;
#3251 = DIRECTION ( 'NONE',  ( 0.000000000000000000, 0.000000000000000000, 1.000000000000000000 ) ) ;
#3252 = DIRECTION ( 'NONE',  ( 0.000000000000000000, 0.000000000000000000, -1.000000000000000000 ) ) ;
#3253 = FACE_OUTER_BOUND ( 'NONE', #3625, .T. ) ;
#3254 = AXIS2_PLACEMENT_3D ( 'NONE', #1556, #1856, #988 ) ;
#3255 = ADVANCED_FACE ( 'NONE', ( #3541 ), #1510, .F. ) ;
#3256 = ORIENTED_EDGE ( 'NONE', *, *, #286, .F. ) ;
#3257 = DIRECTION ( 'NONE',  ( -0.000000000000000000, -0.000000000000000000, -1.000000000000000000 ) ) ;
#3258 = COLOUR_RGB ( '',0.7529411764705882248, 0.7529411764705882248, 0.7529411764705882248 ) ;
#3259 = ORIENTED_EDGE ( 'NONE', *, *, #2699, .F. ) ;
#3260 = CARTESIAN_POINT ( 'NONE',  ( 13.20000000000001705, 0.000000000000000000, 12.49999999999999645 ) ) ;
#3261 = CARTESIAN_POINT ( 'NONE',  ( 12.45000000000000284, 0.000000000000000000, 11.49999999999999645 ) ) ;
#3262 = FACE_OUTER_BOUND ( 'NONE', #2865, .T. ) ;
#3263 = CARTESIAN_POINT ( 'NONE',  ( 14.75000000000000000, 6.500000000000000000, 0.000000000000000000 ) ) ;
#3264 = VERTEX_POINT ( 'NONE', #1795 ) ;
#3265 = DIRECTION ( 'NONE',  ( -0.000000000000000000, 0.000000000000000000, -1.000000000000000000 ) ) ;
#3266 = EDGE_CURVE ( 'NONE', #3490, #1611, #1231, .T. ) ;
#3267 = ADVANCED_FACE ( 'NONE', ( #2413 ), #2145, .F. ) ;
#3268 = PLANE ( 'NONE',  #561 ) ;
#3269 = DIRECTION ( 'NONE',  ( -1.000000000000000000, 0.000000000000000000, -2.195852501236464299E-16 ) ) ;
#3270 = DIRECTION ( 'NONE',  ( -0.000000000000000000, 1.000000000000000000, -0.000000000000000000 ) ) ;
#3271 = EDGE_CURVE ( 'NONE', #2724, #1706, #663, .T. ) ;
#3272 = AXIS2_PLACEMENT_3D ( 'NONE', #1001, #3314, #1781 ) ;
#3273 = ORIENTED_EDGE ( 'NONE', *, *, #3710, .F. ) ;
#3274 = VECTOR ( 'NONE', #1854, 1000.000000000000227 ) ;
#3275 = CIRCLE ( 'NONE', #1878, 3.750000000000000000 ) ;
#3276 = ORIENTED_EDGE ( 'NONE', *, *, #2864, .T. ) ;
#3277 = DIRECTION ( 'NONE',  ( 1.000000000000000000, 0.000000000000000000, 0.000000000000000000 ) ) ;
#3278 = CARTESIAN_POINT ( 'NONE',  ( 13.95000000000000462, -3.599999999999999201, 13.49999999999999645 ) ) ;
#3279 = VERTEX_POINT ( 'NONE', #976 ) ;
#3280 = DIRECTION ( 'NONE',  ( 1.000000000000000000, 0.000000000000000000, 0.000000000000000000 ) ) ;
#3281 = DIRECTION ( 'NONE',  ( -0.000000000000000000, -0.000000000000000000, 1.000000000000000000 ) ) ;
#3282 = DIRECTION ( 'NONE',  ( -0.000000000000000000, -0.000000000000000000, 1.000000000000000000 ) ) ;
#3283 = ORIENTED_EDGE ( 'NONE', *, *, #2225, .F. ) ;
#3284 = PLANE ( 'NONE',  #696 ) ;
#3285 = AXIS2_PLACEMENT_3D ( 'NONE', #3692, #420, #1572 ) ;
#3286 = ORIENTED_EDGE ( 'NONE', *, *, #3056, .T. ) ;
#3287 = DIRECTION ( 'NONE',  ( 1.000000000000000000, 1.330309414092643285E-16, -0.000000000000000000 ) ) ;
#3288 = DIRECTION ( 'NONE',  ( -0.000000000000000000, -0.000000000000000000, 1.000000000000000000 ) ) ;
#3289 = CIRCLE ( 'NONE', #1107, 2.700000000000001066 ) ;
#3290 = DIRECTION ( 'NONE',  ( 0.000000000000000000, 0.000000000000000000, -1.000000000000000000 ) ) ;
#3291 = AXIS2_PLACEMENT_3D ( 'NONE', #406, #2482, #749 ) ;
#3292 = EDGE_CURVE ( 'NONE', #3091, #2279, #3560, .T. ) ;
#3293 = EDGE_LOOP ( 'NONE', ( #3129, #862, #1623, #2836 ) ) ;
#3294 = LINE ( 'NONE', #1260, #486 ) ;
#3295 = CARTESIAN_POINT ( 'NONE',  ( 3.949999999999998845, -12.50000000000000000, 4.499999999999998224 ) ) ;
#3296 = ORIENTED_EDGE ( 'NONE', *, *, #2249, .F. ) ;
#3297 = VECTOR ( 'NONE', #3125, 1000.000000000000000 ) ;
#3298 =( BOUNDED_CURVE ( )  B_SPLINE_CURVE ( 3, ( #2485, #1325, #424, #1578 ),
 .UNSPECIFIED., .F., .F. ) 
 B_SPLINE_CURVE_WITH_KNOTS ( ( 4, 4 ),
 ( 1.570796326794896780, 3.141592653589793116 ),
 .UNSPECIFIED. ) 
 CURVE ( )  GEOMETRIC_REPRESENTATION_ITEM ( )  RATIONAL_B_SPLINE_CURVE ( ( 1.000000000000000000, 0.8047378541243650485, 0.8047378541243650485, 1.000000000000000000 ) ) 
 REPRESENTATION_ITEM ( '' )  );
#3299 = VECTOR ( 'NONE', #1894, 1000.000000000000000 ) ;
#3300 = VECTOR ( 'NONE', #2768, 1000.000000000000000 ) ;
#3301 = LINE ( 'NONE', #89, #745 ) ;
#3302 =( NAMED_UNIT ( * ) SI_UNIT ( $, .STERADIAN. ) SOLID_ANGLE_UNIT ( ) );
#3303 = CARTESIAN_POINT ( 'NONE',  ( 3.449999999999998845, -10.50000000000000000, 4.999999999999997335 ) ) ;
#3304 = ORIENTED_EDGE ( 'NONE', *, *, #849, .F. ) ;
#3305 = DIRECTION ( 'NONE',  ( 0.000000000000000000, -1.000000000000000000, 0.000000000000000000 ) ) ;
#3306 = LINE ( 'NONE', #788, #3729 ) ;
#3307 = EDGE_CURVE ( 'NONE', #2882, #2190, #1825, .T. ) ;
#3308 = CARTESIAN_POINT ( 'NONE',  ( 12.45000000000000284, 0.000000000000000000, 11.74999999999998757 ) ) ;
#3309 = DIRECTION ( 'NONE',  ( -1.000000000000000000, 0.000000000000000000, 0.000000000000000000 ) ) ;
#3310 = DIRECTION ( 'NONE',  ( -0.000000000000000000, 1.000000000000000000, -0.000000000000000000 ) ) ;
#3311 = EDGE_CURVE ( 'NONE', #3154, #2112, #2621, .T. ) ;
#3312 = EDGE_CURVE ( 'NONE', #1350, #742, #3289, .T. ) ;
#3313 = ORIENTED_EDGE ( 'NONE', *, *, #2443, .F. ) ;
#3314 = DIRECTION ( 'NONE',  ( 0.000000000000000000, -0.000000000000000000, 1.000000000000000000 ) ) ;
#3315 = CARTESIAN_POINT ( 'NONE',  ( 14.75000000000000000, 3.750000000000000000, 4.500000000000000000 ) ) ;
#3316 = AXIS2_PLACEMENT_3D ( 'NONE', #3570, #3282, #3556 ) ;
#3317 = ORIENTED_EDGE ( 'NONE', *, *, #82, .T. ) ;
#3318 = EDGE_CURVE ( 'NONE', #180, #966, #1223, .T. ) ;
#3319 = DIRECTION ( 'NONE',  ( 0.000000000000000000, -0.000000000000000000, 1.000000000000000000 ) ) ;
#3320 = DIRECTION ( 'NONE',  ( -0.000000000000000000, -0.000000000000000000, 1.000000000000000000 ) ) ;
#3321 = CARTESIAN_POINT ( 'NONE',  ( 1.749999999999998002, -7.000000000000000888, 7.049999999999998934 ) ) ;
#3322 = ORIENTED_EDGE ( 'NONE', *, *, #3612, .T. ) ;
#3323 = DIRECTION ( 'NONE',  ( 1.000000000000000000, 0.000000000000000000, 0.000000000000000000 ) ) ;
#3324 = CARTESIAN_POINT ( 'NONE',  ( -3.950000000000001954, -12.50000000000000000, 7.249999999999998224 ) ) ;
#3325 = DIRECTION ( 'NONE',  ( 0.000000000000000000, 0.000000000000000000, 1.000000000000000000 ) ) ;
#3326 = EDGE_LOOP ( 'NONE', ( #2996, #630, #3518, #2589 ) ) ;
#3327 = CARTESIAN_POINT ( 'NONE',  ( 11.26410039297270593, -3.100000000000000977, 12.49999999999999645 ) ) ;
#3328 = VECTOR ( 'NONE', #378, 1000.000000000000000 ) ;
#3329 = AXIS2_PLACEMENT_3D ( 'NONE', #2703, #3014, #139 ) ;
#3330 = ORIENTED_EDGE ( 'NONE', *, *, #1698, .F. ) ;
#3331 = DIRECTION ( 'NONE',  ( 1.000000000000000000, 0.000000000000000000, -0.000000000000000000 ) ) ;
#3332 = CARTESIAN_POINT ( 'NONE',  ( -3.450000000000002398, -12.50000000000000000, 6.249999999999997335 ) ) ;
#3333 = EDGE_CURVE ( 'NONE', #645, #3374, #2506, .T. ) ;
#3334 = ORIENTED_EDGE ( 'NONE', *, *, #2238, .T. ) ;
#3335 = EDGE_CURVE ( 'NONE', #533, #971, #1913, .T. ) ;
#3336 = FACE_OUTER_BOUND ( 'NONE', #2342, .T. ) ;
#3337 = AXIS2_PLACEMENT_3D ( 'NONE', #545, #3744, #1696 ) ;
#3338 = CARTESIAN_POINT ( 'NONE',  ( -14.75000000000000000, -3.750000000000000000, 4.500000000000000000 ) ) ;
#3339 = ORIENTED_EDGE ( 'NONE', *, *, #518, .F. ) ;
#3340 = FACE_OUTER_BOUND ( 'NONE', #2669, .T. ) ;
#3341 = VERTEX_POINT ( 'NONE', #502 ) ;
#3342 = CARTESIAN_POINT ( 'NONE',  ( 4.000000000000000000, -11.00000000000000178, 7.450000000000000178 ) ) ;
#3343 = CARTESIAN_POINT ( 'NONE',  ( 2.249999999999998224, -11.00000000000000178, 7.049999999999998934 ) ) ;
#3344 = PLANE ( 'NONE',  #1728 ) ;
#3345 = CONICAL_SURFACE ( 'NONE', #3468, 2.700000000000001066, 0.7853981633974517207 ) ;
#3346 = ORIENTED_EDGE ( 'NONE', *, *, #2367, .T. ) ;
#3347 = DIRECTION ( 'NONE',  ( -1.000000000000000000, -1.133806193448893442E-16, 0.000000000000000000 ) ) ;
#3348 = AXIS2_PLACEMENT_3D ( 'NONE', #3566, #2102, #1248 ) ;
#3349 = VERTEX_POINT ( 'NONE', #732 ) ;
#3350 = DIRECTION ( 'NONE',  ( -0.000000000000000000, -0.000000000000000000, 1.000000000000000000 ) ) ;
#3351 = EDGE_CURVE ( 'NONE', #786, #2691, #2447, .T. ) ;
#3352 =( LENGTH_UNIT ( ) NAMED_UNIT ( * ) SI_UNIT ( .MILLI., .METRE. ) );
#3353 = ORIENTED_EDGE ( 'NONE', *, *, #2399, .F. ) ;
#3354 = CIRCLE ( 'NONE', #31, 3.750000000000000000 ) ;
#3355 = CARTESIAN_POINT ( 'NONE',  ( -13.99999999999999822, -3.600000000000000977, 13.49999999999999645 ) ) ;
#3356 = CARTESIAN_POINT ( 'NONE',  ( -5.004999999999996341, -12.40000000000000213, 3.299999999999995826 ) ) ;
#3357 = ORIENTED_EDGE ( 'NONE', *, *, #3034, .F. ) ;
#3358 = SURFACE_STYLE_FILL_AREA ( #2692 ) ;
#3359 = AXIS2_PLACEMENT_3D ( 'NONE', #1168, #3165, #592 ) ;
#3360 = ORIENTED_EDGE ( 'NONE', *, *, #2196, .F. ) ;
#3361 = CARTESIAN_POINT ( 'NONE',  ( 5.005000000000003446, -12.40000000000000213, 4.499999999999999112 ) ) ;
#3362 = CARTESIAN_POINT ( 'NONE',  ( 2.449999999999997957, -10.49999999999999822, 2.681065389609537331 ) ) ;
#3363 = AXIS2_PLACEMENT_3D ( 'NONE', #3039, #2143, #3645 ) ;
#3364 = DIRECTION ( 'NONE',  ( 0.000000000000000000, 1.000000000000000000, 0.000000000000000000 ) ) ;
#3365 = DIRECTION ( 'NONE',  ( 1.000000000000000000, 0.000000000000000000, 0.000000000000000000 ) ) ;
#3366 = EDGE_CURVE ( 'NONE', #1815, #2833, #3062, .T. ) ;
#3367 = ORIENTED_EDGE ( 'NONE', *, *, #2516, .F. ) ;
#3368 = CARTESIAN_POINT ( 'NONE',  ( 0.2499999999999980571, -10.90000000000000213, 7.049999999999998934 ) ) ;
#3369 = ORIENTED_EDGE ( 'NONE', *, *, #1975, .T. ) ;
#3370 = LINE ( 'NONE', #1053, #3087 ) ;
#3371 = ORIENTED_EDGE ( 'NONE', *, *, #3551, .F. ) ;
#3372 = DIRECTION ( 'NONE',  ( 0.000000000000000000, 0.000000000000000000, 1.000000000000000000 ) ) ;
#3373 = CARTESIAN_POINT ( 'NONE',  ( 8.235899607027297620, -3.100000000000000977, 12.49999999999999645 ) ) ;
#3374 = VERTEX_POINT ( 'NONE', #1029 ) ;
#3375 = CARTESIAN_POINT ( 'NONE',  ( 3.449999999999998845, -10.50000000000000000, 6.249999999999996447 ) ) ;
#3376 = MECHANICAL_DESIGN_GEOMETRIC_PRESENTATION_REPRESENTATION (  '', ( #175 ), #299 ) ;
#3377 = EDGE_LOOP ( 'NONE', ( #3484, #3528, #3283 ) ) ;
#3378 = CARTESIAN_POINT ( 'NONE',  ( 0.000000000000000000, -11.00000000000000178, 0.000000000000000000 ) ) ;
#3379 = CARTESIAN_POINT ( 'NONE',  ( -0.2500000000000019429, -11.00000000000000178, 7.549999999999998934 ) ) ;
#3380 = CARTESIAN_POINT ( 'NONE',  ( 2.449999999999998401, -6.499999999999999112, 2.681065389609537331 ) ) ;
#3381 = LINE ( 'NONE', #3401, #2767 ) ;
#3382 = EDGE_CURVE ( 'NONE', #1098, #215, #2243, .T. ) ;
#3383 = DIRECTION ( 'NONE',  ( 1.084202172485504434E-16, 1.000000000000000000, 0.000000000000000000 ) ) ;
#3384 = EDGE_CURVE ( 'NONE', #1685, #2372, #462, .T. ) ;
#3385 = VERTEX_POINT ( 'NONE', #2809 ) ;
#3386 = ADVANCED_FACE ( 'NONE', ( #220 ), #2745, .F. ) ;
#3387 = LINE ( 'NONE', #1880, #2087 ) ;
#3388 = VERTEX_POINT ( 'NONE', #1633 ) ;
#3389 = FACE_OUTER_BOUND ( 'NONE', #2462, .T. ) ;
#3390 = PLANE ( 'NONE',  #3285 ) ;
#3391 = ORIENTED_EDGE ( 'NONE', *, *, #2268, .T. ) ;
#3392 = STYLED_ITEM ( 'NONE', ( #3116 ), #1473 ) ;
#3393 = CARTESIAN_POINT ( 'NONE',  ( -2.349999999999998757, 3.599999999999998757, 13.49999999999999645 ) ) ;
#3394 = CARTESIAN_POINT ( 'NONE',  ( 1.749999999999998002, -7.000000000000000888, 7.049999999999998934 ) ) ;
#3395 = ORIENTED_EDGE ( 'NONE', *, *, #2701, .F. ) ;
#3396 = DIRECTION ( 'NONE',  ( 0.7071067811865505703, 0.7071067811865444641, 0.000000000000000000 ) ) ;
#3397 = EDGE_LOOP ( 'NONE', ( #1246, #1640, #2456, #1873 ) ) ;
#3398 = CARTESIAN_POINT ( 'NONE',  ( 0.000000000000000000, -12.50000000000000000, 0.000000000000000000 ) ) ;
#3399 = DIRECTION ( 'NONE',  ( -0.000000000000000000, -0.000000000000000000, -1.000000000000000000 ) ) ;
#3400 = CARTESIAN_POINT ( 'NONE',  ( 9.750000000000001776, 0.000000000000000000, 12.49999999999999645 ) ) ;
#3401 = CARTESIAN_POINT ( 'NONE',  ( -1.850000000000000533, -11.00000000000000178, 0.000000000000000000 ) ) ;
#3402 = ADVANCED_FACE ( 'NONE', ( #2526 ), #1047, .F. ) ;
#3403 = FACE_OUTER_BOUND ( 'NONE', #3656, .T. ) ;
#3404 = VERTEX_POINT ( 'NONE', #147 ) ;
#3405 = LINE ( 'NONE', #1106, #1961 ) ;
#3406 = FACE_OUTER_BOUND ( 'NONE', #1981, .T. ) ;
#3407 = CARTESIAN_POINT ( 'NONE',  ( -10.24999999999999822, 0.000000000000000000, 9.962681563213328317 ) ) ;
#3408 = VERTEX_POINT ( 'NONE', #2222 ) ;
#3409 = ADVANCED_FACE ( 'NONE', ( #203 ), #3646, .F. ) ;
#3410 = ORIENTED_EDGE ( 'NONE', *, *, #1308, .T. ) ;
#3411 = CARTESIAN_POINT ( 'NONE',  ( -18.50000000000000000, 3.750000000000000000, 0.000000000000000000 ) ) ;
#3412 = AXIS2_PLACEMENT_3D ( 'NONE', #3591, #944, #992 ) ;
#3413 = DIRECTION ( 'NONE',  ( -1.000000000000000000, -0.000000000000000000, 1.927470528863119049E-16 ) ) ;
#3414 = ORIENTED_EDGE ( 'NONE', *, *, #1808, .F. ) ;
#3415 = FACE_OUTER_BOUND ( 'NONE', #1744, .T. ) ;
#3416 = VERTEX_POINT ( 'NONE', #1326 ) ;
#3417 = CARTESIAN_POINT ( 'NONE',  ( 2.566666666666660213, -11.71666666666667034, 6.733333333333336057 ) ) ;
#3418 = FACE_OUTER_BOUND ( 'NONE', #857, .T. ) ;
#3419 = LINE ( 'NONE', #2281, #78 ) ;
#3420 = SURFACE_STYLE_USAGE ( .BOTH. , #503 ) ;
#3421 = FACE_OUTER_BOUND ( 'NONE', #332, .T. ) ;
#3422 = AXIS2_PLACEMENT_3D ( 'NONE', #1916, #3325, #755 ) ;
#3423 = ADVANCED_FACE ( 'NONE', ( #3669 ), #1346, .F. ) ;
#3424 = VECTOR ( 'NONE', #3323, 1000.000000000000000 ) ;
#3425 = VERTEX_POINT ( 'NONE', #1065 ) ;
#3426 = LINE ( 'NONE', #1372, #3239 ) ;
#3427 = CARTESIAN_POINT ( 'NONE',  ( 0.9499999999999981792, -7.000000000000000888, 2.681065389609537331 ) ) ;
#3428 = DIRECTION ( 'NONE',  ( 1.000000000000000000, 0.000000000000000000, 0.000000000000000000 ) ) ;
#3429 = ORIENTED_EDGE ( 'NONE', *, *, #1010, .T. ) ;
#3430 = ADVANCED_FACE ( 'NONE', ( #1083 ), #2162, .F. ) ;
#3431 = EDGE_CURVE ( 'NONE', #2419, #2924, #1934, .T. ) ;
#3432 = ORIENTED_EDGE ( 'NONE', *, *, #3572, .T. ) ;
#3433 = DIRECTION ( 'NONE',  ( -0.000000000000000000, 1.000000000000000000, -0.000000000000000000 ) ) ;
#3434 = LINE ( 'NONE', #2537, #1562 ) ;
#3435 = EDGE_CURVE ( 'NONE', #1904, #2900, #2932, .T. ) ;
#3436 = ORIENTED_EDGE ( 'NONE', *, *, #671, .T. ) ;
#3437 = DIRECTION ( 'NONE',  ( 0.000000000000000000, 1.000000000000000000, 0.000000000000000000 ) ) ;
#3438 = ORIENTED_EDGE ( 'NONE', *, *, #2367, .F. ) ;
#3439 = CARTESIAN_POINT ( 'NONE',  ( -1.850000000000000533, -11.00000000000000178, 7.149999999999997691 ) ) ;
#3440 = LINE ( 'NONE', #3158, #454 ) ;
#3441 = LINE ( 'NONE', #1998, #254 ) ;
#3442 = DIRECTION ( 'NONE',  ( 1.000000000000000000, 1.776356839400250465E-15, 0.000000000000000000 ) ) ;
#3443 = PLANE ( 'NONE',  #522 ) ;
#3444 = VECTOR ( 'NONE', #2760, 1000.000000000000000 ) ;
#3445 = UNCERTAINTY_MEASURE_WITH_UNIT (LENGTH_MEASURE( 1.000000000000000082E-05 ), #2200, 'distance_accuracy_value', 'NONE');
#3446 = VECTOR ( 'NONE', #2244, 1000.000000000000000 ) ;
#3447 = ORIENTED_EDGE ( 'NONE', *, *, #3204, .F. ) ;
#3448 = DIRECTION ( 'NONE',  ( -5.782411586589357392E-17, 0.000000000000000000, 1.000000000000000000 ) ) ;
#3449 = ORIENTED_EDGE ( 'NONE', *, *, #1202, .T. ) ;
#3450 = ORIENTED_EDGE ( 'NONE', *, *, #590, .F. ) ;
#3451 = CARTESIAN_POINT ( 'NONE',  ( 9.750000000000001776, 0.000000000000000000, 11.74999999999998757 ) ) ;
#3452 = EDGE_CURVE ( 'NONE', #1790, #895, #165, .T. ) ;
#3453 = CARTESIAN_POINT ( 'NONE',  ( -3.950000000000002842, -12.50000000000000000, 4.499999999999997335 ) ) ;
#3454 = ORIENTED_EDGE ( 'NONE', *, *, #1777, .T. ) ;
#3455 = LINE ( 'NONE', #2825, #2265 ) ;
#3456 = AXIS2_PLACEMENT_3D ( 'NONE', #3009, #1850, #964 ) ;
#3457 = ORIENTED_EDGE ( 'NONE', *, *, #2316, .T. ) ;
#3458 = AXIS2_PLACEMENT_3D ( 'NONE', #2553, #1727, #1478 ) ;
#3459 = DIRECTION ( 'NONE',  ( 0.000000000000000000, -0.000000000000000000, 1.000000000000000000 ) ) ;
#3460 = DIRECTION ( 'NONE',  ( 0.000000000000000000, -0.000000000000000000, 1.000000000000000000 ) ) ;
#3461 = CARTESIAN_POINT ( 'NONE',  ( -16.62499999999997868, -3.750000000000000000, 2.624999999999999556 ) ) ;
#3462 = DIRECTION ( 'NONE',  ( -1.000000000000000000, -0.000000000000000000, -0.000000000000000000 ) ) ;
#3463 = ORIENTED_EDGE ( 'NONE', *, *, #1086, .T. ) ;
#3464 = DIRECTION ( 'NONE',  ( -0.000000000000000000, -0.000000000000000000, 1.000000000000000000 ) ) ;
#3465 = ORIENTED_EDGE ( 'NONE', *, *, #3614, .F. ) ;
#3466 = DIRECTION ( 'NONE',  ( -1.000000000000000000, 0.000000000000000000, -2.195852501236464545E-16 ) ) ;
#3467 = ORIENTED_EDGE ( 'NONE', *, *, #2804, .T. ) ;
#3468 = AXIS2_PLACEMENT_3D ( 'NONE', #867, #2336, #2866 ) ;
#3469 = ADVANCED_FACE ( 'NONE', ( #3627 ), #1895, .T. ) ;
#3470 = ORIENTED_EDGE ( 'NONE', *, *, #418, .T. ) ;
#3471 = CARTESIAN_POINT ( 'NONE',  ( 3.449999999999998845, -7.000000000000000888, 8.499999999999998224 ) ) ;
#3472 = DIRECTION ( 'NONE',  ( -0.000000000000000000, 0.000000000000000000, 1.000000000000000000 ) ) ;
#3473 = VERTEX_POINT ( 'NONE', #3213 ) ;
#3474 = CARTESIAN_POINT ( 'NONE',  ( -3.450000000000001510, -12.50000000000000000, 7.249999999999998224 ) ) ;
#3475 = EDGE_LOOP ( 'NONE', ( #797, #326, #748, #769, #3030, #3465, #2984, #1919 ) ) ;
#3476 = AXIS2_PLACEMENT_3D ( 'NONE', #1536, #2381, #425 ) ;
#3477 = CARTESIAN_POINT ( 'NONE',  ( 5.005000000000003446, -6.500000000000000000, 3.299999999999998046 ) ) ;
#3478 = DIRECTION ( 'NONE',  ( 1.000000000000000000, 0.000000000000000000, 0.000000000000000000 ) ) ;
#3479 = CARTESIAN_POINT ( 'NONE',  ( 0.000000000000000000, -11.00000000000000178, 7.149999999999997691 ) ) ;
#3480 =( NAMED_UNIT ( * ) SI_UNIT ( $, .STERADIAN. ) SOLID_ANGLE_UNIT ( ) );
#3481 = ORIENTED_EDGE ( 'NONE', *, *, #2902, .T. ) ;
#3482 = DIRECTION ( 'NONE',  ( 1.000000000000000000, 0.000000000000000000, 0.000000000000000000 ) ) ;
#3483 = COLOUR_RGB ( '',0.7529411764705882248, 0.7529411764705882248, 0.7529411764705882248 ) ;
#3484 = ORIENTED_EDGE ( 'NONE', *, *, #1268, .F. ) ;
#3485 = VECTOR ( 'NONE', #1012, 1000.000000000000000 ) ;
#3486 = CARTESIAN_POINT ( 'NONE',  ( 13.95000000000000462, 3.600000000000000977, 13.49999999999999645 ) ) ;
#3487 = EDGE_CURVE ( 'NONE', #1055, #302, #2615, .T. ) ;
#3488 = EDGE_CURVE ( 'NONE', #2112, #1857, #1674, .T. ) ;
#3489 = VECTOR ( 'NONE', #279, 999.9999999999998863 ) ;
#3490 = VERTEX_POINT ( 'NONE', #1161 ) ;
#3491 = ORIENTED_EDGE ( 'NONE', *, *, #3733, .F. ) ;
#3492 = FACE_OUTER_BOUND ( 'NONE', #650, .T. ) ;
#3493 = DIRECTION ( 'NONE',  ( -1.000000000000000000, 0.000000000000000000, -0.000000000000000000 ) ) ;
#3494 = ORIENTED_EDGE ( 'NONE', *, *, #2411, .F. ) ;
#3495 = CARTESIAN_POINT ( 'NONE',  ( -4.533333333333322557, -8.616666666666661811, 4.766666666666679042 ) ) ;
#3496 = B_SPLINE_CURVE_WITH_KNOTS ( 'NONE', 3,
 ( #2995, #172, #621, #398, #379, #2135, #1851, #2698, #1317, #3636, #104, #1244 ),
 .UNSPECIFIED., .F., .F.,
 ( 4, 2, 2, 2, 2, 4 ),
 ( 0.000000000000000000, 0.0007772449162856850903, 0.001165867374428529533, 0.001554489832571373867, 0.002331734748857062535, 0.003108979665142751203 ),
 .UNSPECIFIED. ) ;
#3497 = ORIENTED_EDGE ( 'NONE', *, *, #1721, .F. ) ;
#3498 = DIRECTION ( 'NONE',  ( -1.000000000000000000, -0.000000000000000000, 1.927470528863119049E-16 ) ) ;
#3499 = CYLINDRICAL_SURFACE ( 'NONE', #2728, 3.750000000000003553 ) ;
#3500 = LINE ( 'NONE', #1465, #3033 ) ;
#3501 = CARTESIAN_POINT ( 'NONE',  ( 3.449999999999998845, -7.000000000000000888, 8.499999999999998224 ) ) ;
#3502 = ORIENTED_EDGE ( 'NONE', *, *, #3452, .F. ) ;
#3503 = CARTESIAN_POINT ( 'NONE',  ( 13.95000000000000462, -3.599999999999999201, 11.49999999999999645 ) ) ;
#3504 = LINE ( 'NONE', #911, #1581 ) ;
#3505 = ADVANCED_FACE ( 'NONE', ( #3177 ), #565, .F. ) ;
#3506 = AXIS2_PLACEMENT_3D ( 'NONE', #3586, #1320, #691 ) ;
#3507 = EDGE_CURVE ( 'NONE', #2602, #1535, #1979, .T. ) ;
#3508 = DIRECTION ( 'NONE',  ( 0.000000000000000000, 0.000000000000000000, -1.000000000000000000 ) ) ;
#3509 = VERTEX_POINT ( 'NONE', #2017 ) ;
#3510 = EDGE_LOOP ( 'NONE', ( #1636, #2006 ) ) ;
#3511 = DIRECTION ( 'NONE',  ( -0.000000000000000000, -0.000000000000000000, 1.000000000000000000 ) ) ;
#3512 = DIRECTION ( 'NONE',  ( 0.000000000000000000, 0.000000000000000000, -1.000000000000000000 ) ) ;
#3513 = EDGE_LOOP ( 'NONE', ( #3666, #615, #2290, #3066 ) ) ;
#3514 = CARTESIAN_POINT ( 'NONE',  ( -10.24999999999999822, 2.500000000000000000, 12.24999999999999645 ) ) ;
#3515 = DIRECTION ( 'NONE',  ( -1.000000000000000000, 0.000000000000000000, 0.000000000000000000 ) ) ;
#3516 = DIRECTION ( 'NONE',  ( 1.000000000000000000, 0.000000000000000000, 0.000000000000000000 ) ) ;
#3517 = CARTESIAN_POINT ( 'NONE',  ( -3.450000000000001954, -7.000000000000000888, 8.499999999999998224 ) ) ;
#3518 = ORIENTED_EDGE ( 'NONE', *, *, #2619, .F. ) ;
#3519 = LINE ( 'NONE', #1236, #1295 ) ;
#3520 = VECTOR ( 'NONE', #2082, 1000.000000000000000 ) ;
#3521 = UNCERTAINTY_MEASURE_WITH_UNIT (LENGTH_MEASURE( 1.000000000000000082E-05 ), #2963, 'distance_accuracy_value', 'NONE');
#3522 = CARTESIAN_POINT ( 'NONE',  ( -2.450000000000002398, -6.500000000000000000, 8.499999999999998224 ) ) ;
#3523 = EDGE_CURVE ( 'NONE', #717, #1228, #2559, .T. ) ;
#3524 = CARTESIAN_POINT ( 'NONE',  ( 13.95000000000000462, -3.599999999999999201, 13.49999999999999645 ) ) ;
#3525 = DIRECTION ( 'NONE',  ( -0.000000000000000000, 1.000000000000000000, 0.000000000000000000 ) ) ;
#3526 = AXIS2_PLACEMENT_3D ( 'NONE', #722, #1587, #1276 ) ;
#3527 = ORIENTED_EDGE ( 'NONE', *, *, #1230, .F. ) ;
#3528 = ORIENTED_EDGE ( 'NONE', *, *, #537, .T. ) ;
#3529 = CARTESIAN_POINT ( 'NONE',  ( -1.849999999999999201, -3.100000000000002753, 12.49999999999999645 ) ) ;
#3530 = DIRECTION ( 'NONE',  ( -0.000000000000000000, -0.000000000000000000, 1.000000000000000000 ) ) ;
#3531 = PRESENTATION_LAYER_ASSIGNMENT (  '', '', ( #2315 ) ) ;
#3532 = ORIENTED_EDGE ( 'NONE', *, *, #2587, .T. ) ;
#3533 = DIRECTION ( 'NONE',  ( 0.000000000000000000, 0.000000000000000000, -1.000000000000000000 ) ) ;
#3534 = EDGE_CURVE ( 'NONE', #1592, #3385, #1736, .T. ) ;
#3535 = LINE ( 'NONE', #938, #190 ) ;
#3536 = DIRECTION ( 'NONE',  ( -0.000000000000000000, -0.000000000000000000, 1.000000000000000000 ) ) ;
#3537 = CARTESIAN_POINT ( 'NONE',  ( -1.750000000000001998, -11.00000000000000178, 7.049999999999998934 ) ) ;
#3538 = ORIENTED_EDGE ( 'NONE', *, *, #1125, .F. ) ;
#3539 = LINE ( 'NONE', #3503, #2747 ) ;
#3540 = EDGE_LOOP ( 'NONE', ( #3353, #532, #2358, #2008, #2013, #3395 ) ) ;
#3541 = FACE_OUTER_BOUND ( 'NONE', #989, .T. ) ;
#3542 = CIRCLE ( 'NONE', #3652, 2.500000000000000000 ) ;
#3543 = CARTESIAN_POINT ( 'NONE',  ( -14.75000000000000000, -4.200000000000000178, 11.49999999999999645 ) ) ;
#3544 = EDGE_CURVE ( 'NONE', #2114, #1790, #258, .T. ) ;
#3545 = CIRCLE ( 'NONE', #885, 2.700000000000001066 ) ;
#3546 = VECTOR ( 'NONE', #3176, 1000.000000000000227 ) ;
#3547 = ORIENTED_EDGE ( 'NONE', *, *, #1831, .F. ) ;
#3548 = LINE ( 'NONE', #983, #1630 ) ;
#3549 = EDGE_CURVE ( 'NONE', #2903, #3, #2605, .T. ) ;
#3550 = ORIENTED_EDGE ( 'NONE', *, *, #3487, .F. ) ;
#3551 = EDGE_CURVE ( 'NONE', #57, #3620, #604, .T. ) ;
#3552 = PLANE ( 'NONE',  #2022 ) ;
#3553 = DIRECTION ( 'NONE',  ( 1.000000000000000000, -1.224646799147353454E-16, 0.000000000000000000 ) ) ;
#3554 = DIRECTION ( 'NONE',  ( -1.133806193448893442E-16, 1.000000000000000000, 0.000000000000000000 ) ) ;
#3555 = ADVANCED_FACE ( 'NONE', ( #3137 ), #2544, .F. ) ;
#3556 = DIRECTION ( 'NONE',  ( 1.000000000000000000, 0.000000000000000000, 0.000000000000000000 ) ) ;
#3557 = EDGE_LOOP ( 'NONE', ( #2580, #1842, #2213, #62 ) ) ;
#3558 = CARTESIAN_POINT ( 'NONE',  ( 18.50000000000000000, -1.387778780781445676E-14, 0.7499999999999621414 ) ) ;
#3559 = DIRECTION ( 'NONE',  ( 0.000000000000000000, -0.000000000000000000, 1.000000000000000000 ) ) ;
#3560 = LINE ( 'NONE', #1579, #2799 ) ;
#3561 = FACE_OUTER_BOUND ( 'NONE', #3326, .T. ) ;
#3562 = ORIENTED_EDGE ( 'NONE', *, *, #61, .T. ) ;
#3563 = CARTESIAN_POINT ( 'NONE',  ( -10.24999999999999822, 0.000000000000000000, 9.962681563213328317 ) ) ;
#3564 = DIRECTION ( 'NONE',  ( -0.000000000000000000, 1.000000000000000000, -0.000000000000000000 ) ) ;
#3565 = ORIENTED_EDGE ( 'NONE', *, *, #1957, .T. ) ;
#3566 = CARTESIAN_POINT ( 'NONE',  ( 13.95000000000000462, -3.599999999999999201, 13.49999999999999645 ) ) ;
#3567 = EDGE_CURVE ( 'NONE', #2667, #3182, #3500, .T. ) ;
#3568 = FACE_OUTER_BOUND ( 'NONE', #118, .T. ) ;
#3569 = FACE_OUTER_BOUND ( 'NONE', #488, .T. ) ;
#3570 = CARTESIAN_POINT ( 'NONE',  ( 9.750000000000001776, 0.000000000000000000, 11.75000000000000000 ) ) ;
#3571 = ORIENTED_EDGE ( 'NONE', *, *, #1512, .F. ) ;
#3572 = EDGE_CURVE ( 'NONE', #1446, #3058, #1395, .T. ) ;
#3573 = ORIENTED_EDGE ( 'NONE', *, *, #2787, .T. ) ;
#3574 = LINE ( 'NONE', #373, #1283 ) ;
#3575 = CARTESIAN_POINT ( 'NONE',  ( -1.849999999999999201, 3.099999999999999201, 13.49999999999999645 ) ) ;
#3576 = PRESENTATION_LAYER_ASSIGNMENT (  '', '', ( #3392 ) ) ;
#3577 = ADVANCED_FACE ( 'NONE', ( #314 ), #276, .F. ) ;
#3578 = AXIS2_PLACEMENT_3D ( 'NONE', #2999, #1589, #3280 ) ;
#3579 = VECTOR ( 'NONE', #1773, 1000.000000000000000 ) ;
#3580 = ORIENTED_EDGE ( 'NONE', *, *, #1171, .T. ) ;
#3581 = CARTESIAN_POINT ( 'NONE',  ( 3.449999999999997957, -10.49999999999999822, 8.499999999999998224 ) ) ;
#3582 = CARTESIAN_POINT ( 'NONE',  ( -0.9500000000000018430, -12.50000000000000000, 9.000000000000000000 ) ) ;
#3583 = ORIENTED_EDGE ( 'NONE', *, *, #3250, .F. ) ;
#3584 = EDGE_CURVE ( 'NONE', #2279, #1592, #3704, .T. ) ;
#3585 = PLANE ( 'NONE',  #2379 ) ;
#3586 = CARTESIAN_POINT ( 'NONE',  ( 6.186067977499789095, -12.50000000000000000, 7.249999999999997335 ) ) ;
#3587 = ORIENTED_EDGE ( 'NONE', *, *, #1068, .F. ) ;
#3588 = DIRECTION ( 'NONE',  ( -0.000000000000000000, -0.000000000000000000, 1.000000000000000000 ) ) ;
#3589 = CLOSED_SHELL ( 'NONE', ( #2588, #2729, #1286, #433, #1972, #1522, #3136, #1339, #2676, #122, #2059, #1719, #1867, #2149, #2561, #3690, #1392, #2083, #79, #915, #3402, #2370, #1797, #2837, #800, #948, #484, #320, #2090, #3102, #3699, #3162, #2176, #1245, #1944, #374, #2383, #785, #698, #743, #2165, #335, #2476, #2452, #416, #2950, #2660, #1613, #1132, #2822, #2522, #389, #2079, #655 ) ) ;
#3590 = CARTESIAN_POINT ( 'NONE',  ( 3.949999999999998845, -12.50000000000000000, 6.249999999999996447 ) ) ;
#3591 = CARTESIAN_POINT ( 'NONE',  ( -18.50000000000000000, 0.000000000000000000, 0.7499999999999621414 ) ) ;
#3592 = EDGE_CURVE ( 'NONE', #2818, #1711, #3419, .T. ) ;
#3593 = DIRECTION ( 'NONE',  ( -0.7071067811865512365, 0.000000000000000000, -0.7071067811865439090 ) ) ;
#3594 = VECTOR ( 'NONE', #863, 1000.000000000000000 ) ;
#3595 = EDGE_CURVE ( 'NONE', #935, #1042, #3441, .T. ) ;
#3596 = DIRECTION ( 'NONE',  ( 1.000000000000000000, 0.000000000000000000, 0.000000000000000000 ) ) ;
#3597 = STYLED_ITEM ( 'NONE', ( #711 ), #2907 ) ;
#3598 = ORIENTED_EDGE ( 'NONE', *, *, #972, .F. ) ;
#3599 = CARTESIAN_POINT ( 'NONE',  ( 3.949999999999998845, -12.50000000000000000, 4.499999999999998224 ) ) ;
#3600 = LINE ( 'NONE', #434, #2916 ) ;
#3601 = ORIENTED_EDGE ( 'NONE', *, *, #1557, .T. ) ;
#3602 = CIRCLE ( 'NONE', #587, 2.700000000000001066 ) ;
#3603 = CIRCLE ( 'NONE', #3124, 3.750000000000000000 ) ;
#3604 = DIRECTION ( 'NONE',  ( 0.000000000000000000, 0.000000000000000000, 1.000000000000000000 ) ) ;
#3605 = SURFACE_SIDE_STYLE ('',( #2720 ) ) ;
#3606 = DIRECTION ( 'NONE',  ( 0.000000000000000000, 0.000000000000000000, 1.000000000000000000 ) ) ;
#3607 = ORIENTED_EDGE ( 'NONE', *, *, #1565, .F. ) ;
#3608 =( NAMED_UNIT ( * ) SI_UNIT ( $, .STERADIAN. ) SOLID_ANGLE_UNIT ( ) );
#3609 = CARTESIAN_POINT ( 'NONE',  ( -10.24999999999999822, 0.000000000000000000, 13.49999999999999645 ) ) ;
#3610 = CARTESIAN_POINT ( 'NONE',  ( 14.75000000000000000, -4.200000000000000178, 7.199999999999996625 ) ) ;
#3611 = LINE ( 'NONE', #2147, #2511 ) ;
#3612 = EDGE_CURVE ( 'NONE', #1228, #1315, #1715, .T. ) ;
#3613 = ORIENTED_EDGE ( 'NONE', *, *, #3660, .F. ) ;
#3614 = EDGE_CURVE ( 'NONE', #3220, #3341, #2578, .T. ) ;
#3615 = DIRECTION ( 'NONE',  ( 1.000000000000000000, 1.330309414092643285E-16, -0.000000000000000000 ) ) ;
#3616 = ORIENTED_EDGE ( 'NONE', *, *, #973, .F. ) ;
#3617 = CARTESIAN_POINT ( 'NONE',  ( -2.250000000000001776, -11.00000000000000178, 7.049999999999998934 ) ) ;
#3618 = FACE_OUTER_BOUND ( 'NONE', #2958, .T. ) ;
#3619 = VECTOR ( 'NONE', #701, 1000.000000000000000 ) ;
#3620 = VERTEX_POINT ( 'NONE', #120 ) ;
#3621 = VECTOR ( 'NONE', #658, 1000.000000000000000 ) ;
#3622 = LINE ( 'NONE', #1024, #2665 ) ;
#3623 = DIRECTION ( 'NONE',  ( 0.000000000000000000, -0.000000000000000000, 1.000000000000000000 ) ) ;
#3624 = VERTEX_POINT ( 'NONE', #1885 ) ;
#3625 = EDGE_LOOP ( 'NONE', ( #3334, #2673, #405, #46 ) ) ;
#3626 = LINE ( 'NONE', #3362, #1057 ) ;
#3627 = FACE_OUTER_BOUND ( 'NONE', #1007, .T. ) ;
#3628 = FACE_OUTER_BOUND ( 'NONE', #1019, .T. ) ;
#3629 = ADVANCED_FACE ( 'NONE', ( #2928 ), #2474, .F. ) ;
#3630 = ORIENTED_EDGE ( 'NONE', *, *, #3551, .T. ) ;
#3631 = LINE ( 'NONE', #1070, #2832 ) ;
#3632 = VECTOR ( 'NONE', #1624, 1000.000000000000000 ) ;
#3633 = VECTOR ( 'NONE', #2195, 1000.000000000000000 ) ;
#3634 = ORIENTED_EDGE ( 'NONE', *, *, #2801, .T. ) ;
#3635 = DIRECTION ( 'NONE',  ( 0.000000000000000000, -0.000000000000000000, 1.000000000000000000 ) ) ;
#3636 = CARTESIAN_POINT ( 'NONE',  ( 8.726230771465020908, -3.100000000000000977, 12.30545808724420631 ) ) ;
#3637 = ORIENTED_EDGE ( 'NONE', *, *, #2746, .T. ) ;
#3638 = CARTESIAN_POINT ( 'NONE',  ( 3.449999999999998845, -7.000000000000000888, 8.499999999999998224 ) ) ;
#3639 = CARTESIAN_POINT ( 'NONE',  ( -0.2500000000000019429, -11.00000000000000178, 7.049999999999998934 ) ) ;
#3640 = EDGE_CURVE ( 'NONE', #914, #2948, #137, .T. ) ;
#3641 = ORIENTED_EDGE ( 'NONE', *, *, #3017, .F. ) ;
#3642 = CARTESIAN_POINT ( 'NONE',  ( 20.10000000000000142, 0.000000000000000000, -3.750000000000039524 ) ) ;
#3643 = ORIENTED_EDGE ( 'NONE', *, *, #3523, .T. ) ;
#3644 = DIRECTION ( 'NONE',  ( 0.000000000000000000, 0.000000000000000000, 1.000000000000000000 ) ) ;
#3645 = DIRECTION ( 'NONE',  ( 0.000000000000000000, -0.000000000000000000, 1.000000000000000000 ) ) ;
#3646 = PLANE ( 'NONE',  #3174 ) ;
#3647 = CARTESIAN_POINT ( 'NONE',  ( 9.750000000000001776, 0.000000000000000000, 11.74999999999998757 ) ) ;
#3648 = VECTOR ( 'NONE', #124, 1000.000000000000000 ) ;
#3649 = EDGE_LOOP ( 'NONE', ( #86, #3286 ) ) ;
#3650 = FACE_OUTER_BOUND ( 'NONE', #3513, .T. ) ;
#3651 = EDGE_CURVE ( 'NONE', #2769, #2575, #1002, .T. ) ;
#3652 = AXIS2_PLACEMENT_3D ( 'NONE', #1440, #3245, #653 ) ;
#3653 = VERTEX_POINT ( 'NONE', #3332 ) ;
#3654 = FACE_OUTER_BOUND ( 'NONE', #2346, .T. ) ;
#3655 =( NAMED_UNIT ( * ) PLANE_ANGLE_UNIT ( ) SI_UNIT ( $, .RADIAN. ) );
#3656 = EDGE_LOOP ( 'NONE', ( #1194, #1266, #3697, #803 ) ) ;
#3657 = VECTOR ( 'NONE', #3305, 1000.000000000000000 ) ;
#3658 = EDGE_CURVE ( 'NONE', #1535, #2988, #1036, .T. ) ;
#3659 = DIRECTION ( 'NONE',  ( 2.168404344971009361E-16, -1.000000000000000000, 0.000000000000000000 ) ) ;
#3660 = EDGE_CURVE ( 'NONE', #2740, #2304, #3600, .T. ) ;
#3661 = DIRECTION ( 'NONE',  ( -1.000000000000000000, 0.000000000000000000, -0.000000000000000000 ) ) ;
#3662 = ORIENTED_EDGE ( 'NONE', *, *, #1038, .F. ) ;
#3663 = CARTESIAN_POINT ( 'NONE',  ( 1.849999999999996536, -11.00000000000000178, 0.000000000000000000 ) ) ;
#3664 = CIRCLE ( 'NONE', #2625, 2.528312163512985045 ) ;
#3665 = EDGE_CURVE ( 'NONE', #896, #2114, #1261, .T. ) ;
#3666 = ORIENTED_EDGE ( 'NONE', *, *, #3307, .T. ) ;
#3667 = CARTESIAN_POINT ( 'NONE',  ( -0.2500000000000019429, -7.000000000000000888, 7.549999999999998934 ) ) ;
#3668 = CARTESIAN_POINT ( 'NONE',  ( 14.75000000000000000, 4.200000000000000178, 7.199999999999996625 ) ) ;
#3669 = FACE_OUTER_BOUND ( 'NONE', #3510, .T. ) ;
#3670 = LINE ( 'NONE', #204, #2288 ) ;
#3671 = DIRECTION ( 'NONE',  ( 1.000000000000000000, 0.000000000000000000, 5.782411586589357392E-17 ) ) ;
#3672 = VERTEX_POINT ( 'NONE', #965 ) ;
#3673 = CARTESIAN_POINT ( 'NONE',  ( 13.95000000000000462, -3.599999999999999201, 11.49999999999999645 ) ) ;
#3674 = ORIENTED_EDGE ( 'NONE', *, *, #973, .T. ) ;
#3675 = CARTESIAN_POINT ( 'NONE',  ( 14.75000000000000000, -6.500000000000000000, 7.199999999999996625 ) ) ;
#3676 = CARTESIAN_POINT ( 'NONE',  ( 2.449999999999998401, -6.499999999999999112, 9.000000000000000000 ) ) ;
#3677 = ORIENTED_EDGE ( 'NONE', *, *, #2876, .T. ) ;
#3678 = CARTESIAN_POINT ( 'NONE',  ( -0.9500000000000018430, -7.000000000000000888, 2.681065389609537331 ) ) ;
#3679 = LINE ( 'NONE', #2861, #3140 ) ;
#3680 = ORIENTED_EDGE ( 'NONE', *, *, #2323, .F. ) ;
#3681 = CARTESIAN_POINT ( 'NONE',  ( 12.45000000000000284, 0.000000000000000000, 11.49999999999999645 ) ) ;
#3682 = VECTOR ( 'NONE', #2010, 1000.000000000000000 ) ;
#3683 = ORIENTED_EDGE ( 'NONE', *, *, #793, .F. ) ;
#3684 = CARTESIAN_POINT ( 'NONE',  ( 0.2499999999999980571, -7.000000000000000888, 7.549999999999998934 ) ) ;
#3685 = FACE_OUTER_BOUND ( 'NONE', #19, .T. ) ;
#3686 = DIRECTION ( 'NONE',  ( 0.000000000000000000, -0.000000000000000000, 1.000000000000000000 ) ) ;
#3687 = DIRECTION ( 'NONE',  ( 0.000000000000000000, -1.000000000000000000, 0.000000000000000000 ) ) ;
#3688 = ORIENTED_EDGE ( 'NONE', *, *, #2943, .F. ) ;
#3689 = PLANE ( 'NONE',  #2270 ) ;
#3690 = ADVANCED_FACE ( 'NONE', ( #2116, #3618, #2402 ), #2418, .F. ) ;
#3691 = CARTESIAN_POINT ( 'NONE',  ( 14.75000000000000000, 6.500000000000000000, 0.000000000000000000 ) ) ;
#3692 = CARTESIAN_POINT ( 'NONE',  ( -13.99999999999999822, -3.600000000000000977, 13.49999999999999645 ) ) ;
#3693 = VERTEX_POINT ( 'NONE', #3582 ) ;
#3694 = AXIS2_PLACEMENT_3D ( 'NONE', #721, #778, #2755 ) ;
#3695 = PLANE ( 'NONE',  #553 ) ;
#3696 = CARTESIAN_POINT ( 'NONE',  ( 2.000000000000000000, -7.000000000000000888, 0.000000000000000000 ) ) ;
#3697 = ORIENTED_EDGE ( 'NONE', *, *, #1530, .T. ) ;
#3698 = DIRECTION ( 'NONE',  ( -1.927470528863118802E-16, -0.000000000000000000, -1.000000000000000000 ) ) ;
#3699 = ADVANCED_FACE ( 'NONE', ( #2192 ), #2734, .F. ) ;
#3700 = VECTOR ( 'NONE', #2170, 1000.000000000000000 ) ;
#3701 = EDGE_LOOP ( 'NONE', ( #3613, #3674, #66, #377 ) ) ;
#3702 = PLANE ( 'NONE',  #3141 ) ;
#3703 = CARTESIAN_POINT ( 'NONE',  ( -13.99999999999999822, 3.599999999999999201, 13.49999999999999645 ) ) ;
#3704 = LINE ( 'NONE', #1101, #738 ) ;
#3705 = CARTESIAN_POINT ( 'NONE',  ( 9.750000000000001776, 0.000000000000000000, 12.49999999999999645 ) ) ;
#3706 = PLANE ( 'NONE',  #3243 ) ;
#3707 = EDGE_LOOP ( 'NONE', ( #1277, #2202, #1050, #1832 ) ) ;
#3708 = EDGE_CURVE ( 'NONE', #1947, #2937, #2853, .T. ) ;
#3709 = VECTOR ( 'NONE', #3281, 1000.000000000000000 ) ;
#3710 = EDGE_CURVE ( 'NONE', #2199, #2491, #1607, .T. ) ;
#3711 = LINE ( 'NONE', #2565, #2390 ) ;
#3712 = EDGE_CURVE ( 'NONE', #2304, #3374, #449, .T. ) ;
#3713 = LINE ( 'NONE', #3427, #3648 ) ;
#3714 = ORIENTED_EDGE ( 'NONE', *, *, #1222, .T. ) ;
#3715 = EDGE_CURVE ( 'NONE', #2112, #1904, #3496, .T. ) ;
#3716 = ORIENTED_EDGE ( 'NONE', *, *, #3153, .F. ) ;
#3717 = LINE ( 'NONE', #2880, #1760 ) ;
#3718 = VECTOR ( 'NONE', #2278, 1000.000000000000000 ) ;
#3719 = PLANE ( 'NONE',  #2405 ) ;
#3720 = ORIENTED_EDGE ( 'NONE', *, *, #591, .T. ) ;
#3721 = CARTESIAN_POINT ( 'NONE',  ( 8.235899607027294067, 3.099999999999999645, 12.49999999999999645 ) ) ;
#3722 = ORIENTED_EDGE ( 'NONE', *, *, #2987, .F. ) ;
#3723 = DIRECTION ( 'NONE',  ( 0.000000000000000000, 0.000000000000000000, 1.000000000000000000 ) ) ;
#3724 = DIRECTION ( 'NONE',  ( 0.000000000000000000, -1.000000000000000000, 0.000000000000000000 ) ) ;
#3725 = DIRECTION ( 'NONE',  ( -0.000000000000000000, 0.000000000000000000, -1.000000000000000000 ) ) ;
#3726 = PRESENTATION_STYLE_ASSIGNMENT (( #3420 ) ) ;
#3727 = CARTESIAN_POINT ( 'NONE',  ( 9.750000000000001776, 0.000000000000000000, 11.49999999999999645 ) ) ;
#3728 = AXIS2_PLACEMENT_3D ( 'NONE', #3647, #773, #2449 ) ;
#3729 = VECTOR ( 'NONE', #2808, 1000.000000000000000 ) ;
#3730 = ORIENTED_EDGE ( 'NONE', *, *, #579, .T. ) ;
#3731 = AXIS2_PLACEMENT_3D ( 'NONE', #810, #3139, #527 ) ;
#3732 = DIRECTION ( 'NONE',  ( 0.000000000000000000, -0.000000000000000000, 1.000000000000000000 ) ) ;
#3733 = EDGE_CURVE ( 'NONE', #1620, #2918, #415, .T. ) ;
#3734 = EDGE_CURVE ( 'NONE', #1226, #717, #3275, .T. ) ;
#3735 = ORIENTED_EDGE ( 'NONE', *, *, #304, .F. ) ;
#3736 = EDGE_LOOP ( 'NONE', ( #1003, #2852, #1671, #1864, #2635, #1052, #1868, #2377 ) ) ;
#3737 = CARTESIAN_POINT ( 'NONE',  ( 2.449999999999997957, -10.49999999999999822, 8.499999999999998224 ) ) ;
#3738 = CARTESIAN_POINT ( 'NONE',  ( 16.89999999999999858, 1.959434878635767449E-16, -3.750000000000039524 ) ) ;
#3739 = ORIENTED_EDGE ( 'NONE', *, *, #1989, .T. ) ;
#3740 = LINE ( 'NONE', #825, #514 ) ;
#3741 = ORIENTED_EDGE ( 'NONE', *, *, #169, .T. ) ;
#3742 = FACE_OUTER_BOUND ( 'NONE', #45, .T. ) ;
#3743 = PLANE ( 'NONE',  #2393 ) ;
#3744 = DIRECTION ( 'NONE',  ( 0.000000000000000000, 0.000000000000000000, 1.000000000000000000 ) ) ;
#3745 = DIRECTION ( 'NONE',  ( -1.000000000000000000, 0.000000000000000000, 0.000000000000000000 ) ) ;
#3746 = ORIENTED_EDGE ( 'NONE', *, *, #683, .F. ) ;
#3747 = CARTESIAN_POINT ( 'NONE',  ( -18.50000000000000000, 0.000000000000000000, 0.000000000000000000 ) ) ;
#3748 = VECTOR ( 'NONE', #1621, 1000.000000000000000 ) ;
#3749 = VECTOR ( 'NONE', #1505, 1000.000000000000000 ) ;
#3750 = ORIENTED_EDGE ( 'NONE', *, *, #2496, .F. ) ;
ENDSEC;
END-ISO-10303-21;
