ISO-10303-21;
HEADER;
FILE_DESCRIPTION (( 'STEP AP214' ),
    '1' );
FILE_NAME ('aluminim sumo chassis.STEP',
    '2025-08-01T05:26:52',
    ( '' ),
    ( '' ),
    'SwSTEP 2.0',
    'SolidWorks 2024',
    '' );
FILE_SCHEMA (( 'AUTOMOTIVE_DESIGN' ));
ENDSEC;

DATA;
#1 = EDGE_CURVE ( 'NONE', #560, #1220, #1451, .T. ) ;
#2 = CARTESIAN_POINT ( 'NONE',  ( 55.49999999999995737, 43.00000000000024869, 1.000000000000000000 ) ) ;
#3 = EDGE_LOOP ( 'NONE', ( #1817, #1487, #74, #1161 ) ) ;
#4 = ORIENTED_EDGE ( 'NONE', *, *, #1163, .T. ) ;
#5 = LINE ( 'NONE', #865, #827 ) ;
#6 = LINE ( 'NONE', #1223, #2033 ) ;
#7 = EDGE_LOOP ( 'NONE', ( #1755, #2241, #2191, #339 ) ) ;
#8 = LINE ( 'NONE', #1733, #162 ) ;
#9 = CIRCLE ( 'NONE', #1292, 2.499999999999998668 ) ;
#10 = AXIS2_PLACEMENT_3D ( 'NONE', #229, #2130, #2139 ) ;
#11 = DIRECTION ( 'NONE',  ( -1.000000000000000000, 0.000000000000000000, 0.000000000000000000 ) ) ;
#12 = FACE_OUTER_BOUND ( 'NONE', #1361, .T. ) ;
#13 = VECTOR ( 'NONE', #1558, 1000.000000000000000 ) ;
#14 = EDGE_CURVE ( 'NONE', #783, #1325, #1520, .T. ) ;
#15 = ORIENTED_EDGE ( 'NONE', *, *, #109, .F. ) ;
#16 = ORIENTED_EDGE ( 'NONE', *, *, #401, .T. ) ;
#17 = VECTOR ( 'NONE', #485, 1000.000000000000000 ) ;
#18 = EDGE_CURVE ( 'NONE', #422, #2242, #1844, .T. ) ;
#19 = CARTESIAN_POINT ( 'NONE',  ( -55.50000000000003553, -27.48183347201603510, -9.000000000000001776 ) ) ;
#20 = CARTESIAN_POINT ( 'NONE',  ( -96.50000000000004263, 72.50000000000000000, 1.000000000000000000 ) ) ;
#21 = ORIENTED_EDGE ( 'NONE', *, *, #265, .T. ) ;
#22 = CARTESIAN_POINT ( 'NONE',  ( -60.00000000000004263, 65.50000000000017053, 1.000000000000000000 ) ) ;
#23 = CARTESIAN_POINT ( 'NONE',  ( 97.49999999999991473, 10.25908326399208370, 0.000000000000000000 ) ) ;
#24 = CARTESIAN_POINT ( 'NONE',  ( -60.00000000000004263, 65.50000000000017053, 1.000000000000000000 ) ) ;
#25 = FACE_OUTER_BOUND ( 'NONE', #607, .T. ) ;
#26 = ORIENTED_EDGE ( 'NONE', *, *, #2177, .F. ) ;
#27 = ADVANCED_FACE ( 'NONE', ( #1148 ), #1353, .T. ) ;
#28 = ORIENTED_EDGE ( 'NONE', *, *, #1390, .T. ) ;
#29 = CARTESIAN_POINT ( 'NONE',  ( 96.49999999999994316, 112.4999999999999716, 1.000000000000000000 ) ) ;
#30 = CARTESIAN_POINT ( 'NONE',  ( -19.50000000000003197, 28.00000000000016342, -9.000000000000001776 ) ) ;
#31 = EDGE_CURVE ( 'NONE', #1272, #2228, #1688, .T. ) ;
#32 = EDGE_LOOP ( 'NONE', ( #1351, #514, #16, #1168 ) ) ;
#33 = CARTESIAN_POINT ( 'NONE',  ( 97.49999999999991473, 10.25908326399208370, 0.000000000000000000 ) ) ;
#34 = CARTESIAN_POINT ( 'NONE',  ( -55.50000000000004263, 28.00000000000016342, 1.000000000000000000 ) ) ;
#35 = CARTESIAN_POINT ( 'NONE',  ( -53.00000000000002842, 28.00000000000016342, 0.000000000000000000 ) ) ;
#36 = AXIS2_PLACEMENT_3D ( 'NONE', #23, #1425, #708 ) ;
#37 = CARTESIAN_POINT ( 'NONE',  ( -53.00000000000002842, 23.00000000000016698, 1.000000000000000000 ) ) ;
#38 = ORIENTED_EDGE ( 'NONE', *, *, #1575, .T. ) ;
#39 = ORIENTED_EDGE ( 'NONE', *, *, #1418, .F. ) ;
#40 = CARTESIAN_POINT ( 'NONE',  ( -55.50000000000004263, 48.00000000000017053, 1.000000000000000000 ) ) ;
#41 = CARTESIAN_POINT ( 'NONE',  ( 96.49999999999991473, -14.74091673600791808, 3.061616997868383437E-15 ) ) ;
#42 = ADVANCED_FACE ( 'NONE', ( #1854 ), #475, .F. ) ;
#43 = DIRECTION ( 'NONE',  ( 9.570888143320315641E-17, -1.000000000000000000, 0.000000000000000000 ) ) ;
#44 = CARTESIAN_POINT ( 'NONE',  ( -22.00000000000003197, 23.00000000000016698, 1.000000000000000000 ) ) ;
#45 = CIRCLE ( 'NONE', #345, 2.500000000000002220 ) ;
#46 = FACE_OUTER_BOUND ( 'NONE', #675, .T. ) ;
#47 = AXIS2_PLACEMENT_3D ( 'NONE', #845, #347, #2260 ) ;
#48 = EDGE_LOOP ( 'NONE', ( #2044, #564, #1475, #86 ) ) ;
#49 = VECTOR ( 'NONE', #2146, 1000.000000000000000 ) ;
#50 = ORIENTED_EDGE ( 'NONE', *, *, #1549, .T. ) ;
#51 = DIRECTION ( 'NONE',  ( -0.000000000000000000, -0.000000000000000000, 1.000000000000000000 ) ) ;
#52 = DIRECTION ( 'NONE',  ( -1.000000000000000000, 3.965082230804130220E-16, -0.000000000000000000 ) ) ;
#53 = EDGE_CURVE ( 'NONE', #517, #2218, #798, .T. ) ;
#54 = LINE ( 'NONE', #1125, #1078 ) ;
#55 = CARTESIAN_POINT ( 'NONE',  ( -8.089384084865937595E-15, 112.4999999999999716, 1.000000000000000000 ) ) ;
#56 = CIRCLE ( 'NONE', #727, 2.499999999999998668 ) ;
#57 = EDGE_CURVE ( 'NONE', #1977, #1578, #108, .T. ) ;
#58 = CYLINDRICAL_SURFACE ( 'NONE', #1654, 2.500000000000002220 ) ;
#59 = ORIENTED_EDGE ( 'NONE', *, *, #666, .T. ) ;
#60 = AXIS2_PLACEMENT_3D ( 'NONE', #20, #1065, #1580 ) ;
#61 = ORIENTED_EDGE ( 'NONE', *, *, #471, .F. ) ;
#62 = CARTESIAN_POINT ( 'NONE',  ( -53.00000000000003553, 43.00000000000016342, 0.000000000000000000 ) ) ;
#63 = PLANE ( 'NONE',  #1162 ) ;
#64 = ORIENTED_EDGE ( 'NONE', *, *, #711, .T. ) ;
#65 = CYLINDRICAL_SURFACE ( 'NONE', #1241, 2.500000000000002220 ) ;
#66 = FACE_BOUND ( 'NONE', #1841, .T. ) ;
#67 = LINE ( 'NONE', #1993, #2074 ) ;
#68 = ORIENTED_EDGE ( 'NONE', *, *, #922, .F. ) ;
#69 = EDGE_CURVE ( 'NONE', #302, #1194, #807, .T. ) ;
#70 = ORIENTED_EDGE ( 'NONE', *, *, #1920, .T. ) ;
#71 = CARTESIAN_POINT ( 'NONE',  ( -53.00000000000002842, -32.48183347201603510, 1.000000000000000000 ) ) ;
#72 = CARTESIAN_POINT ( 'NONE',  ( -55.50000000000002842, -47.48183347201602800, 0.000000000000000000 ) ) ;
#73 = EDGE_LOOP ( 'NONE', ( #394, #900, #303, #473 ) ) ;
#74 = ORIENTED_EDGE ( 'NONE', *, *, #1021, .F. ) ;
#75 = FACE_OUTER_BOUND ( 'NONE', #691, .T. ) ;
#76 = FACE_OUTER_BOUND ( 'NONE', #1691, .T. ) ;
#77 = AXIS2_PLACEMENT_3D ( 'NONE', #395, #1434, #544 ) ;
#78 = CARTESIAN_POINT ( 'NONE',  ( 22.00000000000007461, -46.99999999999979394, 0.000000000000000000 ) ) ;
#79 = ORIENTED_EDGE ( 'NONE', *, *, #1, .F. ) ;
#80 = VECTOR ( 'NONE', #1357, 1000.000000000000000 ) ;
#81 = AXIS2_PLACEMENT_3D ( 'NONE', #1671, #1848, #92 ) ;
#82 = EDGE_CURVE ( 'NONE', #803, #1253, #647, .T. ) ;
#83 = CARTESIAN_POINT ( 'NONE',  ( -53.00000000000003553, 48.00000000000017053, -9.000000000000001776 ) ) ;
#84 = VECTOR ( 'NONE', #728, 1000.000000000000000 ) ;
#85 = DIRECTION ( 'NONE',  ( -0.000000000000000000, -0.000000000000000000, 1.000000000000000000 ) ) ;
#86 = ORIENTED_EDGE ( 'NONE', *, *, #1619, .F. ) ;
#87 = ORIENTED_EDGE ( 'NONE', *, *, #1164, .F. ) ;
#88 = CARTESIAN_POINT ( 'NONE',  ( -53.00000000000003553, 43.00000000000016342, 1.000000000000000000 ) ) ;
#89 = PLANE ( 'NONE',  #1335 ) ;
#90 = LINE ( 'NONE', #775, #1099 ) ;
#91 = ORIENTED_EDGE ( 'NONE', *, *, #1388, .F. ) ;
#92 = DIRECTION ( 'NONE',  ( -1.000000000000000000, 0.000000000000000000, 0.000000000000000000 ) ) ;
#93 = VECTOR ( 'NONE', #191, 1000.000000000000000 ) ;
#94 = DIRECTION ( 'NONE',  ( 1.353527981623946787E-16, -0.7071067811865489050, 0.7071067811865461294 ) ) ;
#95 = ORIENTED_EDGE ( 'NONE', *, *, #361, .T. ) ;
#96 = VERTEX_POINT ( 'NONE', #818 ) ;
#97 = EDGE_CURVE ( 'NONE', #495, #1493, #573, .T. ) ;
#98 = CARTESIAN_POINT ( 'NONE',  ( -95.00000000000004263, 65.50000000000018474, 0.000000000000000000 ) ) ;
#99 = DIRECTION ( 'NONE',  ( -0.000000000000000000, -0.000000000000000000, 1.000000000000000000 ) ) ;
#100 = CIRCLE ( 'NONE', #1938, 2.500000000000009326 ) ;
#101 = DIRECTION ( 'NONE',  ( 0.000000000000000000, -1.000000000000000000, 0.000000000000000000 ) ) ;
#102 = ORIENTED_EDGE ( 'NONE', *, *, #2235, .T. ) ;
#103 = DIRECTION ( 'NONE',  ( -0.000000000000000000, -1.000000000000000000, -0.000000000000000000 ) ) ;
#104 = CARTESIAN_POINT ( 'NONE',  ( 24.50000000000007461, -26.99999999999979394, 1.000000000000000000 ) ) ;
#105 = ORIENTED_EDGE ( 'NONE', *, *, #2247, .F. ) ;
#106 = ORIENTED_EDGE ( 'NONE', *, *, #1584, .F. ) ;
#107 = CARTESIAN_POINT ( 'NONE',  ( 50.49999999999994316, -52.48183347201609905, -9.000000000000001776 ) ) ;
#108 = LINE ( 'NONE', #1832, #1840 ) ;
#109 = EDGE_CURVE ( 'NONE', #620, #136, #463, .T. ) ;
#110 = DIRECTION ( 'NONE',  ( -1.000000000000000000, 0.000000000000000000, -0.000000000000000000 ) ) ;
#111 = ORIENTED_EDGE ( 'NONE', *, *, #1587, .F. ) ;
#112 = EDGE_CURVE ( 'NONE', #517, #448, #2179, .T. ) ;
#113 =( LENGTH_UNIT ( ) NAMED_UNIT ( * ) SI_UNIT ( .MILLI., .METRE. ) );
#114 = FACE_OUTER_BOUND ( 'NONE', #618, .T. ) ;
#115 = CARTESIAN_POINT ( 'NONE',  ( -55.50000000000002842, -52.48183347201602800, -9.000000000000001776 ) ) ;
#116 = ORIENTED_EDGE ( 'NONE', *, *, #441, .T. ) ;
#117 = CIRCLE ( 'NONE', #2062, 2.499999999999998668 ) ;
#118 = EDGE_LOOP ( 'NONE', ( #443, #2103, #2093, #1322 ) ) ;
#119 = DIRECTION ( 'NONE',  ( 1.000000000000000000, 0.000000000000000000, 0.000000000000000000 ) ) ;
#120 = DIRECTION ( 'NONE',  ( -0.000000000000000000, -0.000000000000000000, 1.000000000000000000 ) ) ;
#121 = ADVANCED_FACE ( 'NONE', ( #1329 ), #1698, .F. ) ;
#122 = LINE ( 'NONE', #1529, #186 ) ;
#123 = ORIENTED_EDGE ( 'NONE', *, *, #1561, .T. ) ;
#124 = VECTOR ( 'NONE', #1363, 1000.000000000000000 ) ;
#125 = EDGE_CURVE ( 'NONE', #967, #1076, #622, .T. ) ;
#126 = SHAPE_DEFINITION_REPRESENTATION ( #624, #1611 ) ;
#127 = CARTESIAN_POINT ( 'NONE',  ( -24.50000000000002842, 48.00000000000017053, 1.000000000000000000 ) ) ;
#128 = DIRECTION ( 'NONE',  ( -9.570888143320315641E-17, 1.000000000000000000, 0.000000000000000000 ) ) ;
#129 = VERTEX_POINT ( 'NONE', #2201 ) ;
#130 = ORIENTED_EDGE ( 'NONE', *, *, #1009, .F. ) ;
#131 = VECTOR ( 'NONE', #2245, 1000.000000000000000 ) ;
#132 = ORIENTED_EDGE ( 'NONE', *, *, #1902, .T. ) ;
#133 = DIRECTION ( 'NONE',  ( 1.000000000000000000, 0.000000000000000000, 0.000000000000000000 ) ) ;
#134 = CARTESIAN_POINT ( 'NONE',  ( 50.49999999999994316, -47.48183347201609195, -9.000000000000001776 ) ) ;
#135 = DIRECTION ( 'NONE',  ( -6.767639908119733935E-17, 0.7071067811865489050, -0.7071067811865461294 ) ) ;
#136 = VERTEX_POINT ( 'NONE', #971 ) ;
#137 = ADVANCED_FACE ( 'NONE', ( #1527 ), #89, .F. ) ;
#138 = CARTESIAN_POINT ( 'NONE',  ( -19.50000000000003197, 28.00000000000016342, -9.000000000000001776 ) ) ;
#139 = DIRECTION ( 'NONE',  ( -0.000000000000000000, 0.000000000000000000, 1.000000000000000000 ) ) ;
#140 = ORIENTED_EDGE ( 'NONE', *, *, #1987, .T. ) ;
#141 = ORIENTED_EDGE ( 'NONE', *, *, #1175, .T. ) ;
#142 = CIRCLE ( 'NONE', #1499, 2.500000000000009326 ) ;
#143 = ORIENTED_EDGE ( 'NONE', *, *, #905, .F. ) ;
#144 = CARTESIAN_POINT ( 'NONE',  ( 59.99999999999997158, 10.25908326399208015, 1.000000000000000000 ) ) ;
#145 = DIRECTION ( 'NONE',  ( -1.000000000000000000, 0.000000000000000000, -0.000000000000000000 ) ) ;
#146 = DIRECTION ( 'NONE',  ( -0.000000000000000000, 0.000000000000000000, 1.000000000000000000 ) ) ;
#147 = ORIENTED_EDGE ( 'NONE', *, *, #1435, .T. ) ;
#148 =( NAMED_UNIT ( * ) PLANE_ANGLE_UNIT ( ) SI_UNIT ( $, .RADIAN. ) );
#149 = CARTESIAN_POINT ( 'NONE',  ( -19.50000000000003197, 23.00000000000016698, 0.000000000000000000 ) ) ;
#150 = DIRECTION ( 'NONE',  ( 1.000000000000000000, 0.000000000000000000, 0.000000000000000000 ) ) ;
#151 = VERTEX_POINT ( 'NONE', #657 ) ;
#152 = ADVANCED_FACE ( 'NONE', ( #76 ), #1491, .F. ) ;
#153 = ORIENTED_EDGE ( 'NONE', *, *, #199, .F. ) ;
#154 = ORIENTED_EDGE ( 'NONE', *, *, #1784, .T. ) ;
#155 = LINE ( 'NONE', #1579, #13 ) ;
#156 = SURFACE_STYLE_USAGE ( .BOTH. , #1732 ) ;
#157 = EDGE_CURVE ( 'NONE', #531, #548, #2002, .T. ) ;
#158 = AXIS2_PLACEMENT_3D ( 'NONE', #1309, #1823, #786 ) ;
#159 = CARTESIAN_POINT ( 'NONE',  ( -24.50000000000002842, 43.00000000000016342, 1.000000000000000000 ) ) ;
#160 = VECTOR ( 'NONE', #1858, 1000.000000000000000 ) ;
#161 = CARTESIAN_POINT ( 'NONE',  ( 0.000000000000000000, 0.000000000000000000, 1.000000000000000000 ) ) ;
#162 = VECTOR ( 'NONE', #1398, 1000.000000000000000 ) ;
#163 = CARTESIAN_POINT ( 'NONE',  ( -50.50000000000002132, -32.48183347201603510, -9.000000000000001776 ) ) ;
#164 = DIRECTION ( 'NONE',  ( -0.000000000000000000, 0.000000000000000000, 1.000000000000000000 ) ) ;
#165 = DIRECTION ( 'NONE',  ( 0.000000000000000000, -1.000000000000000000, 0.000000000000000000 ) ) ;
#166 = ORIENTED_EDGE ( 'NONE', *, *, #1515, .T. ) ;
#167 = ORIENTED_EDGE ( 'NONE', *, *, #1762, .T. ) ;
#168 = ORIENTED_EDGE ( 'NONE', *, *, #1152, .F. ) ;
#169 = CARTESIAN_POINT ( 'NONE',  ( 55.49999999999995737, 0.000000000000000000, 0.000000000000000000 ) ) ;
#170 = PRESENTATION_STYLE_ASSIGNMENT (( #156 ) ) ;
#171 = DIRECTION ( 'NONE',  ( -1.000000000000000000, 0.000000000000000000, 0.000000000000000000 ) ) ;
#172 = EDGE_CURVE ( 'NONE', #1023, #1076, #2012, .T. ) ;
#173 = VECTOR ( 'NONE', #1047, 1000.000000000000000 ) ;
#174 = FACE_BOUND ( 'NONE', #1072, .T. ) ;
#175 = DIRECTION ( 'NONE',  ( 1.914177628664063128E-16, -1.000000000000000000, 0.000000000000000000 ) ) ;
#176 = ORIENTED_EDGE ( 'NONE', *, *, #1346, .T. ) ;
#177 = ORIENTED_EDGE ( 'NONE', *, *, #1936, .T. ) ;
#178 = CARTESIAN_POINT ( 'NONE',  ( -96.50000000000004263, 65.50000000000018474, 0.000000000000000000 ) ) ;
#179 = DIRECTION ( 'NONE',  ( -0.000000000000000000, 1.000000000000000000, -0.000000000000000000 ) ) ;
#180 = EDGE_LOOP ( 'NONE', ( #1658, #354, #1186, #1909 ) ) ;
#181 = CARTESIAN_POINT ( 'NONE',  ( 19.50000000000007461, 0.000000000000000000, 0.000000000000000000 ) ) ;
#182 = AXIS2_PLACEMENT_3D ( 'NONE', #820, #995, #648 ) ;
#183 = EDGE_CURVE ( 'NONE', #1786, #1339, #1227, .T. ) ;
#184 = PLANE ( 'NONE',  #1419 ) ;
#185 = VECTOR ( 'NONE', #599, 1000.000000000000000 ) ;
#186 = VECTOR ( 'NONE', #1877, 1000.000000000000000 ) ;
#187 = CARTESIAN_POINT ( 'NONE',  ( 96.49999999999994316, 113.4999999999999858, 0.000000000000000000 ) ) ;
#188 = EDGE_LOOP ( 'NONE', ( #461, #1852, #1053, #1383 ) ) ;
#189 = ORIENTED_EDGE ( 'NONE', *, *, #609, .T. ) ;
#190 = DIRECTION ( 'NONE',  ( -1.000000000000000000, 0.000000000000000000, -0.000000000000000000 ) ) ;
#191 = DIRECTION ( 'NONE',  ( -0.000000000000000000, 1.000000000000000000, -0.000000000000000000 ) ) ;
#192 = ORIENTED_EDGE ( 'NONE', *, *, #183, .F. ) ;
#193 = DIRECTION ( 'NONE',  ( 0.000000000000000000, 0.000000000000000000, 1.000000000000000000 ) ) ;
#194 = CARTESIAN_POINT ( 'NONE',  ( 52.99999999999995026, -52.48183347201609905, 0.000000000000000000 ) ) ;
#195 = FACE_OUTER_BOUND ( 'NONE', #1545, .T. ) ;
#196 = EDGE_CURVE ( 'NONE', #778, #539, #360, .T. ) ;
#197 = DIRECTION ( 'NONE',  ( -0.000000000000000000, -0.000000000000000000, 1.000000000000000000 ) ) ;
#198 = AXIS2_PLACEMENT_3D ( 'NONE', #604, #771, #1986 ) ;
#199 = EDGE_CURVE ( 'NONE', #835, #1483, #8, .T. ) ;
#200 = ORIENTED_EDGE ( 'NONE', *, *, #263, .T. ) ;
#201 = ORIENTED_EDGE ( 'NONE', *, *, #1549, .F. ) ;
#202 = CIRCLE ( 'NONE', #1595, 2.500000000000009326 ) ;
#203 = CARTESIAN_POINT ( 'NONE',  ( 96.49999999999991473, 10.25908326399208370, 1.000000000000000000 ) ) ;
#204 = FILL_AREA_STYLE ('',( #1780 ) ) ;
#205 = VERTEX_POINT ( 'NONE', #680 ) ;
#206 = LINE ( 'NONE', #33, #1472 ) ;
#207 = FACE_OUTER_BOUND ( 'NONE', #804, .T. ) ;
#208 = DIRECTION ( 'NONE',  ( -0.000000000000000000, 0.000000000000000000, 1.000000000000000000 ) ) ;
#209 = PLANE ( 'NONE',  #1494 ) ;
#210 = ADVANCED_FACE ( 'NONE', ( #694 ), #1235, .F. ) ;
#211 = APPLICATION_CONTEXT ( 'automotive_design' ) ;
#212 = ORIENTED_EDGE ( 'NONE', *, *, #456, .F. ) ;
#213 = EDGE_CURVE ( 'NONE', #1897, #1027, #1709, .T. ) ;
#214 = ORIENTED_EDGE ( 'NONE', *, *, #805, .T. ) ;
#215 = CARTESIAN_POINT ( 'NONE',  ( 50.49999999999994316, 43.00000000000024869, -9.000000000000001776 ) ) ;
#216 = LINE ( 'NONE', #1998, #571 ) ;
#217 = DIRECTION ( 'NONE',  ( -0.000000000000000000, -0.000000000000000000, 1.000000000000000000 ) ) ;
#218 = DIRECTION ( 'NONE',  ( 0.000000000000000000, 0.000000000000000000, 1.000000000000000000 ) ) ;
#219 = FACE_BOUND ( 'NONE', #501, .T. ) ;
#220 = LINE ( 'NONE', #581, #1962 ) ;
#221 = ORIENTED_EDGE ( 'NONE', *, *, #777, .T. ) ;
#222 = EDGE_LOOP ( 'NONE', ( #600, #59, #1394, #2123 ) ) ;
#223 = AXIS2_PLACEMENT_3D ( 'NONE', #1147, #218, #407 ) ;
#224 = CARTESIAN_POINT ( 'NONE',  ( -50.50000000000002132, -27.48183347201603510, 1.000000000000000000 ) ) ;
#225 = DIRECTION ( 'NONE',  ( 1.000000000000000000, 0.000000000000000000, 0.000000000000000000 ) ) ;
#226 = EDGE_CURVE ( 'NONE', #974, #1892, #2060, .T. ) ;
#227 = ADVANCED_FACE ( 'NONE', ( #1202 ), #718, .F. ) ;
#228 = PLANE ( 'NONE',  #612 ) ;
#229 = CARTESIAN_POINT ( 'NONE',  ( -22.00000000000003197, 28.00000000000016342, 1.000000000000000000 ) ) ;
#230 = AXIS2_PLACEMENT_3D ( 'NONE', #1621, #1112, #1783 ) ;
#231 = CARTESIAN_POINT ( 'NONE',  ( 50.49999999999995737, 28.00000000000024869, -9.000000000000001776 ) ) ;
#232 = ORIENTED_EDGE ( 'NONE', *, *, #1712, .T. ) ;
#233 = VECTOR ( 'NONE', #707, 1000.000000000000000 ) ;
#234 = AXIS2_PLACEMENT_3D ( 'NONE', #1715, #1868, #139 ) ;
#235 = ORIENTED_EDGE ( 'NONE', *, *, #370, .F. ) ;
#236 = DIRECTION ( 'NONE',  ( -0.000000000000000000, -0.000000000000000000, 1.000000000000000000 ) ) ;
#237 = CARTESIAN_POINT ( 'NONE',  ( 50.49999999999995737, -32.48183347201609195, 0.000000000000000000 ) ) ;
#238 = EDGE_LOOP ( 'NONE', ( #1359, #1156, #887, #981 ) ) ;
#239 = CARTESIAN_POINT ( 'NONE',  ( 59.99999999999995737, -14.74091673600792163, 1.000000000000000000 ) ) ;
#240 = LINE ( 'NONE', #1289, #1624 ) ;
#241 = EDGE_CURVE ( 'NONE', #1680, #1607, #1921, .T. ) ;
#242 = DIRECTION ( 'NONE',  ( 1.000000000000000000, 0.000000000000000000, 0.000000000000000000 ) ) ;
#243 = ORIENTED_EDGE ( 'NONE', *, *, #1859, .T. ) ;
#244 = ORIENTED_EDGE ( 'NONE', *, *, #414, .T. ) ;
#245 = CARTESIAN_POINT ( 'NONE',  ( -50.50000000000002132, 48.00000000000017053, -9.000000000000001776 ) ) ;
#246 = CARTESIAN_POINT ( 'NONE',  ( -96.50000000000004263, 65.50000000000018474, 1.000000000000000000 ) ) ;
#247 = VERTEX_POINT ( 'NONE', #159 ) ;
#248 = CARTESIAN_POINT ( 'NONE',  ( -96.50000000000004263, 72.50000000000000000, 1.000000000000000000 ) ) ;
#249 = CARTESIAN_POINT ( 'NONE',  ( 50.49999999999995737, -32.48183347201609195, -9.000000000000001776 ) ) ;
#250 = EDGE_CURVE ( 'NONE', #1493, #1578, #333, .T. ) ;
#251 = CARTESIAN_POINT ( 'NONE',  ( -60.00000000000004263, 65.50000000000017053, 1.000000000000000000 ) ) ;
#252 = ORIENTED_EDGE ( 'NONE', *, *, #373, .T. ) ;
#253 = EDGE_CURVE ( 'NONE', #247, #151, #1626, .T. ) ;
#254 = LINE ( 'NONE', #1818, #1402 ) ;
#255 = CARTESIAN_POINT ( 'NONE',  ( 22.00000000000007461, -46.99999999999979394, -9.000000000000001776 ) ) ;
#256 = CIRCLE ( 'NONE', #223, 2.500000000000002220 ) ;
#257 = ORIENTED_EDGE ( 'NONE', *, *, #1821, .F. ) ;
#258 = EDGE_LOOP ( 'NONE', ( #2221, #426, #1648, #1096, #1428, #166, #1360, #2126, #1556, #322, #2207, #2010, #1155, #2020, #1302, #1477 ) ) ;
#259 = CARTESIAN_POINT ( 'NONE',  ( -50.50000000000002132, 0.000000000000000000, 0.000000000000000000 ) ) ;
#260 = CARTESIAN_POINT ( 'NONE',  ( -50.50000000000002132, -27.48183347201603510, -9.000000000000001776 ) ) ;
#261 = DIRECTION ( 'NONE',  ( -1.156482317317871725E-16, 1.000000000000000000, -0.000000000000000000 ) ) ;
#262 = ORIENTED_EDGE ( 'NONE', *, *, #361, .F. ) ;
#263 = EDGE_CURVE ( 'NONE', #782, #549, #668, .T. ) ;
#264 = VECTOR ( 'NONE', #1703, 1000.000000000000000 ) ;
#265 = EDGE_CURVE ( 'NONE', #830, #548, #1213, .T. ) ;
#266 = CARTESIAN_POINT ( 'NONE',  ( 22.00000000000007461, -51.99999999999979394, 0.000000000000000000 ) ) ;
#267 = LINE ( 'NONE', #1837, #719 ) ;
#268 = ORIENTED_EDGE ( 'NONE', *, *, #1814, .T. ) ;
#269 = ORIENTED_EDGE ( 'NONE', *, *, #523, .T. ) ;
#270 = AXIS2_PLACEMENT_3D ( 'NONE', #2246, #1043, #486 ) ;
#271 = DIRECTION ( 'NONE',  ( 1.000000000000000000, -0.000000000000000000, 0.000000000000000000 ) ) ;
#272 = CARTESIAN_POINT ( 'NONE',  ( 97.49999999999991473, 10.25908326399208370, 0.000000000000000000 ) ) ;
#273 = CIRCLE ( 'NONE', #1018, 2.500000000000009326 ) ;
#274 = CARTESIAN_POINT ( 'NONE',  ( 50.49999999999994316, 48.00000000000024869, 1.000000000000000000 ) ) ;
#275 = EDGE_LOOP ( 'NONE', ( #318, #1908, #106, #1851 ) ) ;
#276 = APPLICATION_PROTOCOL_DEFINITION ( 'draft international standard', 'automotive_design', 1998, #211 ) ;
#277 = CYLINDRICAL_SURFACE ( 'NONE', #672, 2.500000000000009326 ) ;
#278 = VECTOR ( 'NONE', #889, 1000.000000000000000 ) ;
#279 = CARTESIAN_POINT ( 'NONE',  ( -96.50000000000002842, 10.25908326399206416, 0.000000000000000000 ) ) ;
#280 = ADVANCED_FACE ( 'NONE', ( #1067 ), #2085, .F. ) ;
#281 = ORIENTED_EDGE ( 'NONE', *, *, #112, .T. ) ;
#282 = ORIENTED_EDGE ( 'NONE', *, *, #499, .F. ) ;
#283 = APPLICATION_CONTEXT ( 'automotive_design' ) ;
#284 = CARTESIAN_POINT ( 'NONE',  ( 50.49999999999995737, 23.00000000000024869, 1.000000000000000000 ) ) ;
#285 = DIRECTION ( 'NONE',  ( -1.000000000000000000, 0.000000000000000000, 0.000000000000000000 ) ) ;
#286 = DIRECTION ( 'NONE',  ( 0.000000000000000000, 1.000000000000000000, 0.000000000000000000 ) ) ;
#287 = ORIENTED_EDGE ( 'NONE', *, *, #527, .T. ) ;
#288 = AXIS2_PLACEMENT_3D ( 'NONE', #1540, #2181, #500 ) ;
#289 = CARTESIAN_POINT ( 'NONE',  ( -19.50000000000003197, 28.00000000000016342, 1.000000000000000000 ) ) ;
#290 = LINE ( 'NONE', #2194, #1809 ) ;
#291 = AXIS2_PLACEMENT_3D ( 'NONE', #635, #2026, #1007 ) ;
#292 = ORIENTED_EDGE ( 'NONE', *, *, #1388, .T. ) ;
#293 = ORIENTED_EDGE ( 'NONE', *, *, #1498, .T. ) ;
#294 = EDGE_CURVE ( 'NONE', #343, #589, #881, .T. ) ;
#295 = VECTOR ( 'NONE', #2213, 1000.000000000000000 ) ;
#296 = FACE_OUTER_BOUND ( 'NONE', #1711, .T. ) ;
#297 = DIRECTION ( 'NONE',  ( 1.156482317317871478E-16, -1.000000000000000000, 0.000000000000000000 ) ) ;
#298 = PLANE ( 'NONE',  #2261 ) ;
#299 = ORIENTED_EDGE ( 'NONE', *, *, #743, .F. ) ;
#300 = DIRECTION ( 'NONE',  ( -0.000000000000000000, 0.000000000000000000, 1.000000000000000000 ) ) ;
#301 = DIRECTION ( 'NONE',  ( -0.000000000000000000, -0.000000000000000000, 1.000000000000000000 ) ) ;
#302 = VERTEX_POINT ( 'NONE', #891 ) ;
#303 = ORIENTED_EDGE ( 'NONE', *, *, #53, .F. ) ;
#304 = EDGE_LOOP ( 'NONE', ( #1870, #814, #1649, #282 ) ) ;
#305 = VECTOR ( 'NONE', #301, 1000.000000000000000 ) ;
#306 = DIRECTION ( 'NONE',  ( -1.000000000000000000, -9.570888143320315641E-17, 0.000000000000000000 ) ) ;
#307 = DIRECTION ( 'NONE',  ( 0.000000000000000000, 1.000000000000000000, 0.000000000000000000 ) ) ;
#308 = VECTOR ( 'NONE', #99, 1000.000000000000000 ) ;
#309 = ADVANCED_FACE ( 'NONE', ( #1572 ), #1874, .T. ) ;
#310 = LINE ( 'NONE', #1845, #374 ) ;
#311 = EDGE_LOOP ( 'NONE', ( #116, #1856, #853, #2081 ) ) ;
#312 = VECTOR ( 'NONE', #497, 1000.000000000000000 ) ;
#313 = DIRECTION ( 'NONE',  ( 1.000000000000000000, 0.000000000000000000, 0.000000000000000000 ) ) ;
#314 = DIRECTION ( 'NONE',  ( 1.000000000000000000, 9.570888143320315641E-17, -0.000000000000000000 ) ) ;
#315 = EDGE_LOOP ( 'NONE', ( #316, #1230, #488, #1497 ) ) ;
#316 = ORIENTED_EDGE ( 'NONE', *, *, #326, .T. ) ;
#317 = AXIS2_PLACEMENT_3D ( 'NONE', #716, #739, #729 ) ;
#318 = ORIENTED_EDGE ( 'NONE', *, *, #722, .T. ) ;
#319 = DIRECTION ( 'NONE',  ( 0.000000000000000000, 0.000000000000000000, 1.000000000000000000 ) ) ;
#320 = DIRECTION ( 'NONE',  ( -0.000000000000000000, 0.000000000000000000, 1.000000000000000000 ) ) ;
#321 = DIRECTION ( 'NONE',  ( 1.000000000000000000, 0.000000000000000000, 0.000000000000000000 ) ) ;
#322 = ORIENTED_EDGE ( 'NONE', *, *, #1685, .F. ) ;
#323 = EDGE_CURVE ( 'NONE', #1350, #1261, #9, .T. ) ;
#324 = PRODUCT_CONTEXT ( 'NONE', #283, 'mechanical' ) ;
#325 = DIRECTION ( 'NONE',  ( -0.000000000000000000, 0.000000000000000000, 1.000000000000000000 ) ) ;
#326 = EDGE_CURVE ( 'NONE', #665, #1483, #1550, .T. ) ;
#327 = DIRECTION ( 'NONE',  ( -0.000000000000000000, 0.000000000000000000, 1.000000000000000000 ) ) ;
#328 = ORIENTED_EDGE ( 'NONE', *, *, #2187, .T. ) ;
#329 = ORIENTED_EDGE ( 'NONE', *, *, #2013, .T. ) ;
#330 = ORIENTED_EDGE ( 'NONE', *, *, #2128, .F. ) ;
#331 = DIRECTION ( 'NONE',  ( -0.000000000000000000, 0.000000000000000000, 1.000000000000000000 ) ) ;
#332 = AXIS2_PLACEMENT_3D ( 'NONE', #2099, #1761, #2248 ) ;
#333 = LINE ( 'NONE', #868, #939 ) ;
#334 = CARTESIAN_POINT ( 'NONE',  ( 19.50000000000007461, -26.99999999999979394, 1.000000000000000000 ) ) ;
#335 = DIRECTION ( 'NONE',  ( -1.914177628664063128E-16, 1.000000000000000000, -0.000000000000000000 ) ) ;
#336 = EDGE_CURVE ( 'NONE', #96, #1272, #206, .T. ) ;
#337 = DIRECTION ( 'NONE',  ( 0.000000000000000000, 0.000000000000000000, -1.000000000000000000 ) ) ;
#338 = DIRECTION ( 'NONE',  ( -0.000000000000000000, -0.000000000000000000, 1.000000000000000000 ) ) ;
#339 = ORIENTED_EDGE ( 'NONE', *, *, #1079, .F. ) ;
#340 = VECTOR ( 'NONE', #1769, 1000.000000000000000 ) ;
#341 = EDGE_CURVE ( 'NONE', #1603, #1625, #1935, .T. ) ;
#342 = ORIENTED_EDGE ( 'NONE', *, *, #2016, .F. ) ;
#343 = VERTEX_POINT ( 'NONE', #1957 ) ;
#344 = DIRECTION ( 'NONE',  ( 0.000000000000000000, -1.000000000000000000, 0.000000000000000000 ) ) ;
#345 = AXIS2_PLACEMENT_3D ( 'NONE', #44, #598, #417 ) ;
#346 = DIRECTION ( 'NONE',  ( 0.000000000000000000, -1.000000000000000000, 0.000000000000000000 ) ) ;
#347 = DIRECTION ( 'NONE',  ( -0.000000000000000000, -0.000000000000000000, 1.000000000000000000 ) ) ;
#348 = AXIS2_PLACEMENT_3D ( 'NONE', #585, #435, #225 ) ;
#349 = DIRECTION ( 'NONE',  ( -0.000000000000000000, 0.000000000000000000, 1.000000000000000000 ) ) ;
#350 = AXIS2_PLACEMENT_3D ( 'NONE', #1900, #171, #855 ) ;
#351 = PLANE ( 'NONE',  #1997 ) ;
#352 = VECTOR ( 'NONE', #1179, 1000.000000000000000 ) ;
#353 = PLANE ( 'NONE',  #1063 ) ;
#354 = ORIENTED_EDGE ( 'NONE', *, *, #1989, .T. ) ;
#355 = ORIENTED_EDGE ( 'NONE', *, *, #905, .T. ) ;
#356 = DIRECTION ( 'NONE',  ( -0.000000000000000000, -0.000000000000000000, 1.000000000000000000 ) ) ;
#357 = PLANE ( 'NONE',  #60 ) ;
#358 = EDGE_CURVE ( 'NONE', #539, #2172, #858, .T. ) ;
#359 = EDGE_LOOP ( 'NONE', ( #759, #677, #1106, #365 ) ) ;
#360 = LINE ( 'NONE', #1912, #977 ) ;
#361 = EDGE_CURVE ( 'NONE', #2218, #1680, #1254, .T. ) ;
#362 = AXIS2_PLACEMENT_3D ( 'NONE', #1990, #1308, #1978 ) ;
#363 = FACE_BOUND ( 'NONE', #644, .T. ) ;
#364 = CARTESIAN_POINT ( 'NONE',  ( -60.00000000000004974, -72.50000000000000000, 1.000000000000000000 ) ) ;
#365 = ORIENTED_EDGE ( 'NONE', *, *, #499, .T. ) ;
#366 = EDGE_LOOP ( 'NONE', ( #1145, #143, #631, #1785 ) ) ;
#367 = FACE_OUTER_BOUND ( 'NONE', #1002, .T. ) ;
#368 = CARTESIAN_POINT ( 'NONE',  ( -19.50000000000003197, 28.00000000000016342, 1.000000000000000000 ) ) ;
#369 = LINE ( 'NONE', #1102, #340 ) ;
#370 = EDGE_CURVE ( 'NONE', #1028, #343, #2230, .T. ) ;
#371 = VECTOR ( 'NONE', #2047, 1000.000000000000000 ) ;
#372 = DIRECTION ( 'NONE',  ( -0.000000000000000000, 0.000000000000000000, 1.000000000000000000 ) ) ;
#373 = EDGE_CURVE ( 'NONE', #1176, #422, #369, .T. ) ;
#374 = VECTOR ( 'NONE', #2224, 1000.000000000000000 ) ;
#375 = LINE ( 'NONE', #2101, #398 ) ;
#376 = EDGE_LOOP ( 'NONE', ( #1260, #21, #1670, #1983 ) ) ;
#377 = ORIENTED_EDGE ( 'NONE', *, *, #401, .F. ) ;
#378 = CARTESIAN_POINT ( 'NONE',  ( -53.00000000000002132, -52.48183347201602800, 0.000000000000000000 ) ) ;
#379 = CARTESIAN_POINT ( 'NONE',  ( 24.50000000000007461, -26.99999999999979394, -9.000000000000001776 ) ) ;
#380 = ORIENTED_EDGE ( 'NONE', *, *, #1376, .T. ) ;
#381 = DIRECTION ( 'NONE',  ( 1.000000000000000000, 0.000000000000000000, 0.000000000000000000 ) ) ;
#382 = VECTOR ( 'NONE', #576, 1000.000000000000000 ) ;
#383 = EDGE_CURVE ( 'NONE', #2122, #956, #1119, .T. ) ;
#384 = VECTOR ( 'NONE', #628, 1000.000000000000000 ) ;
#385 = FACE_BOUND ( 'NONE', #48, .T. ) ;
#386 = DIRECTION ( 'NONE',  ( 1.000000000000000000, 0.000000000000000000, 0.000000000000000000 ) ) ;
#387 = CIRCLE ( 'NONE', #198, 2.500000000000009326 ) ;
#388 = ADVANCED_FACE ( 'NONE', ( #2127 ), #2119, .F. ) ;
#389 = CARTESIAN_POINT ( 'NONE',  ( 96.49999999999995737, 72.50000000000000000, 1.000000000000000000 ) ) ;
#390 = EDGE_LOOP ( 'NONE', ( #1114, #28, #1405, #1033 ) ) ;
#391 = ORIENTED_EDGE ( 'NONE', *, *, #582, .F. ) ;
#392 = CARTESIAN_POINT ( 'NONE',  ( -19.50000000000003197, 23.00000000000016698, 1.000000000000000000 ) ) ;
#393 = DIRECTION ( 'NONE',  ( -0.000000000000000000, -0.000000000000000000, 1.000000000000000000 ) ) ;
#394 = ORIENTED_EDGE ( 'NONE', *, *, #1178, .T. ) ;
#395 = CARTESIAN_POINT ( 'NONE',  ( 22.00000000000007461, -26.99999999999979394, 0.000000000000000000 ) ) ;
#396 = LINE ( 'NONE', #1812, #1436 ) ;
#397 = DIRECTION ( 'NONE',  ( -0.000000000000000000, -0.000000000000000000, 1.000000000000000000 ) ) ;
#398 = VECTOR ( 'NONE', #1237, 1000.000000000000000 ) ;
#399 = VECTOR ( 'NONE', #179, 1000.000000000000000 ) ;
#400 = FACE_OUTER_BOUND ( 'NONE', #1952, .T. ) ;
#401 = EDGE_CURVE ( 'NONE', #411, #2162, #1077, .T. ) ;
#402 = EDGE_LOOP ( 'NONE', ( #1344, #1040, #330, #1706 ) ) ;
#403 = VERTEX_POINT ( 'NONE', #1790 ) ;
#404 = ADVANCED_FACE ( 'NONE', ( #1945 ), #1088, .F. ) ;
#405 = CARTESIAN_POINT ( 'NONE',  ( 24.50000000000007461, -31.99999999999979394, -9.000000000000001776 ) ) ;
#406 = DIRECTION ( 'NONE',  ( -0.000000000000000000, -0.000000000000000000, 1.000000000000000000 ) ) ;
#407 = DIRECTION ( 'NONE',  ( 1.000000000000000000, 0.000000000000000000, 0.000000000000000000 ) ) ;
#408 = CARTESIAN_POINT ( 'NONE',  ( 55.49999999999997158, -32.48183347201609195, -9.000000000000001776 ) ) ;
#409 = CARTESIAN_POINT ( 'NONE',  ( -50.50000000000002132, 48.00000000000017053, 1.000000000000000000 ) ) ;
#410 = ORIENTED_EDGE ( 'NONE', *, *, #2104, .T. ) ;
#411 = VERTEX_POINT ( 'NONE', #24 ) ;
#412 = CARTESIAN_POINT ( 'NONE',  ( -50.50000000000002132, -27.48183347201603510, 0.000000000000000000 ) ) ;
#413 = DIRECTION ( 'NONE',  ( 0.000000000000000000, 0.000000000000000000, 1.000000000000000000 ) ) ;
#414 = EDGE_CURVE ( 'NONE', #343, #1861, #580, .T. ) ;
#415 = ORIENTED_EDGE ( 'NONE', *, *, #836, .F. ) ;
#416 = LINE ( 'NONE', #1479, #1604 ) ;
#417 = DIRECTION ( 'NONE',  ( 1.000000000000000000, 0.000000000000000000, 0.000000000000000000 ) ) ;
#418 = CIRCLE ( 'NONE', #1913, 2.500000000000009326 ) ;
#419 = DIRECTION ( 'NONE',  ( -1.000000000000000000, 0.000000000000000000, -0.000000000000000000 ) ) ;
#420 = ORIENTED_EDGE ( 'NONE', *, *, #909, .F. ) ;
#421 = VECTOR ( 'NONE', #1942, 1000.000000000000000 ) ;
#422 = VERTEX_POINT ( 'NONE', #935 ) ;
#423 = AXIS2_PLACEMENT_3D ( 'NONE', #984, #1678, #833 ) ;
#424 = CARTESIAN_POINT ( 'NONE',  ( 50.49999999999995737, -27.48183347201609550, 1.000000000000000000 ) ) ;
#425 = CARTESIAN_POINT ( 'NONE',  ( 55.49999999999995737, -52.48183347201609905, -9.000000000000001776 ) ) ;
#426 = ORIENTED_EDGE ( 'NONE', *, *, #1762, .F. ) ;
#427 = EDGE_CURVE ( 'NONE', #1866, #136, #1792, .T. ) ;
#428 = LINE ( 'NONE', #34, #1562 ) ;
#429 = DIRECTION ( 'NONE',  ( -0.000000000000000000, 0.000000000000000000, 1.000000000000000000 ) ) ;
#430 = EDGE_CURVE ( 'NONE', #630, #1023, #734, .T. ) ;
#431 = DIRECTION ( 'NONE',  ( 0.000000000000000000, 0.000000000000000000, -1.000000000000000000 ) ) ;
#432 = ORIENTED_EDGE ( 'NONE', *, *, #265, .F. ) ;
#433 = MECHANICAL_DESIGN_GEOMETRIC_PRESENTATION_REPRESENTATION (  '', ( #1455 ), #1642 ) ;
#434 = CARTESIAN_POINT ( 'NONE',  ( -24.50000000000002842, 43.00000000000016342, 0.000000000000000000 ) ) ;
#435 = DIRECTION ( 'NONE',  ( -0.000000000000000000, 0.000000000000000000, 1.000000000000000000 ) ) ;
#436 = EDGE_LOOP ( 'NONE', ( #1727, #168, #447, #1172 ) ) ;
#437 = EDGE_LOOP ( 'NONE', ( #1846, #1599, #1995, #1238 ) ) ;
#438 = ADVANCED_FACE ( 'NONE', ( #66, #1801, #1126, #1104, #2121, #1297, #1645, #219, #1438, #557, #1597, #1773, #1257 ), #1276, .F. ) ;
#439 = CARTESIAN_POINT ( 'NONE',  ( -53.00000000000002842, 28.00000000000016342, -9.000000000000001776 ) ) ;
#440 = DIRECTION ( 'NONE',  ( -1.000000000000000000, -9.570888143320315641E-17, 0.000000000000000000 ) ) ;
#441 = EDGE_CURVE ( 'NONE', #1768, #1199, #764, .T. ) ;
#442 = DIRECTION ( 'NONE',  ( 1.000000000000000000, 0.000000000000000000, 0.000000000000000000 ) ) ;
#443 = ORIENTED_EDGE ( 'NONE', *, *, #1215, .T. ) ;
#444 = AXIS2_PLACEMENT_3D ( 'NONE', #2238, #510, #11 ) ;
#445 = LINE ( 'NONE', #660, #1478 ) ;
#446 = DIRECTION ( 'NONE',  ( -0.000000000000000000, -0.000000000000000000, 1.000000000000000000 ) ) ;
#447 = ORIENTED_EDGE ( 'NONE', *, *, #383, .F. ) ;
#448 = VERTEX_POINT ( 'NONE', #925 ) ;
#449 = CARTESIAN_POINT ( 'NONE',  ( 22.00000000000007461, -26.99999999999979394, -9.000000000000001776 ) ) ;
#450 = DIRECTION ( 'NONE',  ( 1.000000000000000000, 0.000000000000000000, 0.000000000000000000 ) ) ;
#451 = ADVANCED_FACE ( 'NONE', ( #195 ), #1090, .F. ) ;
#452 = AXIS2_PLACEMENT_3D ( 'NONE', #1759, #145, #2223 ) ;
#453 = CARTESIAN_POINT ( 'NONE',  ( 96.49999999999991473, 10.25908326399208370, 0.000000000000000000 ) ) ;
#454 = ORIENTED_EDGE ( 'NONE', *, *, #226, .T. ) ;
#455 = VECTOR ( 'NONE', #51, 1000.000000000000000 ) ;
#456 = EDGE_CURVE ( 'NONE', #1312, #2203, #1991, .T. ) ;
#457 = CARTESIAN_POINT ( 'NONE',  ( 19.50000000000007461, -26.99999999999979394, 1.000000000000000000 ) ) ;
#458 = AXIS2_PLACEMENT_3D ( 'NONE', #617, #1651, #1291 ) ;
#459 = DIRECTION ( 'NONE',  ( 0.000000000000000000, 0.000000000000000000, 1.000000000000000000 ) ) ;
#460 = EDGE_LOOP ( 'NONE', ( #645, #1066, #1803, #2055 ) ) ;
#461 = ORIENTED_EDGE ( 'NONE', *, *, #1288, .T. ) ;
#462 = CARTESIAN_POINT ( 'NONE',  ( 50.49999999999995737, 0.000000000000000000, 0.000000000000000000 ) ) ;
#463 = LINE ( 'NONE', #1180, #1915 ) ;
#464 = CARTESIAN_POINT ( 'NONE',  ( 24.50000000000007816, -46.99999999999979394, -9.000000000000001776 ) ) ;
#465 = ORIENTED_EDGE ( 'NONE', *, *, #250, .T. ) ;
#466 = EDGE_CURVE ( 'NONE', #723, #1643, #859, .T. ) ;
#467 = VECTOR ( 'NONE', #338, 1000.000000000000000 ) ;
#468 = DIRECTION ( 'NONE',  ( 1.000000000000000000, 0.000000000000000000, 0.000000000000000000 ) ) ;
#469 = PRESENTATION_LAYER_ASSIGNMENT (  '', '', ( #1455 ) ) ;
#470 = CARTESIAN_POINT ( 'NONE',  ( -24.50000000000002842, 43.00000000000016342, -9.000000000000001776 ) ) ;
#471 = EDGE_CURVE ( 'NONE', #736, #549, #45, .T. ) ;
#472 = ORIENTED_EDGE ( 'NONE', *, *, #1902, .F. ) ;
#473 = ORIENTED_EDGE ( 'NONE', *, *, #949, .F. ) ;
#474 = CARTESIAN_POINT ( 'NONE',  ( -50.50000000000000711, -52.48183347201602800, 1.000000000000000000 ) ) ;
#475 = PLANE ( 'NONE',  #423 ) ;
#476 = CARTESIAN_POINT ( 'NONE',  ( 52.99999999999995737, 23.00000000000024869, 0.000000000000000000 ) ) ;
#477 = ORIENTED_EDGE ( 'NONE', *, *, #1760, .T. ) ;
#478 = VECTOR ( 'NONE', #242, 1000.000000000000000 ) ;
#479 = CARTESIAN_POINT ( 'NONE',  ( 24.50000000000007461, 0.000000000000000000, 0.000000000000000000 ) ) ;
#480 = LINE ( 'NONE', #470, #496 ) ;
#481 = CIRCLE ( 'NONE', #1283, 2.500000000000009326 ) ;
#482 = ORIENTED_EDGE ( 'NONE', *, *, #1673, .F. ) ;
#483 = ORIENTED_EDGE ( 'NONE', *, *, #779, .F. ) ;
#484 = EDGE_CURVE ( 'NONE', #592, #129, #822, .T. ) ;
#485 = DIRECTION ( 'NONE',  ( -0.000000000000000000, -0.000000000000000000, 1.000000000000000000 ) ) ;
#486 = DIRECTION ( 'NONE',  ( 1.000000000000000000, 0.000000000000000000, 0.000000000000000000 ) ) ;
#487 = DIRECTION ( 'NONE',  ( 1.000000000000000000, 0.000000000000000000, 0.000000000000000000 ) ) ;
#488 = ORIENTED_EDGE ( 'NONE', *, *, #1515, .F. ) ;
#489 = VECTOR ( 'NONE', #920, 1000.000000000000000 ) ;
#490 = CARTESIAN_POINT ( 'NONE',  ( 59.99999999999997158, -72.50000000000000000, 0.000000000000000000 ) ) ;
#491 = LINE ( 'NONE', #1026, #1531 ) ;
#492 = EDGE_LOOP ( 'NONE', ( #292, #2095, #1830, #1869 ) ) ;
#493 = CIRCLE ( 'NONE', #1776, 2.500000000000009326 ) ;
#494 = EDGE_LOOP ( 'NONE', ( #2186, #1471, #2160, #1973 ) ) ;
#495 = VERTEX_POINT ( 'NONE', #1633 ) ;
#496 = VECTOR ( 'NONE', #1014, 1000.000000000000000 ) ;
#497 = DIRECTION ( 'NONE',  ( -0.000000000000000000, -0.000000000000000000, 1.000000000000000000 ) ) ;
#498 = CARTESIAN_POINT ( 'NONE',  ( -22.00000000000002842, 48.00000000000017053, 1.000000000000000000 ) ) ;
#499 = EDGE_CURVE ( 'NONE', #589, #655, #1295, .T. ) ;
#500 = DIRECTION ( 'NONE',  ( 1.000000000000000000, 0.000000000000000000, 0.000000000000000000 ) ) ;
#501 = EDGE_LOOP ( 'NONE', ( #1442, #908, #50, #1675 ) ) ;
#502 = DIRECTION ( 'NONE',  ( -0.000000000000000000, -0.000000000000000000, 1.000000000000000000 ) ) ;
#503 = CARTESIAN_POINT ( 'NONE',  ( 52.99999999999995026, -47.48183347201609195, 0.000000000000000000 ) ) ;
#504 = ORIENTED_EDGE ( 'NONE', *, *, #949, .T. ) ;
#505 = ORIENTED_EDGE ( 'NONE', *, *, #922, .T. ) ;
#506 = VECTOR ( 'NONE', #1055, 1000.000000000000000 ) ;
#507 = VERTEX_POINT ( 'NONE', #1959 ) ;
#508 = LINE ( 'NONE', #1731, #1408 ) ;
#509 = DIRECTION ( 'NONE',  ( -0.000000000000000000, 1.000000000000000000, -0.000000000000000000 ) ) ;
#510 = DIRECTION ( 'NONE',  ( 0.000000000000000000, 0.000000000000000000, 1.000000000000000000 ) ) ;
#511 = EDGE_CURVE ( 'NONE', #1696, #1249, #903, .T. ) ;
#512 = DIRECTION ( 'NONE',  ( 0.000000000000000000, 0.000000000000000000, 1.000000000000000000 ) ) ;
#513 = CARTESIAN_POINT ( 'NONE',  ( -96.50000000000004263, 72.50000000000000000, 0.000000000000000000 ) ) ;
#514 = ORIENTED_EDGE ( 'NONE', *, *, #1685, .T. ) ;
#515 = ORIENTED_EDGE ( 'NONE', *, *, #1987, .F. ) ;
#516 = AXIS2_PLACEMENT_3D ( 'NONE', #787, #572, #926 ) ;
#517 = VERTEX_POINT ( 'NONE', #774 ) ;
#518 = DIRECTION ( 'NONE',  ( -1.000000000000000000, -9.570888143320315641E-17, 0.000000000000000000 ) ) ;
#519 = LINE ( 'NONE', #1955, #506 ) ;
#520 = CARTESIAN_POINT ( 'NONE',  ( -96.50000000000004263, 72.50000000000000000, 1.000000000000000000 ) ) ;
#521 = VECTOR ( 'NONE', #2141, 1000.000000000000000 ) ;
#522 = FACE_OUTER_BOUND ( 'NONE', #1015, .T. ) ;
#523 = EDGE_CURVE ( 'NONE', #96, #2162, #755, .T. ) ;
#524 = FACE_OUTER_BOUND ( 'NONE', #1589, .T. ) ;
#525 = ORIENTED_EDGE ( 'NONE', *, *, #263, .F. ) ;
#526 = ORIENTED_EDGE ( 'NONE', *, *, #1760, .F. ) ;
#527 = EDGE_CURVE ( 'NONE', #1027, #687, #240, .T. ) ;
#528 = DIRECTION ( 'NONE',  ( -0.000000000000000000, -0.000000000000000000, 1.000000000000000000 ) ) ;
#529 = CIRCLE ( 'NONE', #2057, 2.500000000000002220 ) ;
#530 = CARTESIAN_POINT ( 'NONE',  ( -50.50000000000002132, 28.00000000000016342, -9.000000000000001776 ) ) ;
#531 = VERTEX_POINT ( 'NONE', #412 ) ;
#532 = DIRECTION ( 'NONE',  ( 1.000000000000000000, 0.000000000000000000, 0.000000000000000000 ) ) ;
#533 = VECTOR ( 'NONE', #1000, 1000.000000000000000 ) ;
#534 = FACE_BOUND ( 'NONE', #366, .T. ) ;
#535 = AXIS2_PLACEMENT_3D ( 'NONE', #272, #994, #440 ) ;
#536 = CARTESIAN_POINT ( 'NONE',  ( -22.00000000000002842, 43.00000000000016342, -9.000000000000001776 ) ) ;
#537 = ORIENTED_EDGE ( 'NONE', *, *, #1435, .F. ) ;
#538 = EDGE_CURVE ( 'NONE', #1339, #592, #254, .T. ) ;
#539 = VERTEX_POINT ( 'NONE', #434 ) ;
#540 = CARTESIAN_POINT ( 'NONE',  ( -53.00000000000002842, -32.48183347201603510, -9.000000000000001776 ) ) ;
#541 = CYLINDRICAL_SURFACE ( 'NONE', #317, 2.500000000000009326 ) ;
#542 = ADVANCED_FACE ( 'NONE', ( #1797 ), #1452, .F. ) ;
#543 = VERTEX_POINT ( 'NONE', #2145 ) ;
#544 = DIRECTION ( 'NONE',  ( 1.000000000000000000, 0.000000000000000000, 0.000000000000000000 ) ) ;
#545 = VECTOR ( 'NONE', #1554, 1000.000000000000000 ) ;
#546 = FACE_BOUND ( 'NONE', #460, .T. ) ;
#547 = DIRECTION ( 'NONE',  ( -1.000000000000000000, 0.000000000000000000, 0.000000000000000000 ) ) ;
#548 = VERTEX_POINT ( 'NONE', #224 ) ;
#549 = VERTEX_POINT ( 'NONE', #392 ) ;
#550 = LINE ( 'NONE', #169, #1332 ) ;
#551 = EDGE_CURVE ( 'NONE', #1764, #575, #584, .T. ) ;
#552 = DIRECTION ( 'NONE',  ( 0.000000000000000000, 1.000000000000000000, -0.000000000000000000 ) ) ;
#553 = VERTEX_POINT ( 'NONE', #770 ) ;
#554 = DIRECTION ( 'NONE',  ( -0.000000000000000000, -0.000000000000000000, -1.000000000000000000 ) ) ;
#555 = EDGE_CURVE ( 'NONE', #2043, #495, #1143, .T. ) ;
#556 = LINE ( 'NONE', #1563, #959 ) ;
#557 = FACE_BOUND ( 'NONE', #359, .T. ) ;
#558 = VECTOR ( 'NONE', #1266, 1000.000000000000000 ) ;
#559 = CARTESIAN_POINT ( 'NONE',  ( -19.50000000000003553, 48.00000000000017053, -9.000000000000001776 ) ) ;
#560 = VERTEX_POINT ( 'NONE', #1787 ) ;
#561 = ORIENTED_EDGE ( 'NONE', *, *, #779, .T. ) ;
#562 = LINE ( 'NONE', #749, #382 ) ;
#563 = CARTESIAN_POINT ( 'NONE',  ( -55.50000000000002842, 0.000000000000000000, 0.000000000000000000 ) ) ;
#564 = ORIENTED_EDGE ( 'NONE', *, *, #808, .F. ) ;
#565 = CARTESIAN_POINT ( 'NONE',  ( -53.00000000000002842, 23.00000000000016698, -9.000000000000001776 ) ) ;
#566 = VECTOR ( 'NONE', #946, 1000.000000000000000 ) ;
#567 = AXIS2_PLACEMENT_3D ( 'NONE', #685, #512, #1713 ) ;
#568 = EDGE_CURVE ( 'NONE', #1866, #1315, #1195, .T. ) ;
#569 = LINE ( 'NONE', #2129, #558 ) ;
#570 = CARTESIAN_POINT ( 'NONE',  ( -55.50000000000004263, 43.00000000000016342, -9.000000000000001776 ) ) ;
#571 = VECTOR ( 'NONE', #413, 1000.000000000000000 ) ;
#572 = DIRECTION ( 'NONE',  ( -0.000000000000000000, -0.000000000000000000, 1.000000000000000000 ) ) ;
#573 = CIRCLE ( 'NONE', #758, 2.500000000000002220 ) ;
#574 = ORIENTED_EDGE ( 'NONE', *, *, #2056, .T. ) ;
#575 = VERTEX_POINT ( 'NONE', #2163 ) ;
#576 = DIRECTION ( 'NONE',  ( -1.000000000000000000, -9.570888143320315641E-17, 0.000000000000000000 ) ) ;
#577 = DIRECTION ( 'NONE',  ( -0.000000000000000000, 0.000000000000000000, 1.000000000000000000 ) ) ;
#578 = VECTOR ( 'NONE', #1791, 1000.000000000000000 ) ;
#579 = FACE_OUTER_BOUND ( 'NONE', #928, .T. ) ;
#580 = LINE ( 'NONE', #1426, #1441 ) ;
#581 = CARTESIAN_POINT ( 'NONE',  ( -24.50000000000003553, 23.00000000000016698, -9.000000000000001776 ) ) ;
#582 = EDGE_CURVE ( 'NONE', #1194, #830, #493, .T. ) ;
#583 = DIRECTION ( 'NONE',  ( -0.000000000000000000, 0.000000000000000000, 1.000000000000000000 ) ) ;
#584 = LINE ( 'NONE', #215, #1328 ) ;
#585 = CARTESIAN_POINT ( 'NONE',  ( -53.00000000000002132, -47.48183347201602800, 0.000000000000000000 ) ) ;
#586 = DIRECTION ( 'NONE',  ( 1.000000000000000000, 0.000000000000000000, 0.000000000000000000 ) ) ;
#587 = DIRECTION ( 'NONE',  ( 1.000000000000000000, 0.000000000000000000, 0.000000000000000000 ) ) ;
#588 = DIRECTION ( 'NONE',  ( 1.156482317317871725E-16, -1.000000000000000000, 0.000000000000000000 ) ) ;
#589 = VERTEX_POINT ( 'NONE', #953 ) ;
#590 = AXIS2_PLACEMENT_3D ( 'NONE', #78, #1311, #442 ) ;
#591 = EDGE_CURVE ( 'NONE', #1062, #531, #941, .T. ) ;
#592 = VERTEX_POINT ( 'NONE', #1996 ) ;
#593 = CARTESIAN_POINT ( 'NONE',  ( -19.50000000000003553, 48.00000000000017053, 1.000000000000000000 ) ) ;
#594 = FACE_OUTER_BOUND ( 'NONE', #2005, .T. ) ;
#595 = EDGE_CURVE ( 'NONE', #1643, #736, #1650, .T. ) ;
#596 = VERTEX_POINT ( 'NONE', #424 ) ;
#597 = DIRECTION ( 'NONE',  ( 1.000000000000000000, 0.000000000000000000, 0.000000000000000000 ) ) ;
#598 = DIRECTION ( 'NONE',  ( 0.000000000000000000, 0.000000000000000000, 1.000000000000000000 ) ) ;
#599 = DIRECTION ( 'NONE',  ( 0.000000000000000000, -1.000000000000000000, 0.000000000000000000 ) ) ;
#600 = ORIENTED_EDGE ( 'NONE', *, *, #1847, .T. ) ;
#601 = VECTOR ( 'NONE', #52, 1000.000000000000000 ) ;
#602 = ORIENTED_EDGE ( 'NONE', *, *, #427, .T. ) ;
#603 = DIRECTION ( 'NONE',  ( 0.000000000000000000, 0.000000000000000000, -1.000000000000000000 ) ) ;
#604 = CARTESIAN_POINT ( 'NONE',  ( 52.99999999999995737, -32.48183347201609195, 0.000000000000000000 ) ) ;
#605 = EDGE_CURVE ( 'NONE', #1325, #1569, #1134, .T. ) ;
#606 =( GEOMETRIC_REPRESENTATION_CONTEXT ( 3 ) GLOBAL_UNCERTAINTY_ASSIGNED_CONTEXT ( ( #1882 ) ) GLOBAL_UNIT_ASSIGNED_CONTEXT ( ( #113, #148, #1506 ) ) REPRESENTATION_CONTEXT ( 'NONE', 'WORKASPACE' ) );
#607 = EDGE_LOOP ( 'NONE', ( #2175, #2152, #2023, #537 ) ) ;
#608 = ORIENTED_EDGE ( 'NONE', *, *, #1376, .F. ) ;
#609 = EDGE_CURVE ( 'NONE', #2203, #1209, #418, .T. ) ;
#610 = DIRECTION ( 'NONE',  ( 1.000000000000000000, 0.000000000000000000, 0.000000000000000000 ) ) ;
#611 = DIRECTION ( 'NONE',  ( 1.000000000000000000, -0.000000000000000000, 0.000000000000000000 ) ) ;
#612 = AXIS2_PLACEMENT_3D ( 'NONE', #934, #915, #1466 ) ;
#613 = CARTESIAN_POINT ( 'NONE',  ( 52.99999999999995737, -32.48183347201609195, 1.000000000000000000 ) ) ;
#614 = VERTEX_POINT ( 'NONE', #1116 ) ;
#615 = VECTOR ( 'NONE', #197, 1000.000000000000000 ) ;
#616 = DIRECTION ( 'NONE',  ( -1.000000000000000000, 0.000000000000000000, -0.000000000000000000 ) ) ;
#617 = CARTESIAN_POINT ( 'NONE',  ( -96.50000000000002842, -72.50000000000000000, 1.000000000000000000 ) ) ;
#618 = EDGE_LOOP ( 'NONE', ( #1219, #1530, #664, #913 ) ) ;
#619 = EDGE_CURVE ( 'NONE', #665, #748, #761, .T. ) ;
#620 = VERTEX_POINT ( 'NONE', #40 ) ;
#621 = LINE ( 'NONE', #259, #1413 ) ;
#622 = LINE ( 'NONE', #1513, #1404 ) ;
#623 = EDGE_CURVE ( 'NONE', #1555, #403, #1473, .T. ) ;
#624 = PRODUCT_DEFINITION_SHAPE ( 'NONE', 'NONE',  #989 ) ;
#625 = CARTESIAN_POINT ( 'NONE',  ( 52.99999999999995737, -27.48183347201609550, 0.000000000000000000 ) ) ;
#626 = EDGE_LOOP ( 'NONE', ( #2185, #70, #2048, #482 ) ) ;
#627 = AXIS2_PLACEMENT_3D ( 'NONE', #1044, #1914, #883 ) ;
#628 = DIRECTION ( 'NONE',  ( 0.000000000000000000, 1.000000000000000000, 0.000000000000000000 ) ) ;
#629 = DIRECTION ( 'NONE',  ( -0.000000000000000000, -0.000000000000000000, 1.000000000000000000 ) ) ;
#630 = VERTEX_POINT ( 'NONE', #29 ) ;
#631 = ORIENTED_EDGE ( 'NONE', *, *, #1724, .F. ) ;
#632 = CARTESIAN_POINT ( 'NONE',  ( 97.49999999999991473, 10.25908326399208370, 1.000000000000000000 ) ) ;
#633 = CARTESIAN_POINT ( 'NONE',  ( -50.50000000000000711, -52.48183347201602800, -9.000000000000001776 ) ) ;
#634 = EDGE_CURVE ( 'NONE', #151, #1350, #1966, .T. ) ;
#635 = CARTESIAN_POINT ( 'NONE',  ( 59.99999999999995737, 65.50000000000011369, 1.000000000000000000 ) ) ;
#636 = ORIENTED_EDGE ( 'NONE', *, *, #1269, .T. ) ;
#637 = VECTOR ( 'NONE', #236, 1000.000000000000000 ) ;
#638 = EDGE_CURVE ( 'NONE', #129, #1141, #2136, .T. ) ;
#639 = VECTOR ( 'NONE', #1926, 1000.000000000000000 ) ;
#640 = DIRECTION ( 'NONE',  ( 1.000000000000000000, 0.000000000000000000, 0.000000000000000000 ) ) ;
#641 = CARTESIAN_POINT ( 'NONE',  ( -24.50000000000002842, 48.00000000000017053, 0.000000000000000000 ) ) ;
#642 = CIRCLE ( 'NONE', #2166, 2.500000000000009326 ) ;
#643 = LINE ( 'NONE', #661, #1737 ) ;
#644 = EDGE_LOOP ( 'NONE', ( #1221, #39, #737, #2118 ) ) ;
#645 = ORIENTED_EDGE ( 'NONE', *, *, #1989, .F. ) ;
#646 = DIRECTION ( 'NONE',  ( 0.000000000000000000, 1.000000000000000000, -0.000000000000000000 ) ) ;
#647 = LINE ( 'NONE', #1342, #1735 ) ;
#648 = DIRECTION ( 'NONE',  ( 1.000000000000000000, 0.000000000000000000, 0.000000000000000000 ) ) ;
#649 = ORIENTED_EDGE ( 'NONE', *, *, #2247, .T. ) ;
#650 = EDGE_CURVE ( 'NONE', #2054, #2228, #562, .T. ) ;
#651 = EDGE_CURVE ( 'NONE', #655, #956, #1273, .T. ) ;
#652 = CARTESIAN_POINT ( 'NONE',  ( -24.50000000000003553, 23.00000000000016698, 1.000000000000000000 ) ) ;
#653 = DIRECTION ( 'NONE',  ( 1.000000000000000000, 9.570888143320315641E-17, 0.000000000000000000 ) ) ;
#654 = EDGE_LOOP ( 'NONE', ( #951, #1994, #1177, #472 ) ) ;
#655 = VERTEX_POINT ( 'NONE', #1336 ) ;
#656 = DIRECTION ( 'NONE',  ( 1.000000000000000000, 0.000000000000000000, 0.000000000000000000 ) ) ;
#657 = CARTESIAN_POINT ( 'NONE',  ( -19.50000000000003553, 43.00000000000016342, 1.000000000000000000 ) ) ;
#658 = CARTESIAN_POINT ( 'NONE',  ( -24.50000000000003197, 28.00000000000016342, 0.000000000000000000 ) ) ;
#659 = ORIENTED_EDGE ( 'NONE', *, *, #1660, .F. ) ;
#660 = CARTESIAN_POINT ( 'NONE',  ( -60.00000000000004974, -72.50000000000000000, -9.000000000000001776 ) ) ;
#661 = CARTESIAN_POINT ( 'NONE',  ( 50.49999999999995737, 28.00000000000024869, 1.000000000000000000 ) ) ;
#662 = VERTEX_POINT ( 'NONE', #1313 ) ;
#663 = EDGE_CURVE ( 'NONE', #1892, #1638, #1521, .T. ) ;
#664 = ORIENTED_EDGE ( 'NONE', *, *, #884, .F. ) ;
#665 = VERTEX_POINT ( 'NONE', #812 ) ;
#666 = EDGE_CURVE ( 'NONE', #1548, #1758, #529, .T. ) ;
#667 = LINE ( 'NONE', #2058, #312 ) ;
#668 = LINE ( 'NONE', #1412, #639 ) ;
#669 = DIRECTION ( 'NONE',  ( -0.000000000000000000, 1.000000000000000000, -0.000000000000000000 ) ) ;
#670 = ORIENTED_EDGE ( 'NONE', *, *, #805, .F. ) ;
#671 = AXIS2_PLACEMENT_3D ( 'NONE', #565, #217, #1265 ) ;
#672 = AXIS2_PLACEMENT_3D ( 'NONE', #83, #999, #1533 ) ;
#673 = CARTESIAN_POINT ( 'NONE',  ( 50.49999999999995737, -27.48183347201609550, -9.000000000000001776 ) ) ;
#674 = CARTESIAN_POINT ( 'NONE',  ( -55.50000000000004263, -32.48183347201603510, 1.000000000000000000 ) ) ;
#675 = EDGE_LOOP ( 'NONE', ( #1981, #769, #772, #800 ) ) ;
#676 = EDGE_LOOP ( 'NONE', ( #2133, #636, #864, #268 ) ) ;
#677 = ORIENTED_EDGE ( 'NONE', *, *, #370, .T. ) ;
#678 = LINE ( 'NONE', #203, #2237 ) ;
#679 = ADVANCED_FACE ( 'NONE', ( #2050 ), #277, .F. ) ;
#680 = CARTESIAN_POINT ( 'NONE',  ( -50.50000000000002132, 48.00000000000017053, 0.000000000000000000 ) ) ;
#681 = EDGE_CURVE ( 'NONE', #1261, #247, #1857, .T. ) ;
#682 = DIRECTION ( 'NONE',  ( -0.000000000000000000, -1.000000000000000000, -0.000000000000000000 ) ) ;
#683 = AXIS2_PLACEMENT_3D ( 'NONE', #449, #1501, #656 ) ;
#684 = CARTESIAN_POINT ( 'NONE',  ( 0.000000000000000000, 0.000000000000000000, 0.000000000000000000 ) ) ;
#685 = CARTESIAN_POINT ( 'NONE',  ( 52.99999999999995737, -27.48183347201609550, 1.000000000000000000 ) ) ;
#686 = DIRECTION ( 'NONE',  ( 1.000000000000000000, 2.312964634635743450E-16, -0.000000000000000000 ) ) ;
#687 = VERTEX_POINT ( 'NONE', #1323 ) ;
#688 = VECTOR ( 'NONE', #2086, 1000.000000000000000 ) ;
#689 = ORIENTED_EDGE ( 'NONE', *, *, #1724, .T. ) ;
#690 = AXIS2_PLACEMENT_3D ( 'NONE', #1415, #904, #547 ) ;
#691 = EDGE_LOOP ( 'NONE', ( #1368, #377, #927, #1287 ) ) ;
#692 = FACE_OUTER_BOUND ( 'NONE', #275, .T. ) ;
#693 = FACE_OUTER_BOUND ( 'NONE', #1614, .T. ) ;
#694 = FACE_OUTER_BOUND ( 'NONE', #886, .T. ) ;
#695 = AXIS2_PLACEMENT_3D ( 'NONE', #1763, #871, #2250 ) ;
#696 = EDGE_CURVE ( 'NONE', #655, #1028, #1196, .T. ) ;
#697 = FACE_BOUND ( 'NONE', #776, .T. ) ;
#698 = CARTESIAN_POINT ( 'NONE',  ( -55.50000000000003553, 23.00000000000016698, 1.000000000000000000 ) ) ;
#699 = LINE ( 'NONE', #673, #933 ) ;
#700 = DIRECTION ( 'NONE',  ( -0.000000000000000000, -0.000000000000000000, 1.000000000000000000 ) ) ;
#701 = EDGE_LOOP ( 'NONE', ( #1071, #189, #1922, #2082 ) ) ;
#702 = AXIS2_PLACEMENT_3D ( 'NONE', #464, #1367, #2063 ) ;
#703 = ORIENTED_EDGE ( 'NONE', *, *, #1320, .T. ) ;
#704 = VERTEX_POINT ( 'NONE', #490 ) ;
#705 = CYLINDRICAL_SURFACE ( 'NONE', #1087, 2.500000000000009326 ) ;
#706 = EDGE_LOOP ( 'NONE', ( #574, #1860, #1741, #1198 ) ) ;
#707 = DIRECTION ( 'NONE',  ( 0.000000000000000000, 0.000000000000000000, -1.000000000000000000 ) ) ;
#708 = DIRECTION ( 'NONE',  ( -1.000000000000000000, -9.570888143320315641E-17, 0.000000000000000000 ) ) ;
#709 = EDGE_CURVE ( 'NONE', #1638, #2243, #970, .T. ) ;
#710 = FACE_OUTER_BOUND ( 'NONE', #2259, .T. ) ;
#711 = EDGE_CURVE ( 'NONE', #1861, #2122, #2173, .T. ) ;
#712 = ORIENTED_EDGE ( 'NONE', *, *, #1784, .F. ) ;
#713 = ORIENTED_EDGE ( 'NONE', *, *, #112, .F. ) ;
#714 = DIRECTION ( 'NONE',  ( 1.000000000000000000, 0.000000000000000000, 0.000000000000000000 ) ) ;
#715 = VECTOR ( 'NONE', #1979, 1000.000000000000000 ) ;
#716 = CARTESIAN_POINT ( 'NONE',  ( 52.99999999999995737, -32.48183347201609195, -9.000000000000001776 ) ) ;
#717 = AXIS2_PLACEMENT_3D ( 'NONE', #2257, #2115, #714 ) ;
#718 = PLANE ( 'NONE',  #350 ) ;
#719 = VECTOR ( 'NONE', #850, 1000.000000000000000 ) ;
#720 = CYLINDRICAL_SURFACE ( 'NONE', #332, 2.500000000000009326 ) ;
#721 = CARTESIAN_POINT ( 'NONE',  ( 96.49999999999995737, 72.50000000000000000, 1.000000000000000000 ) ) ;
#722 = EDGE_CURVE ( 'NONE', #1758, #1643, #1165, .T. ) ;
#723 = VERTEX_POINT ( 'NONE', #289 ) ;
#724 = AXIS2_PLACEMENT_3D ( 'NONE', #503, #327, #150 ) ;
#725 = ADVANCED_FACE ( 'NONE', ( #114 ), #838, .F. ) ;
#726 = ORIENTED_EDGE ( 'NONE', *, *, #634, .F. ) ;
#727 = AXIS2_PLACEMENT_3D ( 'NONE', #2077, #869, #733 ) ;
#728 = DIRECTION ( 'NONE',  ( -0.000000000000000000, -0.000000000000000000, 1.000000000000000000 ) ) ;
#729 = DIRECTION ( 'NONE',  ( 1.000000000000000000, 0.000000000000000000, 0.000000000000000000 ) ) ;
#730 = ORIENTED_EDGE ( 'NONE', *, *, #751, .T. ) ;
#731 = CIRCLE ( 'NONE', #2208, 2.500000000000009326 ) ;
#732 = CARTESIAN_POINT ( 'NONE',  ( -50.50000000000002132, 48.00000000000017053, 1.000000000000000000 ) ) ;
#733 = DIRECTION ( 'NONE',  ( 1.000000000000000000, 0.000000000000000000, 0.000000000000000000 ) ) ;
#734 = LINE ( 'NONE', #55, #715 ) ;
#735 = PLANE ( 'NONE',  #1889 ) ;
#736 = VERTEX_POINT ( 'NONE', #652 ) ;
#737 = ORIENTED_EDGE ( 'NONE', *, *, #609, .F. ) ;
#738 = DIRECTION ( 'NONE',  ( -0.000000000000000000, 1.000000000000000000, -0.000000000000000000 ) ) ;
#739 = DIRECTION ( 'NONE',  ( -0.000000000000000000, -0.000000000000000000, 1.000000000000000000 ) ) ;
#740 = ADVANCED_FACE ( 'NONE', ( #826 ), #1347, .F. ) ;
#741 = ORIENTED_EDGE ( 'NONE', *, *, #1333, .F. ) ;
#742 = DIRECTION ( 'NONE',  ( 1.000000000000000000, 0.000000000000000000, 0.000000000000000000 ) ) ;
#743 = EDGE_CURVE ( 'NONE', #1999, #1555, #445, .T. ) ;
#744 = CARTESIAN_POINT ( 'NONE',  ( -60.00000000000005684, -14.74091673600793229, 3.061616997868383437E-15 ) ) ;
#745 = DIRECTION ( 'NONE',  ( 0.000000000000000000, 0.000000000000000000, -1.000000000000000000 ) ) ;
#746 = CARTESIAN_POINT ( 'NONE',  ( 55.49999999999995737, 48.00000000000024869, -9.000000000000001776 ) ) ;
#747 = ORIENTED_EDGE ( 'NONE', *, *, #213, .F. ) ;
#748 = VERTEX_POINT ( 'NONE', #2006 ) ;
#749 = CARTESIAN_POINT ( 'NONE',  ( 97.49999999999991473, -14.74091673600791808, 3.061616997868383437E-15 ) ) ;
#750 = LINE ( 'NONE', #1617, #1630 ) ;
#751 = EDGE_CURVE ( 'NONE', #1029, #1861, #117, .T. ) ;
#752 = VECTOR ( 'NONE', #1463, 1000.000000000000000 ) ;
#753 = VECTOR ( 'NONE', #43, 1000.000000000000000 ) ;
#754 = DIRECTION ( 'NONE',  ( -3.965082230804130220E-16, -1.000000000000000000, 0.000000000000000000 ) ) ;
#755 = LINE ( 'NONE', #2148, #2098 ) ;
#756 = EDGE_CURVE ( 'NONE', #2043, #1930, #2059, .T. ) ;
#757 = FACE_OUTER_BOUND ( 'NONE', #437, .T. ) ;
#758 = AXIS2_PLACEMENT_3D ( 'NONE', #1480, #1005, #450 ) ;
#759 = ORIENTED_EDGE ( 'NONE', *, *, #696, .T. ) ;
#760 = AXIS2_PLACEMENT_3D ( 'NONE', #1708, #271, #1677 ) ;
#761 = LINE ( 'NONE', #2154, #455 ) ;
#762 = CARTESIAN_POINT ( 'NONE',  ( -96.50000000000004263, 112.4999999999999574, 1.000000000000000000 ) ) ;
#763 = CARTESIAN_POINT ( 'NONE',  ( 24.50000000000007816, 0.000000000000000000, 0.000000000000000000 ) ) ;
#764 = LINE ( 'NONE', #408, #1982 ) ;
#765 = EDGE_CURVE ( 'NONE', #962, #2255, #1086, .T. ) ;
#766 = CARTESIAN_POINT ( 'NONE',  ( -55.50000000000002842, -47.48183347201602800, 1.000000000000000000 ) ) ;
#767 = ORIENTED_EDGE ( 'NONE', *, *, #638, .T. ) ;
#768 = EDGE_CURVE ( 'NONE', #1199, #1249, #801, .T. ) ;
#769 = ORIENTED_EDGE ( 'NONE', *, *, #1280, .F. ) ;
#770 = CARTESIAN_POINT ( 'NONE',  ( -96.50000000000002842, 10.25908326399206416, 1.000000000000000000 ) ) ;
#771 = DIRECTION ( 'NONE',  ( -0.000000000000000000, 0.000000000000000000, 1.000000000000000000 ) ) ;
#772 = ORIENTED_EDGE ( 'NONE', *, *, #743, .T. ) ;
#773 = DIRECTION ( 'NONE',  ( -0.000000000000000000, -0.000000000000000000, 1.000000000000000000 ) ) ;
#774 = CARTESIAN_POINT ( 'NONE',  ( -50.50000000000000711, -52.48183347201602800, 0.000000000000000000 ) ) ;
#775 = CARTESIAN_POINT ( 'NONE',  ( -96.50000000000002842, -72.50000000000000000, 1.000000000000000000 ) ) ;
#776 = EDGE_LOOP ( 'NONE', ( #1411, #815, #61, #2209 ) ) ;
#777 = EDGE_CURVE ( 'NONE', #1306, #2242, #987, .T. ) ;
#778 = VERTEX_POINT ( 'NONE', #641 ) ;
#779 = EDGE_CURVE ( 'NONE', #1003, #1062, #1049, .T. ) ;
#780 = CARTESIAN_POINT ( 'NONE',  ( 50.49999999999994316, 48.00000000000024869, -9.000000000000001776 ) ) ;
#781 = CARTESIAN_POINT ( 'NONE',  ( -95.00000000000004263, 65.50000000000018474, 1.000000000000000000 ) ) ;
#782 = VERTEX_POINT ( 'NONE', #149 ) ;
#783 = VERTEX_POINT ( 'NONE', #873 ) ;
#784 = PLANE ( 'NONE',  #1875 ) ;
#785 = VECTOR ( 'NONE', #1303, 1000.000000000000000 ) ;
#786 = DIRECTION ( 'NONE',  ( 1.000000000000000000, 0.000000000000000000, 0.000000000000000000 ) ) ;
#787 = CARTESIAN_POINT ( 'NONE',  ( 52.99999999999995026, -52.48183347201609905, -9.000000000000001776 ) ) ;
#788 = VERTEX_POINT ( 'NONE', #849 ) ;
#789 = VECTOR ( 'NONE', #1184, 1000.000000000000000 ) ;
#790 = AXIS2_PLACEMENT_3D ( 'NONE', #2031, #314, #128 ) ;
#791 = ADVANCED_FACE ( 'NONE', ( #2078 ), #1894, .F. ) ;
#792 = DIRECTION ( 'NONE',  ( 1.000000000000000000, 0.000000000000000000, 0.000000000000000000 ) ) ;
#793 = LINE ( 'NONE', #1464, #49 ) ;
#794 = ADVANCED_FACE ( 'NONE', ( #1553 ), #1738, .F. ) ;
#795 = ORIENTED_EDGE ( 'NONE', *, *, #97, .T. ) ;
#796 = ORIENTED_EDGE ( 'NONE', *, *, #2042, .F. ) ;
#797 = DIRECTION ( 'NONE',  ( -0.000000000000000000, -0.000000000000000000, 1.000000000000000000 ) ) ;
#798 = LINE ( 'NONE', #633, #308 ) ;
#799 = DIRECTION ( 'NONE',  ( -0.000000000000000000, 0.000000000000000000, 1.000000000000000000 ) ) ;
#800 = ORIENTED_EDGE ( 'NONE', *, *, #623, .T. ) ;
#801 = LINE ( 'NONE', #2183, #384 ) ;
#802 = PLANE ( 'NONE',  #790 ) ;
#803 = VERTEX_POINT ( 'NONE', #1565 ) ;
#804 = EDGE_LOOP ( 'NONE', ( #1240, #4, #1729, #2028 ) ) ;
#805 = EDGE_CURVE ( 'NONE', #778, #1261, #860, .T. ) ;
#806 = DIRECTION ( 'NONE',  ( 1.000000000000000000, 0.000000000000000000, 0.000000000000000000 ) ) ;
#807 = LINE ( 'NONE', #1502, #1635 ) ;
#808 = EDGE_CURVE ( 'NONE', #1249, #596, #1552, .T. ) ;
#809 = CARTESIAN_POINT ( 'NONE',  ( 50.49999999999994316, 43.00000000000024869, 0.000000000000000000 ) ) ;
#810 = EDGE_LOOP ( 'NONE', ( #1581, #1488, #1665, #15 ) ) ;
#811 = AXIS2_PLACEMENT_3D ( 'NONE', #1468, #1450, #588 ) ;
#812 = CARTESIAN_POINT ( 'NONE',  ( 96.49999999999998579, 65.50000000000011369, 0.000000000000000000 ) ) ;
#813 = CYLINDRICAL_SURFACE ( 'NONE', #1454, 2.500000000000009326 ) ;
#814 = ORIENTED_EDGE ( 'NONE', *, *, #383, .T. ) ;
#815 = ORIENTED_EDGE ( 'NONE', *, *, #1431, .F. ) ;
#816 = AXIS2_PLACEMENT_3D ( 'NONE', #107, #1863, #969 ) ;
#817 = DIRECTION ( 'NONE',  ( 1.000000000000000000, 0.000000000000000000, 0.000000000000000000 ) ) ;
#818 = CARTESIAN_POINT ( 'NONE',  ( -60.00000000000002842, 10.25908326399206771, 0.000000000000000000 ) ) ;
#819 = ADVANCED_FACE ( 'NONE', ( #1217 ), #2226, .F. ) ;
#820 = CARTESIAN_POINT ( 'NONE',  ( -22.00000000000003197, 28.00000000000016342, -9.000000000000001776 ) ) ;
#821 = VERTEX_POINT ( 'NONE', #2252 ) ;
#822 = CIRCLE ( 'NONE', #2019, 2.500000000000009326 ) ;
#823 = AXIS2_PLACEMENT_3D ( 'NONE', #249, #285, #2170 ) ;
#824 = DIRECTION ( 'NONE',  ( 0.000000000000000000, 0.000000000000000000, 1.000000000000000000 ) ) ;
#825 = AXIS2_PLACEMENT_3D ( 'NONE', #138, #1905, #337 ) ;
#826 = FACE_OUTER_BOUND ( 'NONE', #654, .T. ) ;
#827 = VECTOR ( 'NONE', #344, 1000.000000000000000 ) ;
#828 = CARTESIAN_POINT ( 'NONE',  ( -55.50000000000002842, -52.48183347201602800, 0.000000000000000000 ) ) ;
#830 = VERTEX_POINT ( 'NONE', #1046 ) ;
#829 = VECTOR ( 'NONE', #1805, 1000.000000000000000 ) ;
#831 = ORIENTED_EDGE ( 'NONE', *, *, #1192, .F. ) ;
#832 = CARTESIAN_POINT ( 'NONE',  ( 55.49999999999997158, 0.000000000000000000, 0.000000000000000000 ) ) ;
#833 = DIRECTION ( 'NONE',  ( 0.000000000000000000, 0.000000000000000000, -1.000000000000000000 ) ) ;
#834 = DIRECTION ( 'NONE',  ( -0.000000000000000000, 0.000000000000000000, 1.000000000000000000 ) ) ;
#835 = VERTEX_POINT ( 'NONE', #1543 ) ;
#836 = EDGE_CURVE ( 'NONE', #2232, #596, #699, .T. ) ;
#837 = AXIS2_PLACEMENT_3D ( 'NONE', #379, #1757, #1396 ) ;
#838 = CYLINDRICAL_SURFACE ( 'NONE', #1628, 2.500000000000009326 ) ;
#839 = EDGE_CURVE ( 'NONE', #205, #1625, #1931, .T. ) ;
#840 = CARTESIAN_POINT ( 'NONE',  ( 97.49999999999991473, -14.74091673600791808, 1.000000000000000000 ) ) ;
#841 = ORIENTED_EDGE ( 'NONE', *, *, #199, .T. ) ;
#842 = ORIENTED_EDGE ( 'NONE', *, *, #1619, .T. ) ;
#843 = ORIENTED_EDGE ( 'NONE', *, *, #619, .T. ) ;
#844 = DIRECTION ( 'NONE',  ( 0.000000000000000000, 0.000000000000000000, -1.000000000000000000 ) ) ;
#845 = CARTESIAN_POINT ( 'NONE',  ( -53.00000000000002842, -27.48183347201603510, -9.000000000000001776 ) ) ;
#846 = FACE_OUTER_BOUND ( 'NONE', #1896, .T. ) ;
#847 = ORIENTED_EDGE ( 'NONE', *, *, #681, .F. ) ;
#848 = ADVANCED_FACE ( 'NONE', ( #692 ), #1232, .F. ) ;
#849 = CARTESIAN_POINT ( 'NONE',  ( 19.50000000000007105, -46.99999999999979394, 1.000000000000000000 ) ) ;
#850 = DIRECTION ( 'NONE',  ( -0.000000000000000000, -0.000000000000000000, 1.000000000000000000 ) ) ;
#851 = ORIENTED_EDGE ( 'NONE', *, *, #2219, .T. ) ;
#852 = ORIENTED_EDGE ( 'NONE', *, *, #196, .T. ) ;
#853 = ORIENTED_EDGE ( 'NONE', *, *, #511, .F. ) ;
#854 = CARTESIAN_POINT ( 'NONE',  ( 52.99999999999995026, 43.00000000000024869, 1.000000000000000000 ) ) ;
#855 = DIRECTION ( 'NONE',  ( 0.000000000000000000, 0.000000000000000000, 1.000000000000000000 ) ) ;
#856 = CARTESIAN_POINT ( 'NONE',  ( -19.50000000000003197, 0.000000000000000000, 0.000000000000000000 ) ) ;
#857 = ORIENTED_EDGE ( 'NONE', *, *, #1034, .T. ) ;
#858 = CIRCLE ( 'NONE', #968, 2.499999999999998668 ) ;
#859 = CIRCLE ( 'NONE', #10, 2.500000000000002220 ) ;
#860 = LINE ( 'NONE', #2239, #1124 ) ;
#861 = CARTESIAN_POINT ( 'NONE',  ( 50.49999999999994316, 48.00000000000024869, 0.000000000000000000 ) ) ;
#862 = ORIENTED_EDGE ( 'NONE', *, *, #1107, .T. ) ;
#863 = ORIENTED_EDGE ( 'NONE', *, *, #1835, .F. ) ;
#864 = ORIENTED_EDGE ( 'NONE', *, *, #2087, .F. ) ;
#865 = CARTESIAN_POINT ( 'NONE',  ( -24.50000000000003197, 0.000000000000000000, 0.000000000000000000 ) ) ;
#866 = DIRECTION ( 'NONE',  ( 1.000000000000000000, 0.000000000000000000, 0.000000000000000000 ) ) ;
#867 = ADVANCED_FACE ( 'NONE', ( #367 ), #1222, .F. ) ;
#868 = CARTESIAN_POINT ( 'NONE',  ( 24.50000000000007816, -46.99999999999979394, 1.000000000000000000 ) ) ;
#869 = DIRECTION ( 'NONE',  ( -0.000000000000000000, 0.000000000000000000, 1.000000000000000000 ) ) ;
#870 = VECTOR ( 'NONE', #2066, 1000.000000000000000 ) ;
#871 = DIRECTION ( 'NONE',  ( 1.000000000000000000, -0.000000000000000000, 0.000000000000000000 ) ) ;
#872 = VECTOR ( 'NONE', #945, 1000.000000000000000 ) ;
#873 = CARTESIAN_POINT ( 'NONE',  ( 55.49999999999995737, 48.00000000000024869, 0.000000000000000000 ) ) ;
#874 = LINE ( 'NONE', #1906, #173 ) ;
#875 = ORIENTED_EDGE ( 'NONE', *, *, #323, .T. ) ;
#876 = VERTEX_POINT ( 'NONE', #2072 ) ;
#877 = COLOUR_RGB ( '',0.5294117647058823595, 0.5490196078431373028, 0.5490196078431373028 ) ;
#878 = ORIENTED_EDGE ( 'NONE', *, *, #1460, .T. ) ;
#879 = LINE ( 'NONE', #1570, #936 ) ;
#880 = LINE ( 'NONE', #563, #278 ) ;
#881 = LINE ( 'NONE', #181, #2053 ) ;
#882 = ADVANCED_FACE ( 'NONE', ( #2107 ), #705, .F. ) ;
#883 = DIRECTION ( 'NONE',  ( -1.156482317317871725E-16, 1.000000000000000000, 0.000000000000000000 ) ) ;
#884 = EDGE_CURVE ( 'NONE', #1301, #2255, #1910, .T. ) ;
#885 = DIRECTION ( 'NONE',  ( 0.000000000000000000, 0.000000000000000000, 1.000000000000000000 ) ) ;
#886 = EDGE_LOOP ( 'NONE', ( #1820, #1940, #1316, #955 ) ) ;
#887 = ORIENTED_EDGE ( 'NONE', *, *, #2117, .T. ) ;
#888 = CARTESIAN_POINT ( 'NONE',  ( 50.49999999999994316, -47.48183347201609195, 0.000000000000000000 ) ) ;
#889 = DIRECTION ( 'NONE',  ( 0.000000000000000000, -1.000000000000000000, 0.000000000000000000 ) ) ;
#890 = ORIENTED_EDGE ( 'NONE', *, *, #980, .T. ) ;
#891 = CARTESIAN_POINT ( 'NONE',  ( -55.50000000000003553, -27.48183347201603510, 1.000000000000000000 ) ) ;
#892 = FACE_BOUND ( 'NONE', #1718, .T. ) ;
#893 = ADVANCED_FACE ( 'NONE', ( #1385 ), #1743, .F. ) ;
#894 = CYLINDRICAL_SURFACE ( 'NONE', #2251, 2.499999999999998668 ) ;
#895 = ORIENTED_EDGE ( 'NONE', *, *, #1269, .F. ) ;
#896 = AXIS2_PLACEMENT_3D ( 'NONE', #1020, #1364, #1888 ) ;
#897 = ORIENTED_EDGE ( 'NONE', *, *, #555, .T. ) ;
#898 = DIRECTION ( 'NONE',  ( 1.000000000000000000, 0.000000000000000000, 0.000000000000000000 ) ) ;
#899 = CARTESIAN_POINT ( 'NONE',  ( -19.50000000000003553, 48.00000000000017053, 1.000000000000000000 ) ) ;
#900 = ORIENTED_EDGE ( 'NONE', *, *, #1634, .T. ) ;
#901 = CARTESIAN_POINT ( 'NONE',  ( 22.00000000000007461, -31.99999999999979394, 1.000000000000000000 ) ) ;
#902 = DIRECTION ( 'NONE',  ( -0.000000000000000000, 0.000000000000000000, 1.000000000000000000 ) ) ;
#903 = LINE ( 'NONE', #1813, #2161 ) ;
#904 = DIRECTION ( 'NONE',  ( 0.000000000000000000, 0.000000000000000000, 1.000000000000000000 ) ) ;
#905 = EDGE_CURVE ( 'NONE', #1305, #1892, #642, .T. ) ;
#906 = ORIENTED_EDGE ( 'NONE', *, *, #1972, .T. ) ;
#907 = VECTOR ( 'NONE', #1218, 1000.000000000000000 ) ;
#908 = ORIENTED_EDGE ( 'NONE', *, *, #484, .T. ) ;
#909 = EDGE_CURVE ( 'NONE', #1146, #1416, #550, .T. ) ;
#910 = CARTESIAN_POINT ( 'NONE',  ( 55.49999999999997158, 28.00000000000024869, 1.000000000000000000 ) ) ;
#911 = SURFACE_STYLE_FILL_AREA ( #204 ) ;
#912 = AXIS2_PLACEMENT_3D ( 'NONE', #1937, #1214, #1947 ) ;
#913 = ORIENTED_EDGE ( 'NONE', *, *, #1890, .F. ) ;
#914 = DIRECTION ( 'NONE',  ( -0.000000000000000000, 0.000000000000000000, 1.000000000000000000 ) ) ;
#915 = DIRECTION ( 'NONE',  ( 5.084496304027758749E-17, -0.7071067811865461294, -0.7071067811865489050 ) ) ;
#916 = DIRECTION ( 'NONE',  ( -0.000000000000000000, -0.000000000000000000, 1.000000000000000000 ) ) ;
#917 = CARTESIAN_POINT ( 'NONE',  ( 96.49999999999991473, 10.25908326399208370, 1.000000000000000000 ) ) ;
#918 = ORIENTED_EDGE ( 'NONE', *, *, #696, .F. ) ;
#919 = ORIENTED_EDGE ( 'NONE', *, *, #555, .F. ) ;
#920 = DIRECTION ( 'NONE',  ( 0.000000000000000000, -1.000000000000000000, 0.000000000000000000 ) ) ;
#921 = DIRECTION ( 'NONE',  ( -0.000000000000000000, -0.000000000000000000, 1.000000000000000000 ) ) ;
#922 = EDGE_CURVE ( 'NONE', #1701, #1547, #678, .T. ) ;
#923 = AXIS2_PLACEMENT_3D ( 'NONE', #1574, #349, #1080 ) ;
#924 = DIRECTION ( 'NONE',  ( -0.000000000000000000, -0.000000000000000000, 1.000000000000000000 ) ) ;
#925 = CARTESIAN_POINT ( 'NONE',  ( -50.50000000000000711, -47.48183347201602800, 0.000000000000000000 ) ) ;
#926 = DIRECTION ( 'NONE',  ( 1.000000000000000000, 0.000000000000000000, 0.000000000000000000 ) ) ;
#927 = ORIENTED_EDGE ( 'NONE', *, *, #1118, .T. ) ;
#928 = EDGE_LOOP ( 'NONE', ( #454, #2231, #1108, #1557 ) ) ;
#929 = DIRECTION ( 'NONE',  ( 1.000000000000000000, 0.000000000000000000, 0.000000000000000000 ) ) ;
#930 = FACE_OUTER_BOUND ( 'NONE', #943, .T. ) ;
#931 = VECTOR ( 'NONE', #738, 1000.000000000000000 ) ;
#932 = EDGE_CURVE ( 'NONE', #1200, #302, #1212, .T. ) ;
#933 = VECTOR ( 'NONE', #1369, 1000.000000000000000 ) ;
#934 = CARTESIAN_POINT ( 'NONE',  ( -8.089384084865937595E-15, 112.4999999999999716, 1.000000000000000000 ) ) ;
#935 = CARTESIAN_POINT ( 'NONE',  ( 59.99999999999997158, 10.25908326399208015, 0.000000000000000000 ) ) ;
#936 = VECTOR ( 'NONE', #85, 1000.000000000000000 ) ;
#937 = CARTESIAN_POINT ( 'NONE',  ( -50.50000000000000711, -47.48183347201602800, 1.000000000000000000 ) ) ;
#938 = EDGE_LOOP ( 'NONE', ( #244, #64, #1834, #1500 ) ) ;
#939 = VECTOR ( 'NONE', #509, 1000.000000000000000 ) ;
#940 = ORIENTED_EDGE ( 'NONE', *, *, #1634, .F. ) ;
#941 = LINE ( 'NONE', #1974, #752 ) ;
#942 = DIRECTION ( 'NONE',  ( 1.000000000000000000, 0.000000000000000000, 0.000000000000000000 ) ) ;
#943 = EDGE_LOOP ( 'NONE', ( #111, #299, #1048, #966 ) ) ;
#944 = EDGE_CURVE ( 'NONE', #1465, #614, #1064, .T. ) ;
#945 = DIRECTION ( 'NONE',  ( 0.000000000000000000, 1.000000000000000000, -0.000000000000000000 ) ) ;
#946 = DIRECTION ( 'NONE',  ( -0.000000000000000000, -0.000000000000000000, 1.000000000000000000 ) ) ;
#947 = VECTOR ( 'NONE', #1358, 1000.000000000000000 ) ;
#948 = AXIS2_PLACEMENT_3D ( 'NONE', #1767, #1606, #866 ) ;
#949 = EDGE_CURVE ( 'NONE', #1187, #517, #1518, .T. ) ;
#950 = DIRECTION ( 'NONE',  ( -0.000000000000000000, -1.000000000000000000, -0.000000000000000000 ) ) ;
#951 = ORIENTED_EDGE ( 'NONE', *, *, #605, .T. ) ;
#952 = ORIENTED_EDGE ( 'NONE', *, *, #681, .T. ) ;
#953 = CARTESIAN_POINT ( 'NONE',  ( 19.50000000000007461, -31.99999999999979394, 0.000000000000000000 ) ) ;
#954 = PLANE ( 'NONE',  #458 ) ;
#955 = ORIENTED_EDGE ( 'NONE', *, *, #1972, .F. ) ;
#956 = VERTEX_POINT ( 'NONE', #1779 ) ;
#957 = CARTESIAN_POINT ( 'NONE',  ( 19.50000000000007105, -51.99999999999979394, 0.000000000000000000 ) ) ;
#958 = DIRECTION ( 'NONE',  ( 0.000000000000000000, 0.000000000000000000, 1.000000000000000000 ) ) ;
#959 = VECTOR ( 'NONE', #1583, 1000.000000000000000 ) ;
#960 = AXIS2_PLACEMENT_3D ( 'NONE', #625, #1679, #487 ) ;
#961 = CARTESIAN_POINT ( 'NONE',  ( 22.00000000000007461, -51.99999999999979394, -9.000000000000001776 ) ) ;
#962 = VERTEX_POINT ( 'NONE', #910 ) ;
#963 = EDGE_CURVE ( 'NONE', #1083, #962, #508, .T. ) ;
#964 = DIRECTION ( 'NONE',  ( 0.000000000000000000, 0.000000000000000000, 1.000000000000000000 ) ) ;
#965 = DIRECTION ( 'NONE',  ( 0.000000000000000000, 1.000000000000000000, -0.000000000000000000 ) ) ;
#966 = ORIENTED_EDGE ( 'NONE', *, *, #2016, .T. ) ;
#967 = VERTEX_POINT ( 'NONE', #178 ) ;
#968 = AXIS2_PLACEMENT_3D ( 'NONE', #1594, #914, #742 ) ;
#969 = DIRECTION ( 'NONE',  ( 0.000000000000000000, 0.000000000000000000, 1.000000000000000000 ) ) ;
#970 = CIRCLE ( 'NONE', #2234, 2.500000000000009326 ) ;
#971 = CARTESIAN_POINT ( 'NONE',  ( -55.50000000000004263, 43.00000000000016342, 1.000000000000000000 ) ) ;
#972 = AXIS2_PLACEMENT_3D ( 'NONE', #1025, #502, #1036 ) ;
#973 = CARTESIAN_POINT ( 'NONE',  ( 24.50000000000007816, -46.99999999999979394, 1.000000000000000000 ) ) ;
#974 = VERTEX_POINT ( 'NONE', #888 ) ;
#975 = PRODUCT ( 'aluminim sumo chassis', 'aluminim sumo chassis', '', ( #324 ) ) ;
#976 = EDGE_CURVE ( 'NONE', #507, #553, #1374, .T. ) ;
#977 = VECTOR ( 'NONE', #1582, 1000.000000000000000 ) ;
#978 = DIRECTION ( 'NONE',  ( -0.000000000000000000, 0.000000000000000000, 1.000000000000000000 ) ) ;
#979 = CARTESIAN_POINT ( 'NONE',  ( -55.50000000000003553, -27.48183347201603510, 0.000000000000000000 ) ) ;
#980 = EDGE_CURVE ( 'NONE', #748, #1306, #155, .T. ) ;
#981 = ORIENTED_EDGE ( 'NONE', *, *, #1799, .T. ) ;
#982 = ORIENTED_EDGE ( 'NONE', *, *, #31, .F. ) ;
#983 = CARTESIAN_POINT ( 'NONE',  ( 50.49999999999995737, -32.48183347201609195, 1.000000000000000000 ) ) ;
#984 = CARTESIAN_POINT ( 'NONE',  ( -50.50000000000002132, 28.00000000000016342, -9.000000000000001776 ) ) ;
#985 = CARTESIAN_POINT ( 'NONE',  ( 19.50000000000007105, -46.99999999999979394, 1.000000000000000000 ) ) ;
#986 = ORIENTED_EDGE ( 'NONE', *, *, #1259, .T. ) ;
#987 = LINE ( 'NONE', #1681, #1664 ) ;
#988 = FACE_OUTER_BOUND ( 'NONE', #1674, .T. ) ;
#989 = PRODUCT_DEFINITION ( 'UNKNOWN', '', #1338, #2195 ) ;
#990 = EDGE_LOOP ( 'NONE', ( #1392, #843, #890, #328 ) ) ;
#991 = ORIENTED_EDGE ( 'NONE', *, *, #2131, .F. ) ;
#992 = EDGE_CURVE ( 'NONE', #1758, #1382, #5, .T. ) ;
#993 = DIRECTION ( 'NONE',  ( 0.000000000000000000, -1.000000000000000000, 0.000000000000000000 ) ) ;
#994 = DIRECTION ( 'NONE',  ( -9.570888143320315641E-17, 1.000000000000000000, 0.000000000000000000 ) ) ;
#995 = DIRECTION ( 'NONE',  ( -0.000000000000000000, -0.000000000000000000, 1.000000000000000000 ) ) ;
#996 = ORIENTED_EDGE ( 'NONE', *, *, #69, .F. ) ;
#997 = VECTOR ( 'NONE', #669, 1000.000000000000000 ) ;
#998 = CARTESIAN_POINT ( 'NONE',  ( 97.49999999999991473, -14.74091673600791808, 1.000000000000000000 ) ) ;
#999 = DIRECTION ( 'NONE',  ( -0.000000000000000000, -0.000000000000000000, 1.000000000000000000 ) ) ;
#1000 = DIRECTION ( 'NONE',  ( -0.000000000000000000, 1.000000000000000000, -0.000000000000000000 ) ) ;
#1001 = UNCERTAINTY_MEASURE_WITH_UNIT (LENGTH_MEASURE( 1.000000000000000082E-05 ), #1775, 'distance_accuracy_value', 'NONE');
#1002 = EDGE_LOOP ( 'NONE', ( #1188, #1593, #415, #526 ) ) ;
#1003 = VERTEX_POINT ( 'NONE', #1054 ) ;
#1004 = CARTESIAN_POINT ( 'NONE',  ( 19.50000000000007461, -31.99999999999979394, -9.000000000000001776 ) ) ;
#1005 = DIRECTION ( 'NONE',  ( 0.000000000000000000, 0.000000000000000000, 1.000000000000000000 ) ) ;
#1006 = EDGE_CURVE ( 'NONE', #1786, #1535, #879, .T. ) ;
#1007 = DIRECTION ( 'NONE',  ( 0.000000000000000000, -0.000000000000000000, -1.000000000000000000 ) ) ;
#1008 = ORIENTED_EDGE ( 'NONE', *, *, #944, .F. ) ;
#1009 = EDGE_CURVE ( 'NONE', #1039, #1768, #387, .T. ) ;
#1010 = VECTOR ( 'NONE', #2158, 1000.000000000000000 ) ;
#1011 = AXIS2_PLACEMENT_3D ( 'NONE', #2157, #1644, #597 ) ;
#1012 = CARTESIAN_POINT ( 'NONE',  ( -22.00000000000003197, 28.00000000000016342, 0.000000000000000000 ) ) ;
#1013 = AXIS2_PLACEMENT_3D ( 'NONE', #1421, #2244, #1073 ) ;
#1014 = DIRECTION ( 'NONE',  ( -0.000000000000000000, -0.000000000000000000, 1.000000000000000000 ) ) ;
#1015 = EDGE_LOOP ( 'NONE', ( #1885, #649, #1271, #863 ) ) ;
#1016 = ORIENTED_EDGE ( 'NONE', *, *, #57, .F. ) ;
#1017 = ORIENTED_EDGE ( 'NONE', *, *, #1646, .F. ) ;
#1018 = AXIS2_PLACEMENT_3D ( 'NONE', #1201, #2200, #806 ) ;
#1019 = CARTESIAN_POINT ( 'NONE',  ( 96.49999999999991473, 0.000000000000000000, 0.000000000000000000 ) ) ;
#1020 = CARTESIAN_POINT ( 'NONE',  ( -60.00000000000004263, 65.50000000000017053, 1.000000000000000000 ) ) ;
#1021 = EDGE_CURVE ( 'NONE', #2172, #151, #750, .T. ) ;
#1022 = LINE ( 'NONE', #1710, #1686 ) ;
#1023 = VERTEX_POINT ( 'NONE', #762 ) ;
#1024 = EDGE_CURVE ( 'NONE', #543, #1465, #793, .T. ) ;
#1025 = CARTESIAN_POINT ( 'NONE',  ( 22.00000000000007461, -31.99999999999979394, -9.000000000000001776 ) ) ;
#1026 = CARTESIAN_POINT ( 'NONE',  ( 96.49999999999994316, 112.4999999999999858, 0.9999999999999941158 ) ) ;
#1027 = VERTEX_POINT ( 'NONE', #41 ) ;
#1028 = VERTEX_POINT ( 'NONE', #1828 ) ;
#1029 = VERTEX_POINT ( 'NONE', #1445 ) ;
#1030 = DIRECTION ( 'NONE',  ( -1.000000000000000000, 0.000000000000000000, 0.000000000000000000 ) ) ;
#1031 = DIRECTION ( 'NONE',  ( 0.000000000000000000, 0.000000000000000000, 1.000000000000000000 ) ) ;
#1032 = CARTESIAN_POINT ( 'NONE',  ( 96.49999999999991473, 10.25908326399208370, 3.061616997868383437E-15 ) ) ;
#1033 = ORIENTED_EDGE ( 'NONE', *, *, #484, .F. ) ;
#1034 = EDGE_CURVE ( 'NONE', #448, #1061, #1264, .T. ) ;
#1035 = ADVANCED_FACE ( 'NONE', ( #1798 ), #1282, .F. ) ;
#1036 = DIRECTION ( 'NONE',  ( 1.000000000000000000, 0.000000000000000000, 0.000000000000000000 ) ) ;
#1037 = CARTESIAN_POINT ( 'NONE',  ( 50.49999999999994316, -52.48183347201609905, -9.000000000000001776 ) ) ;
#1038 = ORIENTED_EDGE ( 'NONE', *, *, #226, .F. ) ;
#1039 = VERTEX_POINT ( 'NONE', #237 ) ;
#1040 = ORIENTED_EDGE ( 'NONE', *, *, #69, .T. ) ;
#1041 = CARTESIAN_POINT ( 'NONE',  ( 50.49999999999995737, 28.00000000000024869, -9.000000000000001776 ) ) ;
#1042 = DIRECTION ( 'NONE',  ( 1.000000000000000000, 0.000000000000000000, 0.000000000000000000 ) ) ;
#1043 = DIRECTION ( 'NONE',  ( 0.000000000000000000, 0.000000000000000000, 1.000000000000000000 ) ) ;
#1044 = CARTESIAN_POINT ( 'NONE',  ( 59.99999999999995737, -9.499999999999882760, 1.000000000000000000 ) ) ;
#1045 = DIRECTION ( 'NONE',  ( 0.000000000000000000, 0.000000000000000000, -1.000000000000000000 ) ) ;
#1046 = CARTESIAN_POINT ( 'NONE',  ( -50.50000000000002132, -32.48183347201603510, 1.000000000000000000 ) ) ;
#1047 = DIRECTION ( 'NONE',  ( -0.000000000000000000, -0.000000000000000000, 1.000000000000000000 ) ) ;
#1048 = ORIENTED_EDGE ( 'NONE', *, *, #1646, .T. ) ;
#1049 = CIRCLE ( 'NONE', #1807, 2.500000000000009326 ) ;
#1050 = EDGE_CURVE ( 'NONE', #2054, #403, #216, .T. ) ;
#1051 = ORIENTED_EDGE ( 'NONE', *, *, #323, .F. ) ;
#1052 = VECTOR ( 'NONE', #518, 1000.000000000000000 ) ;
#1053 = ORIENTED_EDGE ( 'NONE', *, *, #427, .F. ) ;
#1054 = CARTESIAN_POINT ( 'NONE',  ( -55.50000000000004263, -32.48183347201603510, 0.000000000000000000 ) ) ;
#1055 = DIRECTION ( 'NONE',  ( -0.000000000000000000, -0.000000000000000000, 1.000000000000000000 ) ) ;
#1056 = CARTESIAN_POINT ( 'NONE',  ( 96.49999999999991473, -14.74091673600791808, 1.000000000000000000 ) ) ;
#1057 = FACE_BOUND ( 'NONE', #1789, .T. ) ;
#1058 = AXIS2_PLACEMENT_3D ( 'NONE', #684, #824, #640 ) ;
#1059 = DIRECTION ( 'NONE',  ( 1.000000000000000000, 0.000000000000000000, 0.000000000000000000 ) ) ;
#1060 = CARTESIAN_POINT ( 'NONE',  ( 59.99999999999995737, 65.50000000000011369, 1.000000000000000000 ) ) ;
#1061 = VERTEX_POINT ( 'NONE', #72 ) ;
#1062 = VERTEX_POINT ( 'NONE', #1788 ) ;
#1063 = AXIS2_PLACEMENT_3D ( 'NONE', #1060, #686, #1753 ) ;
#1064 = LINE ( 'NONE', #1251, #421 ) ;
#1065 = DIRECTION ( 'NONE',  ( 1.000000000000000000, 9.570888143320315641E-17, -0.000000000000000000 ) ) ;
#1066 = ORIENTED_EDGE ( 'NONE', *, *, #250, .F. ) ;
#1067 = FACE_OUTER_BOUND ( 'NONE', #938, .T. ) ;
#1068 = EDGE_CURVE ( 'NONE', #1146, #2243, #1485, .T. ) ;
#1069 = PLANE ( 'NONE',  #912 ) ;
#1070 = LINE ( 'NONE', #1082, #615 ) ;
#1071 = ORIENTED_EDGE ( 'NONE', *, *, #456, .T. ) ;
#1072 = EDGE_LOOP ( 'NONE', ( #1355, #79, #1754, #1871 ) ) ;
#1073 = DIRECTION ( 'NONE',  ( 1.000000000000000000, 0.000000000000000000, 0.000000000000000000 ) ) ;
#1074 = CARTESIAN_POINT ( 'NONE',  ( -24.50000000000003197, 23.00000000000016698, 0.000000000000000000 ) ) ;
#1075 = VECTOR ( 'NONE', #101, 1000.000000000000000 ) ;
#1076 = VERTEX_POINT ( 'NONE', #246 ) ;
#1077 = LINE ( 'NONE', #22, #1400 ) ;
#1078 = VECTOR ( 'NONE', #773, 1000.000000000000000 ) ;
#1079 = EDGE_CURVE ( 'NONE', #1095, #1083, #1098, .T. ) ;
#1080 = DIRECTION ( 'NONE',  ( 1.000000000000000000, 0.000000000000000000, 0.000000000000000000 ) ) ;
#1081 = ADVANCED_FACE ( 'NONE', ( #930 ), #954, .F. ) ;
#1082 = CARTESIAN_POINT ( 'NONE',  ( -55.50000000000002842, -47.48183347201602800, -9.000000000000001776 ) ) ;
#1083 = VERTEX_POINT ( 'NONE', #1640 ) ;
#1084 = ORIENTED_EDGE ( 'NONE', *, *, #1068, .T. ) ;
#1085 = DIRECTION ( 'NONE',  ( 1.000000000000000000, 0.000000000000000000, 0.000000000000000000 ) ) ;
#1086 = CIRCLE ( 'NONE', #81, 2.500000000000009326 ) ;
#1087 = AXIS2_PLACEMENT_3D ( 'NONE', #540, #528, #1591 ) ;
#1088 = PLANE ( 'NONE',  #1804 ) ;
#1089 = CARTESIAN_POINT ( 'NONE',  ( 50.49999999999994316, 0.000000000000000000, 0.000000000000000000 ) ) ;
#1090 = PLANE ( 'NONE',  #230 ) ;
#1091 = EDGE_CURVE ( 'NONE', #1382, #782, #1842, .T. ) ;
#1092 = VECTOR ( 'NONE', #1853, 1000.000000000000000 ) ;
#1093 = LINE ( 'NONE', #721, #1600 ) ;
#1094 = ADVANCED_FACE ( 'NONE', ( #594 ), #63, .F. ) ;
#1095 = VERTEX_POINT ( 'NONE', #2155 ) ;
#1096 = ORIENTED_EDGE ( 'NONE', *, *, #777, .F. ) ;
#1097 = DIRECTION ( 'NONE',  ( -0.000000000000000000, -0.000000000000000000, 1.000000000000000000 ) ) ;
#1098 = LINE ( 'NONE', #2137, #2199 ) ;
#1099 = VECTOR ( 'NONE', #1270, 1000.000000000000000 ) ;
#1100 = ORIENTED_EDGE ( 'NONE', *, *, #1024, .T. ) ;
#1101 = VECTOR ( 'NONE', #346, 1000.000000000000000 ) ;
#1102 = CARTESIAN_POINT ( 'NONE',  ( 59.99999999999995737, 65.50000000000011369, 0.000000000000000000 ) ) ;
#1103 = FACE_OUTER_BOUND ( 'NONE', #2091, .T. ) ;
#1104 = FACE_BOUND ( 'NONE', #2032, .T. ) ;
#1105 = DIRECTION ( 'NONE',  ( -0.000000000000000000, -0.000000000000000000, 1.000000000000000000 ) ) ;
#1106 = ORIENTED_EDGE ( 'NONE', *, *, #294, .T. ) ;
#1107 = EDGE_CURVE ( 'NONE', #543, #783, #1274, .T. ) ;
#1108 = ORIENTED_EDGE ( 'NONE', *, *, #1293, .F. ) ;
#1109 = DIRECTION ( 'NONE',  ( 0.000000000000000000, 0.000000000000000000, 1.000000000000000000 ) ) ;
#1110 = DIRECTION ( 'NONE',  ( 0.000000000000000000, 1.000000000000000000, -0.000000000000000000 ) ) ;
#1111 = LINE ( 'NONE', #763, #872 ) ;
#1112 = DIRECTION ( 'NONE',  ( -1.000000000000000000, 0.000000000000000000, 0.000000000000000000 ) ) ;
#1113 = DIRECTION ( 'NONE',  ( -1.000000000000000000, 0.000000000000000000, 0.000000000000000000 ) ) ;
#1114 = ORIENTED_EDGE ( 'NONE', *, *, #1423, .T. ) ;
#1115 = ORIENTED_EDGE ( 'NONE', *, *, #1280, .T. ) ;
#1116 = CARTESIAN_POINT ( 'NONE',  ( 55.49999999999995737, 48.00000000000024869, 1.000000000000000000 ) ) ;
#1117 = FACE_OUTER_BOUND ( 'NONE', #1279, .T. ) ;
#1118 = EDGE_CURVE ( 'NONE', #411, #1076, #1135, .T. ) ;
#1119 = CIRCLE ( 'NONE', #1365, 2.499999999999998668 ) ;
#1120 = ORIENTED_EDGE ( 'NONE', *, *, #909, .T. ) ;
#1121 = AXIS2_PLACEMENT_3D ( 'NONE', #245, #1954, #603 ) ;
#1122 = ADVANCED_FACE ( 'NONE', ( #1117 ), #2174, .F. ) ;
#1123 = VECTOR ( 'NONE', #1864, 1000.000000000000000 ) ;
#1124 = VECTOR ( 'NONE', #1207, 1000.000000000000000 ) ;
#1125 = CARTESIAN_POINT ( 'NONE',  ( 19.50000000000007105, -46.99999999999979394, -9.000000000000001776 ) ) ;
#1126 = FACE_BOUND ( 'NONE', #1541, .T. ) ;
#1127 = AXIS2_PLACEMENT_3D ( 'NONE', #1144, #1808, #1314 ) ;
#1128 = DIRECTION ( 'NONE',  ( 0.000000000000000000, 0.000000000000000000, 1.000000000000000000 ) ) ;
#1129 = VECTOR ( 'NONE', #2037, 1000.000000000000000 ) ;
#1130 = ORIENTED_EDGE ( 'NONE', *, *, #1203, .T. ) ;
#1131 = VECTOR ( 'NONE', #993, 1000.000000000000000 ) ;
#1132 = CARTESIAN_POINT ( 'NONE',  ( 52.99999999999995026, 48.00000000000024869, 0.000000000000000000 ) ) ;
#1133 = AXIS2_PLACEMENT_3D ( 'NONE', #88, #1341, #119 ) ;
#1134 = LINE ( 'NONE', #780, #1838 ) ;
#1135 = LINE ( 'NONE', #781, #601 ) ;
#1136 = ORIENTED_EDGE ( 'NONE', *, *, #650, .F. ) ;
#1137 = CARTESIAN_POINT ( 'NONE',  ( -22.00000000000003197, 23.00000000000016698, -9.000000000000001776 ) ) ;
#1138 = CARTESIAN_POINT ( 'NONE',  ( 59.99999999999997158, 10.25908326399207304, 1.000000000000000000 ) ) ;
#1139 = VECTOR ( 'NONE', #629, 1000.000000000000000 ) ;
#1140 = CYLINDRICAL_SURFACE ( 'NONE', #516, 2.500000000000009326 ) ;
#1141 = VERTEX_POINT ( 'NONE', #1474 ) ;
#1142 = VECTOR ( 'NONE', #1105, 1000.000000000000000 ) ;
#1143 = LINE ( 'NONE', #1262, #637 ) ;
#1144 = CARTESIAN_POINT ( 'NONE',  ( 52.99999999999995026, -47.48183347201609195, -9.000000000000001776 ) ) ;
#1145 = ORIENTED_EDGE ( 'NONE', *, *, #663, .F. ) ;
#1146 = VERTEX_POINT ( 'NONE', #1304 ) ;
#1147 = CARTESIAN_POINT ( 'NONE',  ( 22.00000000000007461, -46.99999999999979394, 1.000000000000000000 ) ) ;
#1148 = FACE_OUTER_BOUND ( 'NONE', #1372, .T. ) ;
#1149 = ADVANCED_FACE ( 'NONE', ( #1662 ), #1174, .F. ) ;
#1150 = DIRECTION ( 'NONE',  ( -0.000000000000000000, -0.000000000000000000, 1.000000000000000000 ) ) ;
#1151 = ORIENTED_EDGE ( 'NONE', *, *, #1447, .T. ) ;
#1152 = EDGE_CURVE ( 'NONE', #956, #1029, #1544, .T. ) ;
#1153 = CARTESIAN_POINT ( 'NONE',  ( 52.99999999999995737, 28.00000000000024869, -9.000000000000001776 ) ) ;
#1154 = LINE ( 'NONE', #840, #947 ) ;
#1155 = ORIENTED_EDGE ( 'NONE', *, *, #2249, .F. ) ;
#1156 = ORIENTED_EDGE ( 'NONE', *, *, #1890, .T. ) ;
#1157 = LINE ( 'NONE', #1327, #1092 ) ;
#1158 = VECTOR ( 'NONE', #1484, 1000.000000000000000 ) ;
#1159 = DIRECTION ( 'NONE',  ( -0.000000000000000000, -1.000000000000000000, -0.000000000000000000 ) ) ;
#1160 = LINE ( 'NONE', #274, #295 ) ;
#1161 = ORIENTED_EDGE ( 'NONE', *, *, #358, .F. ) ;
#1162 = AXIS2_PLACEMENT_3D ( 'NONE', #2164, #1975, #577 ) ;
#1163 = EDGE_CURVE ( 'NONE', #507, #96, #290, .T. ) ;
#1164 = EDGE_CURVE ( 'NONE', #1028, #1029, #267, .T. ) ;
#1165 = LINE ( 'NONE', #1867, #264 ) ;
#1166 = LINE ( 'NONE', #1496, #1139 ) ;
#1167 = ORIENTED_EDGE ( 'NONE', *, *, #650, .T. ) ;
#1168 = ORIENTED_EDGE ( 'NONE', *, *, #523, .F. ) ;
#1169 = FACE_OUTER_BOUND ( 'NONE', #2214, .T. ) ;
#1170 = DIRECTION ( 'NONE',  ( 1.000000000000000000, 0.000000000000000000, 0.000000000000000000 ) ) ;
#1171 = CARTESIAN_POINT ( 'NONE',  ( 59.99999999999995737, -9.499999999999882760, 0.000000000000000000 ) ) ;
#1172 = ORIENTED_EDGE ( 'NONE', *, *, #711, .F. ) ;
#1173 = CARTESIAN_POINT ( 'NONE',  ( 50.49999999999994316, 48.00000000000024869, -9.000000000000001776 ) ) ;
#1174 = PLANE ( 'NONE',  #234 ) ;
#1175 = EDGE_CURVE ( 'NONE', #2255, #2203, #643, .T. ) ;
#1176 = VERTEX_POINT ( 'NONE', #2227 ) ;
#1177 = ORIENTED_EDGE ( 'NONE', *, *, #551, .F. ) ;
#1178 = EDGE_CURVE ( 'NONE', #1187, #821, #1694, .T. ) ;
#1179 = DIRECTION ( 'NONE',  ( -1.000000000000000000, 3.965082230804130220E-16, -0.000000000000000000 ) ) ;
#1180 = CARTESIAN_POINT ( 'NONE',  ( -55.50000000000004263, 48.00000000000017053, 1.000000000000000000 ) ) ;
#1181 = FACE_OUTER_BOUND ( 'NONE', #492, .T. ) ;
#1182 = ORIENTED_EDGE ( 'NONE', *, *, #2117, .F. ) ;
#1183 = VECTOR ( 'NONE', #261, 1000.000000000000000 ) ;
#1184 = DIRECTION ( 'NONE',  ( 0.000000000000000000, -1.000000000000000000, 0.000000000000000000 ) ) ;
#1185 = LINE ( 'NONE', #2007, #160 ) ;
#1186 = ORIENTED_EDGE ( 'NONE', *, *, #2003, .F. ) ;
#1187 = VERTEX_POINT ( 'NONE', #828 ) ;
#1188 = ORIENTED_EDGE ( 'NONE', *, *, #511, .T. ) ;
#1189 = ADVANCED_FACE ( 'NONE', ( #1522 ), #2206, .T. ) ;
#1190 = FACE_OUTER_BOUND ( 'NONE', #1953, .T. ) ;
#1191 = CARTESIAN_POINT ( 'NONE',  ( -50.50000000000002132, -32.48183347201603510, 1.000000000000000000 ) ) ;
#1192 = EDGE_CURVE ( 'NONE', #539, #247, #480, .T. ) ;
#1193 = CARTESIAN_POINT ( 'NONE',  ( -55.50000000000004263, 23.00000000000016698, 0.000000000000000000 ) ) ;
#1194 = VERTEX_POINT ( 'NONE', #674 ) ;
#1195 = CIRCLE ( 'NONE', #1476, 2.500000000000009326 ) ;
#1196 = LINE ( 'NONE', #479, #2132 ) ;
#1197 = DIRECTION ( 'NONE',  ( 0.000000000000000000, -1.000000000000000000, 0.000000000000000000 ) ) ;
#1198 = ORIENTED_EDGE ( 'NONE', *, *, #756, .T. ) ;
#1199 = VERTEX_POINT ( 'NONE', #2217 ) ;
#1200 = VERTEX_POINT ( 'NONE', #979 ) ;
#1201 = CARTESIAN_POINT ( 'NONE',  ( -53.00000000000003553, 48.00000000000017053, 0.000000000000000000 ) ) ;
#1202 = FACE_OUTER_BOUND ( 'NONE', #402, .T. ) ;
#1203 = EDGE_CURVE ( 'NONE', #876, #1350, #1185, .T. ) ;
#1204 = LINE ( 'NONE', #856, #2008 ) ;
#1205 = EDGE_LOOP ( 'NONE', ( #1433, #153, #257, #2092 ) ) ;
#1206 = AXIS2_PLACEMENT_3D ( 'NONE', #2108, #1233, #1042 ) ;
#1207 = DIRECTION ( 'NONE',  ( -0.000000000000000000, -0.000000000000000000, 1.000000000000000000 ) ) ;
#1208 = CARTESIAN_POINT ( 'NONE',  ( 55.49999999999995737, -47.48183347201609195, 1.000000000000000000 ) ) ;
#1209 = VERTEX_POINT ( 'NONE', #1704 ) ;
#1210 = ORIENTED_EDGE ( 'NONE', *, *, #1307, .T. ) ;
#1211 = ORIENTED_EDGE ( 'NONE', *, *, #196, .F. ) ;
#1212 = LINE ( 'NONE', #19, #84 ) ;
#1213 = LINE ( 'NONE', #1191, #2097 ) ;
#1214 = DIRECTION ( 'NONE',  ( 9.570888143320315641E-17, -1.000000000000000000, 0.000000000000000000 ) ) ;
#1215 = EDGE_CURVE ( 'NONE', #1339, #560, #1348, .T. ) ;
#1216 = LINE ( 'NONE', #163, #1676 ) ;
#1217 = FACE_OUTER_BOUND ( 'NONE', #1965, .T. ) ;
#1218 = DIRECTION ( 'NONE',  ( 9.570888143320315641E-17, -1.000000000000000000, 0.000000000000000000 ) ) ;
#1219 = ORIENTED_EDGE ( 'NONE', *, *, #963, .T. ) ;
#1220 = VERTEX_POINT ( 'NONE', #1881 ) ;
#1221 = ORIENTED_EDGE ( 'NONE', *, *, #765, .F. ) ;
#1222 = CYLINDRICAL_SURFACE ( 'NONE', #717, 2.500000000000009326 ) ;
#1223 = CARTESIAN_POINT ( 'NONE',  ( 55.49999999999995737, -47.48183347201609195, -9.000000000000001776 ) ) ;
#1224 = CARTESIAN_POINT ( 'NONE',  ( -53.00000000000002842, 23.00000000000016698, 0.000000000000000000 ) ) ;
#1225 = FACE_OUTER_BOUND ( 'NONE', #1810, .T. ) ;
#1226 = CARTESIAN_POINT ( 'NONE',  ( 59.99999999999995737, 65.50000000000011369, 0.000000000000000000 ) ) ;
#1227 = CIRCLE ( 'NONE', #1669, 2.500000000000009326 ) ;
#1228 = ORIENTED_EDGE ( 'NONE', *, *, #1714, .F. ) ;
#1229 = ADVANCED_FACE ( 'NONE', ( #2041 ), #802, .F. ) ;
#1230 = ORIENTED_EDGE ( 'NONE', *, *, #1255, .T. ) ;
#1231 = VECTOR ( 'NONE', #1110, 1000.000000000000000 ) ;
#1232 = PLANE ( 'NONE',  #1406 ) ;
#1233 = DIRECTION ( 'NONE',  ( -0.000000000000000000, -0.000000000000000000, 1.000000000000000000 ) ) ;
#1234 = ORIENTED_EDGE ( 'NONE', *, *, #1091, .F. ) ;
#1235 = CYLINDRICAL_SURFACE ( 'NONE', #47, 2.500000000000009326 ) ;
#1236 = FACE_BOUND ( 'NONE', #810, .T. ) ;
#1237 = DIRECTION ( 'NONE',  ( 0.000000000000000000, -1.000000000000000000, 0.000000000000000000 ) ) ;
#1238 = ORIENTED_EDGE ( 'NONE', *, *, #1936, .F. ) ;
#1239 = CIRCLE ( 'NONE', #948, 2.500000000000009326 ) ;
#1240 = ORIENTED_EDGE ( 'NONE', *, *, #976, .F. ) ;
#1241 = AXIS2_PLACEMENT_3D ( 'NONE', #1137, #1609, #586 ) ;
#1242 = DIRECTION ( 'NONE',  ( -0.000000000000000000, -0.000000000000000000, 1.000000000000000000 ) ) ;
#1243 = CARTESIAN_POINT ( 'NONE',  ( 50.49999999999994316, -52.48183347201609905, 0.000000000000000000 ) ) ;
#1244 = EDGE_CURVE ( 'NONE', #1897, #803, #1154, .T. ) ;
#1245 = ORIENTED_EDGE ( 'NONE', *, *, #441, .F. ) ;
#1246 = DIRECTION ( 'NONE',  ( -1.000000000000000000, -9.570888143320315641E-17, 0.000000000000000000 ) ) ;
#1247 = FACE_BOUND ( 'NONE', #436, .T. ) ;
#1248 = FACE_OUTER_BOUND ( 'NONE', #3, .T. ) ;
#1249 = VERTEX_POINT ( 'NONE', #1534 ) ;
#1250 = ORIENTED_EDGE ( 'NONE', *, *, #358, .T. ) ;
#1251 = CARTESIAN_POINT ( 'NONE',  ( 55.49999999999995737, 48.00000000000024869, 1.000000000000000000 ) ) ;
#1252 = CARTESIAN_POINT ( 'NONE',  ( -50.50000000000002132, 23.00000000000016698, 0.000000000000000000 ) ) ;
#1253 = VERTEX_POINT ( 'NONE', #1672 ) ;
#1254 = LINE ( 'NONE', #1608, #1585 ) ;
#1255 = EDGE_CURVE ( 'NONE', #1483, #630, #491, .T. ) ;
#1256 = CARTESIAN_POINT ( 'NONE',  ( 96.49999999999991473, -14.74091673600791808, 1.000000000000000000 ) ) ;
#1257 = FACE_OUTER_BOUND ( 'NONE', #1705, .T. ) ;
#1258 = ORIENTED_EDGE ( 'NONE', *, *, #527, .F. ) ;
#1259 = EDGE_CURVE ( 'NONE', #1315, #1603, #1166, .T. ) ;
#1260 = ORIENTED_EDGE ( 'NONE', *, *, #1486, .T. ) ;
#1261 = VERTEX_POINT ( 'NONE', #1849 ) ;
#1262 = CARTESIAN_POINT ( 'NONE',  ( 19.50000000000007105, -51.99999999999979394, -9.000000000000001776 ) ) ;
#1263 = CARTESIAN_POINT ( 'NONE',  ( -55.50000000000004263, 0.000000000000000000, 0.000000000000000000 ) ) ;
#1264 = CIRCLE ( 'NONE', #348, 2.500000000000009326 ) ;
#1265 = DIRECTION ( 'NONE',  ( 1.000000000000000000, 0.000000000000000000, 0.000000000000000000 ) ) ;
#1266 = DIRECTION ( 'NONE',  ( 0.000000000000000000, -1.000000000000000000, 0.000000000000000000 ) ) ;
#1267 = CARTESIAN_POINT ( 'NONE',  ( 22.00000000000007461, -31.99999999999979394, 0.000000000000000000 ) ) ;
#1268 = VECTOR ( 'NONE', #1747, 1000.000000000000000 ) ;
#1269 = EDGE_CURVE ( 'NONE', #2228, #662, #1324, .T. ) ;
#1270 = DIRECTION ( 'NONE',  ( 1.000000000000000000, 0.000000000000000000, 0.000000000000000000 ) ) ;
#1271 = ORIENTED_EDGE ( 'NONE', *, *, #1024, .F. ) ;
#1272 = VERTEX_POINT ( 'NONE', #279 ) ;
#1273 = LINE ( 'NONE', #405, #1158 ) ;
#1274 = LINE ( 'NONE', #1967, #1231 ) ;
#1275 = PLANE ( 'NONE',  #816 ) ;
#1276 = PLANE ( 'NONE',  #1366 ) ;
#1277 = LINE ( 'NONE', #1802, #185 ) ;
#1278 = ADVANCED_FACE ( 'NONE', ( #988 ), #813, .F. ) ;
#1279 = EDGE_LOOP ( 'NONE', ( #176, #355, #1038, #1525 ) ) ;
#1280 = EDGE_CURVE ( 'NONE', #1999, #2054, #1381, .T. ) ;
#1281 = DIRECTION ( 'NONE',  ( -0.000000000000000000, 0.000000000000000000, 1.000000000000000000 ) ) ;
#1282 = CYLINDRICAL_SURFACE ( 'NONE', #1298, 2.500000000000002220 ) ;
#1283 = AXIS2_PLACEMENT_3D ( 'NONE', #476, #834, #321 ) ;
#1284 = CARTESIAN_POINT ( 'NONE',  ( 24.50000000000007816, -46.99999999999979394, 0.000000000000000000 ) ) ;
#1285 = DIRECTION ( 'NONE',  ( -1.156482317317871725E-16, 1.000000000000000000, -0.000000000000000000 ) ) ;
#1286 = DIRECTION ( 'NONE',  ( 1.000000000000000000, 0.000000000000000000, 0.000000000000000000 ) ) ;
#1287 = ORIENTED_EDGE ( 'NONE', *, *, #125, .F. ) ;
#1288 = EDGE_CURVE ( 'NONE', #1683, #620, #874, .T. ) ;
#1289 = CARTESIAN_POINT ( 'NONE',  ( 97.49999999999991473, -14.74091673600791808, 3.061616997868383437E-15 ) ) ;
#1290 = DIRECTION ( 'NONE',  ( -1.000000000000000000, -9.570888143320315641E-17, 0.000000000000000000 ) ) ;
#1291 = DIRECTION ( 'NONE',  ( 0.000000000000000000, -0.000000000000000000, 1.000000000000000000 ) ) ;
#1292 = AXIS2_PLACEMENT_3D ( 'NONE', #498, #1031, #1720 ) ;
#1293 = EDGE_CURVE ( 'NONE', #1429, #1638, #1391, .T. ) ;
#1294 = ORIENTED_EDGE ( 'NONE', *, *, #2187, .F. ) ;
#1295 = CIRCLE ( 'NONE', #1873, 2.499999999999998668 ) ;
#1296 = CARTESIAN_POINT ( 'NONE',  ( -60.00000000000004974, -72.50000000000000000, 0.000000000000000000 ) ) ;
#1297 = FACE_BOUND ( 'NONE', #1765, .T. ) ;
#1298 = AXIS2_PLACEMENT_3D ( 'NONE', #255, #406, #1819 ) ;
#1299 = LINE ( 'NONE', #251, #1183 ) ;
#1300 = VECTOR ( 'NONE', #958, 1000.000000000000000 ) ;
#1301 = VERTEX_POINT ( 'NONE', #1739 ) ;
#1302 = ORIENTED_EDGE ( 'NONE', *, *, #1587, .T. ) ;
#1303 = DIRECTION ( 'NONE',  ( -1.156482317317871478E-16, 1.000000000000000000, -0.000000000000000000 ) ) ;
#1304 = CARTESIAN_POINT ( 'NONE',  ( 55.49999999999995737, -52.48183347201609905, 0.000000000000000000 ) ) ;
#1305 = VERTEX_POINT ( 'NONE', #1208 ) ;
#1306 = VERTEX_POINT ( 'NONE', #2240 ) ;
#1307 = EDGE_CURVE ( 'NONE', #665, #1176, #1566, .T. ) ;
#1308 = DIRECTION ( 'NONE',  ( -0.000000000000000000, 0.000000000000000000, 1.000000000000000000 ) ) ;
#1309 = CARTESIAN_POINT ( 'NONE',  ( -53.00000000000002132, -47.48183347201602800, -9.000000000000001776 ) ) ;
#1310 = EDGE_CURVE ( 'NONE', #1683, #1866, #1918, .T. ) ;
#1311 = DIRECTION ( 'NONE',  ( -0.000000000000000000, 0.000000000000000000, 1.000000000000000000 ) ) ;
#1312 = VERTEX_POINT ( 'NONE', #2253 ) ;
#1313 = CARTESIAN_POINT ( 'NONE',  ( -96.50000000000002842, -14.74091673600793584, 1.000000000000000000 ) ) ;
#1314 = DIRECTION ( 'NONE',  ( 1.000000000000000000, 0.000000000000000000, 0.000000000000000000 ) ) ;
#1315 = VERTEX_POINT ( 'NONE', #2090 ) ;
#1316 = ORIENTED_EDGE ( 'NONE', *, *, #932, .F. ) ;
#1317 = ADVANCED_FACE ( 'NONE', ( #524 ), #353, .T. ) ;
#1318 = CARTESIAN_POINT ( 'NONE',  ( 19.50000000000007461, -31.99999999999979394, 1.000000000000000000 ) ) ;
#1319 = DIRECTION ( 'NONE',  ( -0.000000000000000000, -0.000000000000000000, 1.000000000000000000 ) ) ;
#1320 = EDGE_CURVE ( 'NONE', #1416, #974, #1641, .T. ) ;
#1321 = DIRECTION ( 'NONE',  ( 0.000000000000000000, 1.000000000000000000, -0.000000000000000000 ) ) ;
#1322 = ORIENTED_EDGE ( 'NONE', *, *, #538, .F. ) ;
#1323 = CARTESIAN_POINT ( 'NONE',  ( 59.99999999999995737, -14.74091673600793584, 0.000000000000000000 ) ) ;
#1324 = LINE ( 'NONE', #2018, #1345 ) ;
#1325 = VERTEX_POINT ( 'NONE', #861 ) ;
#1326 = ORIENTED_EDGE ( 'NONE', *, *, #1050, .T. ) ;
#1327 = CARTESIAN_POINT ( 'NONE',  ( 59.99999999999995737, 65.50000000000011369, 1.000000000000000000 ) ) ;
#1328 = VECTOR ( 'NONE', #1097, 1000.000000000000000 ) ;
#1329 = FACE_OUTER_BOUND ( 'NONE', #626, .T. ) ;
#1330 = PLANE ( 'NONE',  #291 ) ;
#1331 = ORIENTED_EDGE ( 'NONE', *, *, #1107, .F. ) ;
#1332 = VECTOR ( 'NONE', #2233, 1000.000000000000000 ) ;
#1333 = EDGE_CURVE ( 'NONE', #835, #967, #2079, .T. ) ;
#1334 = CLOSED_SHELL ( 'NONE', ( #1932, #438, #1904, #27, #1470, #1229, #1362, #1081, #309, #2089, #1811, #1317, #1862, #1659, #1879, #1189, #2061, #2229, #679, #893, #542, #1149, #1961, #152, #451, #2140, #2151, #791, #1378, #280, #1035, #1689, #1824, #794, #725, #2215, #1519, #1618, #1949, #388, #42, #1094, #1774, #1976, #819, #848, #1349, #1546, #1573, #1795, #882, #210, #227, #137, #1403, #867, #121, #404, #1631, #1122, #2102, #1532, #1278, #1876, #1503, #740 ) ) ;
#1335 = AXIS2_PLACEMENT_3D ( 'NONE', #2046, #611, #2212 ) ;
#1336 = CARTESIAN_POINT ( 'NONE',  ( 24.50000000000007461, -31.99999999999979394, 0.000000000000000000 ) ) ;
#1337 = CARTESIAN_POINT ( 'NONE',  ( -50.50000000000002132, 23.00000000000016698, -9.000000000000001776 ) ) ;
#1338 = PRODUCT_DEFINITION_FORMATION_WITH_SPECIFIED_SOURCE ( 'ANY', '', #975, .NOT_KNOWN. ) ;
#1339 = VERTEX_POINT ( 'NONE', #1252 ) ;
#1340 = ORIENTED_EDGE ( 'NONE', *, *, #2177, .T. ) ;
#1341 = DIRECTION ( 'NONE',  ( 0.000000000000000000, 0.000000000000000000, 1.000000000000000000 ) ) ;
#1342 = CARTESIAN_POINT ( 'NONE',  ( 59.99999999999995737, -9.499999999999882760, 1.000000000000000000 ) ) ;
#1343 = LINE ( 'NONE', #1690, #2049 ) ;
#1344 = ORIENTED_EDGE ( 'NONE', *, *, #932, .T. ) ;
#1345 = VECTOR ( 'NONE', #459, 1000.000000000000000 ) ;
#1346 = EDGE_CURVE ( 'NONE', #1416, #1305, #6, .T. ) ;
#1347 = PLANE ( 'NONE',  #2022 ) ;
#1348 = LINE ( 'NONE', #1337, #1446 ) ;
#1349 = ADVANCED_FACE ( 'NONE', ( #1592 ), #1410, .F. ) ;
#1350 = VERTEX_POINT ( 'NONE', #899 ) ;
#1351 = ORIENTED_EDGE ( 'NONE', *, *, #1163, .F. ) ;
#1352 = CARTESIAN_POINT ( 'NONE',  ( -96.50000000000002842, -14.74091673600793584, 3.061616997868383437E-15 ) ) ;
#1353 = PLANE ( 'NONE',  #535 ) ;
#1354 = LINE ( 'NONE', #1171, #2153 ) ;
#1355 = ORIENTED_EDGE ( 'NONE', *, *, #1390, .F. ) ;
#1356 = CIRCLE ( 'NONE', #288, 2.500000000000009326 ) ;
#1357 = DIRECTION ( 'NONE',  ( 0.000000000000000000, -1.000000000000000000, 0.000000000000000000 ) ) ;
#1358 = DIRECTION ( 'NONE',  ( -1.000000000000000000, -9.570888143320315641E-17, 0.000000000000000000 ) ) ;
#1359 = ORIENTED_EDGE ( 'NONE', *, *, #1079, .T. ) ;
#1360 = ORIENTED_EDGE ( 'NONE', *, *, #430, .T. ) ;
#1361 = EDGE_LOOP ( 'NONE', ( #1084, #689, #2176, #420 ) ) ;
#1362 = ADVANCED_FACE ( 'NONE', ( #2084 ), #357, .F. ) ;
#1363 = DIRECTION ( 'NONE',  ( -0.000000000000000000, -0.000000000000000000, 1.000000000000000000 ) ) ;
#1364 = DIRECTION ( 'NONE',  ( -1.000000000000000000, -1.156482317317871971E-16, 0.000000000000000000 ) ) ;
#1365 = AXIS2_PLACEMENT_3D ( 'NONE', #901, #193, #381 ) ;
#1366 = AXIS2_PLACEMENT_3D ( 'NONE', #1948, #1610, #386 ) ;
#1367 = DIRECTION ( 'NONE',  ( 1.000000000000000000, 0.000000000000000000, 0.000000000000000000 ) ) ;
#1368 = ORIENTED_EDGE ( 'NONE', *, *, #2104, .F. ) ;
#1369 = DIRECTION ( 'NONE',  ( -0.000000000000000000, -0.000000000000000000, 1.000000000000000000 ) ) ;
#1370 = DIRECTION ( 'NONE',  ( 1.000000000000000000, 0.000000000000000000, 0.000000000000000000 ) ) ;
#1371 = ORIENTED_EDGE ( 'NONE', *, *, #253, .F. ) ;
#1372 = EDGE_LOOP ( 'NONE', ( #2000, #68, #140, #1898 ) ) ;
#1373 = ORIENTED_EDGE ( 'NONE', *, *, #241, .T. ) ;
#1374 = LINE ( 'NONE', #1899, #1052 ) ;
#1375 = DIRECTION ( 'NONE',  ( -1.000000000000000000, 0.000000000000000000, 0.000000000000000000 ) ) ;
#1376 = EDGE_CURVE ( 'NONE', #1061, #1187, #880, .T. ) ;
#1377 = FACE_OUTER_BOUND ( 'NONE', #258, .T. ) ;
#1378 = ADVANCED_FACE ( 'NONE', ( #1943 ), #2116, .F. ) ;
#1379 = AXIS2_PLACEMENT_3D ( 'NONE', #231, #419, #799 ) ;
#1380 = DIRECTION ( 'NONE',  ( -1.000000000000000000, 0.000000000000000000, -0.000000000000000000 ) ) ;
#1381 = LINE ( 'NONE', #2068, #545 ) ;
#1382 = VERTEX_POINT ( 'NONE', #1074 ) ;
#1383 = ORIENTED_EDGE ( 'NONE', *, *, #1310, .F. ) ;
#1384 = ORIENTED_EDGE ( 'NONE', *, *, #1310, .T. ) ;
#1385 = FACE_OUTER_BOUND ( 'NONE', #1829, .T. ) ;
#1386 = LINE ( 'NONE', #368, #93 ) ;
#1387 = CARTESIAN_POINT ( 'NONE',  ( -53.00000000000002132, -47.48183347201602800, 1.000000000000000000 ) ) ;
#1388 = EDGE_CURVE ( 'NONE', #1548, #723, #1571, .T. ) ;
#1389 = FACE_BOUND ( 'NONE', #1717, .T. ) ;
#1390 = EDGE_CURVE ( 'NONE', #1220, #1141, #1239, .T. ) ;
#1391 = LINE ( 'NONE', #1037, #467 ) ;
#1392 = ORIENTED_EDGE ( 'NONE', *, *, #1307, .F. ) ;
#1393 = ORIENTED_EDGE ( 'NONE', *, *, #1728, .T. ) ;
#1394 = ORIENTED_EDGE ( 'NONE', *, *, #992, .T. ) ;
#1395 = DIRECTION ( 'NONE',  ( -0.000000000000000000, 0.000000000000000000, 1.000000000000000000 ) ) ;
#1396 = DIRECTION ( 'NONE',  ( 0.000000000000000000, 0.000000000000000000, -1.000000000000000000 ) ) ;
#1397 = ORIENTED_EDGE ( 'NONE', *, *, #326, .F. ) ;
#1398 = DIRECTION ( 'NONE',  ( 1.000000000000000000, 7.190563630991946167E-17, -0.000000000000000000 ) ) ;
#1399 = CARTESIAN_POINT ( 'NONE',  ( 50.49999999999995737, -32.48183347201609195, 1.000000000000000000 ) ) ;
#1400 = VECTOR ( 'NONE', #554, 1000.000000000000000 ) ;
#1401 = DIRECTION ( 'NONE',  ( 1.000000000000000000, 0.000000000000000000, 0.000000000000000000 ) ) ;
#1402 = VECTOR ( 'NONE', #1639, 1000.000000000000000 ) ;
#1403 = ADVANCED_FACE ( 'NONE', ( #693 ), #541, .F. ) ;
#1404 = VECTOR ( 'NONE', #120, 1000.000000000000000 ) ;
#1405 = ORIENTED_EDGE ( 'NONE', *, *, #638, .F. ) ;
#1406 = AXIS2_PLACEMENT_3D ( 'NONE', #2094, #190, #331 ) ;
#1407 = ORIENTED_EDGE ( 'NONE', *, *, #471, .T. ) ;
#1408 = VECTOR ( 'NONE', #1756, 1000.000000000000000 ) ;
#1409 = CARTESIAN_POINT ( 'NONE',  ( -50.50000000000002132, 48.00000000000017053, -9.000000000000001776 ) ) ;
#1410 = CYLINDRICAL_SURFACE ( 'NONE', #1206, 2.499999999999998668 ) ;
#1411 = ORIENTED_EDGE ( 'NONE', *, *, #466, .F. ) ;
#1412 = CARTESIAN_POINT ( 'NONE',  ( -19.50000000000003197, 23.00000000000016698, -9.000000000000001776 ) ) ;
#1413 = VECTOR ( 'NONE', #646, 1000.000000000000000 ) ;
#1414 = CARTESIAN_POINT ( 'NONE',  ( 19.50000000000007105, -46.99999999999979394, 0.000000000000000000 ) ) ;
#1415 = CARTESIAN_POINT ( 'NONE',  ( -53.00000000000002842, -27.48183347201603510, 1.000000000000000000 ) ) ;
#1416 = VERTEX_POINT ( 'NONE', #1432 ) ;
#1417 = VECTOR ( 'NONE', #1911, 1000.000000000000000 ) ;
#1418 = EDGE_CURVE ( 'NONE', #1209, #962, #1933, .T. ) ;
#1419 = AXIS2_PLACEMENT_3D ( 'NONE', #161, #372, #1771 ) ;
#1420 = EDGE_LOOP ( 'NONE', ( #1340, #1794, #1384, #1929 ) ) ;
#1421 = CARTESIAN_POINT ( 'NONE',  ( -53.00000000000003553, 43.00000000000016342, -9.000000000000001776 ) ) ;
#1422 = LINE ( 'NONE', #1924, #1528 ) ;
#1423 = EDGE_CURVE ( 'NONE', #592, #1220, #2258, .T. ) ;
#1424 = DIRECTION ( 'NONE',  ( 0.000000000000000000, 1.000000000000000000, 0.000000000000000000 ) ) ;
#1425 = DIRECTION ( 'NONE',  ( -9.570888143320315641E-17, 1.000000000000000000, 0.000000000000000000 ) ) ;
#1426 = CARTESIAN_POINT ( 'NONE',  ( 19.50000000000007461, -26.99999999999979394, -9.000000000000001776 ) ) ;
#1427 = DIRECTION ( 'NONE',  ( 0.000000000000000000, 0.000000000000000000, -1.000000000000000000 ) ) ;
#1428 = ORIENTED_EDGE ( 'NONE', *, *, #980, .F. ) ;
#1429 = VERTEX_POINT ( 'NONE', #1243 ) ;
#1430 = CARTESIAN_POINT ( 'NONE',  ( -55.50000000000004263, 28.00000000000016342, -9.000000000000001776 ) ) ;
#1431 = EDGE_CURVE ( 'NONE', #549, #723, #1386, .T. ) ;
#1432 = CARTESIAN_POINT ( 'NONE',  ( 55.49999999999995737, -47.48183347201609195, 0.000000000000000000 ) ) ;
#1433 = ORIENTED_EDGE ( 'NONE', *, *, #1255, .F. ) ;
#1434 = DIRECTION ( 'NONE',  ( -0.000000000000000000, 0.000000000000000000, 1.000000000000000000 ) ) ;
#1435 = EDGE_CURVE ( 'NONE', #2172, #876, #1422, .T. ) ;
#1436 = VECTOR ( 'NONE', #924, 1000.000000000000000 ) ;
#1437 = FACE_OUTER_BOUND ( 'NONE', #1205, .T. ) ;
#1438 = FACE_BOUND ( 'NONE', #706, .T. ) ;
#1439 = FACE_OUTER_BOUND ( 'NONE', #7, .T. ) ;
#1440 = EDGE_LOOP ( 'NONE', ( #1136, #1326, #1956, #895 ) ) ;
#1441 = VECTOR ( 'NONE', #916, 1000.000000000000000 ) ;
#1442 = ORIENTED_EDGE ( 'NONE', *, *, #538, .T. ) ;
#1443 = VECTOR ( 'NONE', #1560, 1000.000000000000000 ) ;
#1444 = DIRECTION ( 'NONE',  ( -0.000000000000000000, -0.000000000000000000, 1.000000000000000000 ) ) ;
#1445 = CARTESIAN_POINT ( 'NONE',  ( 24.50000000000007461, -26.99999999999979394, 1.000000000000000000 ) ) ;
#1446 = VECTOR ( 'NONE', #446, 1000.000000000000000 ) ;
#1447 = EDGE_CURVE ( 'NONE', #1200, #1003, #1559, .T. ) ;
#1448 = DIRECTION ( 'NONE',  ( 1.000000000000000000, -3.965082230804130220E-16, 0.000000000000000000 ) ) ;
#1449 = CARTESIAN_POINT ( 'NONE',  ( 50.49999999999995737, 23.00000000000024869, -9.000000000000001776 ) ) ;
#1450 = DIRECTION ( 'NONE',  ( -1.000000000000000000, -1.156482317317871725E-16, 0.000000000000000000 ) ) ;
#1451 = LINE ( 'NONE', #2144, #829 ) ;
#1452 = PLANE ( 'NONE',  #1121 ) ;
#1453 = DIRECTION ( 'NONE',  ( -0.000000000000000000, 0.000000000000000000, 1.000000000000000000 ) ) ;
#1454 = AXIS2_PLACEMENT_3D ( 'NONE', #1508, #700, #1370 ) ;
#1455 = STYLED_ITEM ( 'NONE', ( #170 ), #1462 ) ;
#1456 = CYLINDRICAL_SURFACE ( 'NONE', #2142, 2.500000000000009326 ) ;
#1457 = DIRECTION ( 'NONE',  ( 1.000000000000000000, 0.000000000000000000, 0.000000000000000000 ) ) ;
#1458 = DIRECTION ( 'NONE',  ( 1.000000000000000000, 0.000000000000000000, 0.000000000000000000 ) ) ;
#1459 = ORIENTED_EDGE ( 'NONE', *, *, #1006, .F. ) ;
#1460 = EDGE_CURVE ( 'NONE', #1039, #2113, #519, .T. ) ;
#1461 = ORIENTED_EDGE ( 'NONE', *, *, #1152, .T. ) ;
#1462 = MANIFOLD_SOLID_BREP ( 'Cut-Extrude6', #1334 ) ;
#1463 = DIRECTION ( 'NONE',  ( 0.000000000000000000, 1.000000000000000000, 0.000000000000000000 ) ) ;
#1464 = CARTESIAN_POINT ( 'NONE',  ( 55.49999999999995737, 43.00000000000024869, -9.000000000000001776 ) ) ;
#1465 = VERTEX_POINT ( 'NONE', #2 ) ;
#1466 = DIRECTION ( 'NONE',  ( -1.000000000000000000, -7.190563630991946167E-17, 0.000000000000000000 ) ) ;
#1467 = DIRECTION ( 'NONE',  ( -0.000000000000000000, -0.000000000000000000, 1.000000000000000000 ) ) ;
#1468 = CARTESIAN_POINT ( 'NONE',  ( -60.00000000000005684, -9.499999999999813483, 1.000000000000000000 ) ) ;
#1469 = ORIENTED_EDGE ( 'NONE', *, *, #1728, .F. ) ;
#1470 = ADVANCED_FACE ( 'NONE', ( #1751 ), #1564, .F. ) ;
#1471 = ORIENTED_EDGE ( 'NONE', *, *, #1821, .T. ) ;
#1472 = VECTOR ( 'NONE', #1246, 1000.000000000000000 ) ;
#1473 = LINE ( 'NONE', #1605, #785 ) ;
#1474 = CARTESIAN_POINT ( 'NONE',  ( -55.50000000000004263, 28.00000000000016342, 1.000000000000000000 ) ) ;
#1475 = ORIENTED_EDGE ( 'NONE', *, *, #768, .F. ) ;
#1476 = AXIS2_PLACEMENT_3D ( 'NONE', #62, #1281, #929 ) ;
#1477 = ORIENTED_EDGE ( 'NONE', *, *, #82, .F. ) ;
#1478 = VECTOR ( 'NONE', #1880, 1000.000000000000000 ) ;
#1479 = CARTESIAN_POINT ( 'NONE',  ( 97.49999999999991473, 10.25908326399208370, 0.000000000000000000 ) ) ;
#1480 = CARTESIAN_POINT ( 'NONE',  ( 22.00000000000007461, -51.99999999999979394, 1.000000000000000000 ) ) ;
#1481 = VECTOR ( 'NONE', #921, 1000.000000000000000 ) ;
#1482 = CARTESIAN_POINT ( 'NONE',  ( 55.49999999999997158, -27.48183347201609550, 0.000000000000000000 ) ) ;
#1483 = VERTEX_POINT ( 'NONE', #187 ) ;
#1484 = DIRECTION ( 'NONE',  ( -0.000000000000000000, -0.000000000000000000, 1.000000000000000000 ) ) ;
#1485 = LINE ( 'NONE', #425, #1481 ) ;
#1486 = EDGE_CURVE ( 'NONE', #1062, #830, #1216, .T. ) ;
#1487 = ORIENTED_EDGE ( 'NONE', *, *, #253, .T. ) ;
#1488 = ORIENTED_EDGE ( 'NONE', *, *, #341, .F. ) ;
#1489 = EDGE_CURVE ( 'NONE', #548, #302, #2210, .T. ) ;
#1490 = CARTESIAN_POINT ( 'NONE',  ( -19.50000000000003553, 43.00000000000016342, 0.000000000000000000 ) ) ;
#1491 = CYLINDRICAL_SURFACE ( 'NONE', #158, 2.500000000000009326 ) ;
#1492 = CARTESIAN_POINT ( 'NONE',  ( -53.00000000000002132, -52.48183347201602800, 1.000000000000000000 ) ) ;
#1493 = VERTEX_POINT ( 'NONE', #1903 ) ;
#1494 = AXIS2_PLACEMENT_3D ( 'NONE', #1576, #1928, #1045 ) ;
#1495 = DIRECTION ( 'NONE',  ( 0.000000000000000000, 0.000000000000000000, 1.000000000000000000 ) ) ;
#1496 = CARTESIAN_POINT ( 'NONE',  ( -50.50000000000002132, 43.00000000000016342, -9.000000000000001776 ) ) ;
#1497 = ORIENTED_EDGE ( 'NONE', *, *, #619, .F. ) ;
#1498 = EDGE_CURVE ( 'NONE', #1535, #560, #731, .T. ) ;
#1499 = AXIS2_PLACEMENT_3D ( 'NONE', #1492, #1128, #1113 ) ;
#1500 = ORIENTED_EDGE ( 'NONE', *, *, #294, .F. ) ;
#1501 = DIRECTION ( 'NONE',  ( -0.000000000000000000, -0.000000000000000000, 1.000000000000000000 ) ) ;
#1502 = CARTESIAN_POINT ( 'NONE',  ( -55.50000000000004263, -32.48183347201603510, 1.000000000000000000 ) ) ;
#1503 = ADVANCED_FACE ( 'NONE', ( #710 ), #351, .F. ) ;
#1504 = CYLINDRICAL_SURFACE ( 'NONE', #182, 2.500000000000002220 ) ;
#1505 = EDGE_LOOP ( 'NONE', ( #986, #1941, #2080, #26 ) ) ;
#1506 =( NAMED_UNIT ( * ) SI_UNIT ( $, .STERADIAN. ) SOLID_ANGLE_UNIT ( ) );
#1507 = DIRECTION ( 'NONE',  ( 2.312964634635742957E-16, -1.000000000000000000, 0.000000000000000000 ) ) ;
#1508 = CARTESIAN_POINT ( 'NONE',  ( 52.99999999999995026, 48.00000000000024869, -9.000000000000001776 ) ) ;
#1509 = ORIENTED_EDGE ( 'NONE', *, *, #1673, .T. ) ;
#1510 = ORIENTED_EDGE ( 'NONE', *, *, #839, .T. ) ;
#1511 = LINE ( 'NONE', #462, #1131 ) ;
#1512 = VECTOR ( 'NONE', #103, 1000.000000000000000 ) ;
#1513 = CARTESIAN_POINT ( 'NONE',  ( -96.50000000000004263, 65.50000000000018474, -2.000000000000000000 ) ) ;
#1514 = AXIS2_PLACEMENT_3D ( 'NONE', #266, #978, #2040 ) ;
#1515 = EDGE_CURVE ( 'NONE', #748, #630, #1093, .T. ) ;
#1516 = LINE ( 'NONE', #1032, #997 ) ;
#1517 = ORIENTED_EDGE ( 'NONE', *, *, #1431, .T. ) ;
#1518 = CIRCLE ( 'NONE', #2065, 2.500000000000009326 ) ;
#1519 = ADVANCED_FACE ( 'NONE', ( #1439 ), #209, .F. ) ;
#1520 = CIRCLE ( 'NONE', #1917, 2.500000000000009326 ) ;
#1521 = LINE ( 'NONE', #2193, #1512 ) ;
#1522 = FACE_OUTER_BOUND ( 'NONE', #1440, .T. ) ;
#1523 = VECTOR ( 'NONE', #1526, 1000.000000000000000 ) ;
#1524 = ORIENTED_EDGE ( 'NONE', *, *, #1850, .F. ) ;
#1525 = ORIENTED_EDGE ( 'NONE', *, *, #1320, .F. ) ;
#1526 = DIRECTION ( 'NONE',  ( 0.000000000000000000, 1.000000000000000000, 0.000000000000000000 ) ) ;
#1527 = FACE_OUTER_BOUND ( 'NONE', #376, .T. ) ;
#1528 = VECTOR ( 'NONE', #552, 1000.000000000000000 ) ;
#1529 = CARTESIAN_POINT ( 'NONE',  ( -96.50000000000002842, 10.25908326399206416, 0.000000000000000000 ) ) ;
#1530 = ORIENTED_EDGE ( 'NONE', *, *, #765, .T. ) ;
#1531 = VECTOR ( 'NONE', #94, 1000.000000000000114 ) ;
#1532 = ADVANCED_FACE ( 'NONE', ( #12 ), #2112, .F. ) ;
#1533 = DIRECTION ( 'NONE',  ( 1.000000000000000000, 0.000000000000000000, 0.000000000000000000 ) ) ;
#1534 = CARTESIAN_POINT ( 'NONE',  ( 55.49999999999996447, -27.48183347201609550, 1.000000000000000000 ) ) ;
#1535 = VERTEX_POINT ( 'NONE', #698 ) ;
#1536 = ORIENTED_EDGE ( 'NONE', *, *, #1584, .T. ) ;
#1537 = ORIENTED_EDGE ( 'NONE', *, *, #18, .F. ) ;
#1538 = LINE ( 'NONE', #98, #352 ) ;
#1539 = DIRECTION ( 'NONE',  ( 0.000000000000000000, -1.000000000000000000, 0.000000000000000000 ) ) ;
#1540 = CARTESIAN_POINT ( 'NONE',  ( 52.99999999999995026, 43.00000000000024869, 0.000000000000000000 ) ) ;
#1541 = EDGE_LOOP ( 'NONE', ( #380, #504, #281, #857 ) ) ;
#1542 = CIRCLE ( 'NONE', #444, 2.500000000000009326 ) ;
#1543 = CARTESIAN_POINT ( 'NONE',  ( -96.50000000000004263, 113.4999999999999858, 0.000000000000000000 ) ) ;
#1544 = LINE ( 'NONE', #104, #533 ) ;
#1545 = EDGE_LOOP ( 'NONE', ( #123, #38, #2109, #608 ) ) ;
#1546 = ADVANCED_FACE ( 'NONE', ( #1248 ), #894, .F. ) ;
#1547 = VERTEX_POINT ( 'NONE', #917 ) ;
#1548 = VERTEX_POINT ( 'NONE', #1612 ) ;
#1549 = EDGE_CURVE ( 'NONE', #129, #1786, #375, .T. ) ;
#1550 = LINE ( 'NONE', #2073, #2192 ) ;
#1551 = LINE ( 'NONE', #1089, #688 ) ;
#1552 = CIRCLE ( 'NONE', #567, 2.500000000000009326 ) ;
#1553 = FACE_OUTER_BOUND ( 'NONE', #1816, .T. ) ;
#1554 = DIRECTION ( 'NONE',  ( -1.156482317317871478E-16, 1.000000000000000000, -0.000000000000000000 ) ) ;
#1555 = VERTEX_POINT ( 'NONE', #364 ) ;
#1556 = ORIENTED_EDGE ( 'NONE', *, *, #1118, .F. ) ;
#1557 = ORIENTED_EDGE ( 'NONE', *, *, #2013, .F. ) ;
#1558 = DIRECTION ( 'NONE',  ( -1.000000000000000000, -0.000000000000000000, -0.000000000000000000 ) ) ;
#1559 = LINE ( 'NONE', #1263, #1101 ) ;
#1560 = DIRECTION ( 'NONE',  ( 9.570888143320315641E-17, -1.000000000000000000, 0.000000000000000000 ) ) ;
#1561 = EDGE_CURVE ( 'NONE', #1061, #1607, #1070, .T. ) ;
#1562 = VECTOR ( 'NONE', #2138, 1000.000000000000000 ) ;
#1563 = CARTESIAN_POINT ( 'NONE',  ( -50.50000000000000711, -47.48183347201602800, -9.000000000000001776 ) ) ;
#1564 = PLANE ( 'NONE',  #2075 ) ;
#1565 = CARTESIAN_POINT ( 'NONE',  ( 59.99999999999995737, -14.74091673600792163, 1.000000000000000000 ) ) ;
#1566 = LINE ( 'NONE', #1226, #2035 ) ;
#1567 = ORIENTED_EDGE ( 'NONE', *, *, #605, .F. ) ;
#1568 = EDGE_LOOP ( 'NONE', ( #897, #795, #1469, #1588 ) ) ;
#1569 = VERTEX_POINT ( 'NONE', #1598 ) ;
#1570 = CARTESIAN_POINT ( 'NONE',  ( -55.50000000000003553, 23.00000000000016698, -9.000000000000001776 ) ) ;
#1571 = LINE ( 'NONE', #30, #131 ) ;
#1572 = FACE_OUTER_BOUND ( 'NONE', #32, .T. ) ;
#1573 = ADVANCED_FACE ( 'NONE', ( #25 ), #735, .F. ) ;
#1574 = CARTESIAN_POINT ( 'NONE',  ( 52.99999999999995737, 28.00000000000024869, 0.000000000000000000 ) ) ;
#1575 = EDGE_CURVE ( 'NONE', #1607, #821, #67, .T. ) ;
#1576 = CARTESIAN_POINT ( 'NONE',  ( 55.49999999999997158, 28.00000000000024869, -9.000000000000001776 ) ) ;
#1577 = ORIENTED_EDGE ( 'NONE', *, *, #241, .F. ) ;
#1578 = VERTEX_POINT ( 'NONE', #973 ) ;
#1579 = CARTESIAN_POINT ( 'NONE',  ( 59.99999999999995737, 65.50000000000011369, 1.000000000000000000 ) ) ;
#1580 = DIRECTION ( 'NONE',  ( -9.570888143320315641E-17, 1.000000000000000000, 0.000000000000000000 ) ) ;
#1581 = ORIENTED_EDGE ( 'NONE', *, *, #2076, .F. ) ;
#1582 = DIRECTION ( 'NONE',  ( 0.000000000000000000, -1.000000000000000000, 0.000000000000000000 ) ) ;
#1583 = DIRECTION ( 'NONE',  ( -0.000000000000000000, -0.000000000000000000, 1.000000000000000000 ) ) ;
#1584 = EDGE_CURVE ( 'NONE', #1382, #736, #220, .T. ) ;
#1585 = VECTOR ( 'NONE', #1424, 1000.000000000000000 ) ;
#1586 = DIRECTION ( 'NONE',  ( -1.000000000000000000, -1.914177628664063128E-16, 0.000000000000000000 ) ) ;
#1587 = EDGE_CURVE ( 'NONE', #1555, #1253, #90, .T. ) ;
#1588 = ORIENTED_EDGE ( 'NONE', *, *, #756, .F. ) ;
#1589 = EDGE_LOOP ( 'NONE', ( #1537, #1707, #1294, #221 ) ) ;
#1590 = AXIS2_PLACEMENT_3D ( 'NONE', #2184, #2051, #653 ) ;
#1591 = DIRECTION ( 'NONE',  ( 1.000000000000000000, 0.000000000000000000, 0.000000000000000000 ) ) ;
#1592 = FACE_OUTER_BOUND ( 'NONE', #2150, .T. ) ;
#1593 = ORIENTED_EDGE ( 'NONE', *, *, #808, .T. ) ;
#1594 = CARTESIAN_POINT ( 'NONE',  ( -22.00000000000002842, 43.00000000000016342, 0.000000000000000000 ) ) ;
#1595 = AXIS2_PLACEMENT_3D ( 'NONE', #854, #319, #1030 ) ;
#1596 = DIRECTION ( 'NONE',  ( 1.000000000000000000, 0.000000000000000000, 0.000000000000000000 ) ) ;
#1597 = FACE_BOUND ( 'NONE', #222, .T. ) ;
#1598 = CARTESIAN_POINT ( 'NONE',  ( 50.49999999999994316, 48.00000000000024869, 1.000000000000000000 ) ) ;
#1599 = ORIENTED_EDGE ( 'NONE', *, *, #709, .T. ) ;
#1600 = VECTOR ( 'NONE', #335, 1000.000000000000000 ) ;
#1601 = CIRCLE ( 'NONE', #2143, 2.500000000000009326 ) ;
#1602 = EDGE_CURVE ( 'NONE', #1095, #1209, #1970, .T. ) ;
#1603 = VERTEX_POINT ( 'NONE', #1960 ) ;
#1604 = VECTOR ( 'NONE', #1822, 1000.000000000000000 ) ;
#1605 = CARTESIAN_POINT ( 'NONE',  ( -60.00000000000005684, -9.499999999999813483, 1.000000000000000000 ) ) ;
#1606 = DIRECTION ( 'NONE',  ( 0.000000000000000000, 0.000000000000000000, 1.000000000000000000 ) ) ;
#1607 = VERTEX_POINT ( 'NONE', #766 ) ;
#1608 = CARTESIAN_POINT ( 'NONE',  ( -50.50000000000000711, -52.48183347201602800, 1.000000000000000000 ) ) ;
#1609 = DIRECTION ( 'NONE',  ( -0.000000000000000000, -0.000000000000000000, 1.000000000000000000 ) ) ;
#1610 = DIRECTION ( 'NONE',  ( -0.000000000000000000, 0.000000000000000000, 1.000000000000000000 ) ) ;
#1611 = ADVANCED_BREP_SHAPE_REPRESENTATION ( 'aluminim sumo chassis', ( #1462, #1058 ), #606 ) ;
#1612 = CARTESIAN_POINT ( 'NONE',  ( -19.50000000000003197, 28.00000000000016342, 0.000000000000000000 ) ) ;
#1613 = EDGE_LOOP ( 'NONE', ( #1258, #747, #2070, #1944 ) ) ;
#1614 = EDGE_LOOP ( 'NONE', ( #878, #842, #1245, #130 ) ) ;
#1615 = CIRCLE ( 'NONE', #923, 2.500000000000009326 ) ;
#1616 = DIRECTION ( 'NONE',  ( -1.000000000000000000, 0.000000000000000000, 0.000000000000000000 ) ) ;
#1617 = CARTESIAN_POINT ( 'NONE',  ( -19.50000000000003553, 43.00000000000016342, -9.000000000000001776 ) ) ;
#1618 = ADVANCED_FACE ( 'NONE', ( #400 ), #1980, .F. ) ;
#1619 = EDGE_CURVE ( 'NONE', #2113, #1199, #100, .T. ) ;
#1620 = LINE ( 'NONE', #248, #753 ) ;
#1621 = CARTESIAN_POINT ( 'NONE',  ( -55.50000000000002842, -52.48183347201602800, -9.000000000000001776 ) ) ;
#1622 = CARTESIAN_POINT ( 'NONE',  ( 50.49999999999994316, -52.48183347201609905, 1.000000000000000000 ) ) ;
#1623 = ORIENTED_EDGE ( 'NONE', *, *, #213, .T. ) ;
#1624 = VECTOR ( 'NONE', #1290, 1000.000000000000000 ) ;
#1625 = VERTEX_POINT ( 'NONE', #409 ) ;
#1626 = CIRCLE ( 'NONE', #270, 2.499999999999998668 ) ;
#1627 = DIRECTION ( 'NONE',  ( 0.000000000000000000, 0.000000000000000000, 1.000000000000000000 ) ) ;
#1628 = AXIS2_PLACEMENT_3D ( 'NONE', #1153, #2030, #792 ) ;
#1629 = CARTESIAN_POINT ( 'NONE',  ( -22.00000000000003197, 23.00000000000016698, 0.000000000000000000 ) ) ;
#1630 = VECTOR ( 'NONE', #393, 1000.000000000000000 ) ;
#1631 = ADVANCED_FACE ( 'NONE', ( #757 ), #1140, .F. ) ;
#1632 = DIRECTION ( 'NONE',  ( 1.000000000000000000, 0.000000000000000000, 0.000000000000000000 ) ) ;
#1633 = CARTESIAN_POINT ( 'NONE',  ( 19.50000000000007105, -51.99999999999979394, 1.000000000000000000 ) ) ;
#1634 = EDGE_CURVE ( 'NONE', #821, #2218, #142, .T. ) ;
#1635 = VECTOR ( 'NONE', #1159, 1000.000000000000000 ) ;
#1636 = FACE_OUTER_BOUND ( 'NONE', #1568, .T. ) ;
#1637 = EDGE_LOOP ( 'NONE', ( #1510, #1839, #2168, #991 ) ) ;
#1638 = VERTEX_POINT ( 'NONE', #1622 ) ;
#1639 = DIRECTION ( 'NONE',  ( 0.000000000000000000, 1.000000000000000000, -0.000000000000000000 ) ) ;
#1640 = CARTESIAN_POINT ( 'NONE',  ( 55.49999999999997158, 28.00000000000024869, 0.000000000000000000 ) ) ;
#1641 = CIRCLE ( 'NONE', #724, 2.500000000000009326 ) ;
#1642 =( GEOMETRIC_REPRESENTATION_CONTEXT ( 3 ) GLOBAL_UNCERTAINTY_ASSIGNED_CONTEXT ( ( #1001 ) ) GLOBAL_UNIT_ASSIGNED_CONTEXT ( ( #1775, #1736, #1950 ) ) REPRESENTATION_CONTEXT ( 'NONE', 'WORKASPACE' ) );
#1643 = VERTEX_POINT ( 'NONE', #2149 ) ;
#1644 = DIRECTION ( 'NONE',  ( 0.000000000000000000, 0.000000000000000000, 1.000000000000000000 ) ) ;
#1645 = FACE_BOUND ( 'NONE', #238, .T. ) ;
#1646 = EDGE_CURVE ( 'NONE', #1999, #704, #1825, .T. ) ;
#1647 = DIRECTION ( 'NONE',  ( 0.000000000000000000, 0.000000000000000000, 1.000000000000000000 ) ) ;
#1648 = ORIENTED_EDGE ( 'NONE', *, *, #2180, .T. ) ;
#1649 = ORIENTED_EDGE ( 'NONE', *, *, #651, .F. ) ;
#1650 = LINE ( 'NONE', #1806, #489 ) ;
#1651 = DIRECTION ( 'NONE',  ( 0.000000000000000000, 1.000000000000000000, 0.000000000000000000 ) ) ;
#1652 = ORIENTED_EDGE ( 'NONE', *, *, #2204, .T. ) ;
#1653 = ORIENTED_EDGE ( 'NONE', *, *, #944, .T. ) ;
#1654 = AXIS2_PLACEMENT_3D ( 'NONE', #961, #2004, #1657 ) ;
#1655 = FACE_OUTER_BOUND ( 'NONE', #390, .T. ) ;
#1656 = CARTESIAN_POINT ( 'NONE',  ( -96.50000000000004263, 72.50000000000000000, 0.000000000000000000 ) ) ;
#1657 = DIRECTION ( 'NONE',  ( 1.000000000000000000, 0.000000000000000000, 0.000000000000000000 ) ) ;
#1658 = ORIENTED_EDGE ( 'NONE', *, *, #57, .T. ) ;
#1659 = ADVANCED_FACE ( 'NONE', ( #46 ), #1668, .T. ) ;
#1660 = EDGE_CURVE ( 'NONE', #1878, #2043, #2159, .T. ) ;
#1661 = DIRECTION ( 'NONE',  ( 1.000000000000000000, 0.000000000000000000, 0.000000000000000000 ) ) ;
#1662 = FACE_OUTER_BOUND ( 'NONE', #188, .T. ) ;
#1663 = EDGE_LOOP ( 'NONE', ( #2064, #1884, #2069, #483 ) ) ;
#1664 = VECTOR ( 'NONE', #1507, 1000.000000000000000 ) ;
#1665 = ORIENTED_EDGE ( 'NONE', *, *, #2204, .F. ) ;
#1666 = LINE ( 'NONE', #2211, #124 ) ;
#1667 = DIRECTION ( 'NONE',  ( 0.000000000000000000, -1.000000000000000000, 0.000000000000000000 ) ) ;
#1668 = PLANE ( 'NONE',  #811 ) ;
#1669 = AXIS2_PLACEMENT_3D ( 'NONE', #1224, #320, #532 ) ;
#1670 = ORIENTED_EDGE ( 'NONE', *, *, #157, .F. ) ;
#1671 = CARTESIAN_POINT ( 'NONE',  ( 52.99999999999995737, 28.00000000000024869, 1.000000000000000000 ) ) ;
#1672 = CARTESIAN_POINT ( 'NONE',  ( 59.99999999999997158, -72.50000000000000000, 1.000000000000000000 ) ) ;
#1673 = EDGE_CURVE ( 'NONE', #2232, #1039, #1277, .T. ) ;
#1674 = EDGE_LOOP ( 'NONE', ( #102, #243, #1567, #2254 ) ) ;
#1675 = ORIENTED_EDGE ( 'NONE', *, *, #183, .T. ) ;
#1676 = VECTOR ( 'NONE', #1916, 1000.000000000000000 ) ;
#1677 = DIRECTION ( 'NONE',  ( 0.000000000000000000, 0.000000000000000000, -1.000000000000000000 ) ) ;
#1678 = DIRECTION ( 'NONE',  ( 1.000000000000000000, 0.000000000000000000, 0.000000000000000000 ) ) ;
#1679 = DIRECTION ( 'NONE',  ( -0.000000000000000000, 0.000000000000000000, 1.000000000000000000 ) ) ;
#1680 = VERTEX_POINT ( 'NONE', #937 ) ;
#1681 = CARTESIAN_POINT ( 'NONE',  ( 59.99999999999995737, 65.50000000000011369, 1.000000000000000000 ) ) ;
#1682 = DIRECTION ( 'NONE',  ( 0.000000000000000000, 0.000000000000000000, -1.000000000000000000 ) ) ;
#1683 = VERTEX_POINT ( 'NONE', #2171 ) ;
#1684 = ORIENTED_EDGE ( 'NONE', *, *, #1259, .F. ) ;
#1685 = EDGE_CURVE ( 'NONE', #507, #411, #1299, .T. ) ;
#1686 = VECTOR ( 'NONE', #135, 1000.000000000000114 ) ;
#1687 = CYLINDRICAL_SURFACE ( 'NONE', #1702, 2.500000000000009326 ) ;
#1688 = LINE ( 'NONE', #1656, #1129 ) ;
#1689 = ADVANCED_FACE ( 'NONE', ( #1636 ), #58, .F. ) ;
#1690 = CARTESIAN_POINT ( 'NONE',  ( 55.49999999999995737, -52.48183347201609905, 1.000000000000000000 ) ) ;
#1691 = EDGE_LOOP ( 'NONE', ( #1919, #1373, #1777, #2009 ) ) ;
#1692 = CARTESIAN_POINT ( 'NONE',  ( 50.49999999999995737, 28.00000000000024869, 1.000000000000000000 ) ) ;
#1693 = CARTESIAN_POINT ( 'NONE',  ( 52.99999999999995026, -52.48183347201609905, 1.000000000000000000 ) ) ;
#1694 = LINE ( 'NONE', #115, #305 ) ;
#1695 = ORIENTED_EDGE ( 'NONE', *, *, #591, .T. ) ;
#1696 = VERTEX_POINT ( 'NONE', #1482 ) ;
#1697 = LINE ( 'NONE', #1004, #17 ) ;
#1698 = PLANE ( 'NONE',  #823 ) ;
#1699 = EDGE_CURVE ( 'NONE', #1977, #1878, #2263, .T. ) ;
#1700 = FACE_OUTER_BOUND ( 'NONE', #990, .T. ) ;
#1701 = VERTEX_POINT ( 'NONE', #453 ) ;
#1702 = AXIS2_PLACEMENT_3D ( 'NONE', #1843, #797, #817 ) ;
#1703 = DIRECTION ( 'NONE',  ( -0.000000000000000000, -0.000000000000000000, 1.000000000000000000 ) ) ;
#1704 = CARTESIAN_POINT ( 'NONE',  ( 55.49999999999996447, 23.00000000000024869, 1.000000000000000000 ) ) ;
#1705 = EDGE_LOOP ( 'NONE', ( #712, #287, #232, #1017, #1115, #1167, #982, #2225, #269, #410, #741, #841, #1397, #1210, #252, #515 ) ) ;
#1706 = ORIENTED_EDGE ( 'NONE', *, *, #1447, .F. ) ;
#1707 = ORIENTED_EDGE ( 'NONE', *, *, #373, .F. ) ;
#1708 = CARTESIAN_POINT ( 'NONE',  ( -50.50000000000000711, -52.48183347201602800, -9.000000000000001776 ) ) ;
#1709 = LINE ( 'NONE', #1056, #233 ) ;
#1710 = CARTESIAN_POINT ( 'NONE',  ( -96.50000000000004263, 112.4999999999999574, 1.000000000000001110 ) ) ;
#1711 = EDGE_LOOP ( 'NONE', ( #2198, #730, #2167, #235 ) ) ;
#1712 = EDGE_CURVE ( 'NONE', #687, #704, #1354, .T. ) ;
#1713 = DIRECTION ( 'NONE',  ( 1.000000000000000000, 0.000000000000000000, 0.000000000000000000 ) ) ;
#1714 = EDGE_CURVE ( 'NONE', #1569, #575, #1160, .T. ) ;
#1715 = CARTESIAN_POINT ( 'NONE',  ( -55.50000000000004263, 48.00000000000017053, -9.000000000000001776 ) ) ;
#1716 = ORIENTED_EDGE ( 'NONE', *, *, #1712, .F. ) ;
#1717 = EDGE_LOOP ( 'NONE', ( #996, #1742, #432, #391 ) ) ;
#1718 = EDGE_LOOP ( 'NONE', ( #2114, #1577, #262, #940 ) ) ;
#1719 = LINE ( 'NONE', #998, #870 ) ;
#1720 = DIRECTION ( 'NONE',  ( 1.000000000000000000, 0.000000000000000000, 0.000000000000000000 ) ) ;
#1721 = PLANE ( 'NONE',  #702 ) ;
#1722 = EDGE_LOOP ( 'NONE', ( #214, #952, #831, #1211 ) ) ;
#1723 = CIRCLE ( 'NONE', #960, 2.500000000000009326 ) ;
#1724 = EDGE_CURVE ( 'NONE', #2243, #1305, #1343, .T. ) ;
#1725 = CARTESIAN_POINT ( 'NONE',  ( -53.00000000000002842, -32.48183347201603510, 0.000000000000000000 ) ) ;
#1726 = CARTESIAN_POINT ( 'NONE',  ( -55.50000000000004263, 0.000000000000000000, 0.000000000000000000 ) ) ;
#1727 = ORIENTED_EDGE ( 'NONE', *, *, #751, .F. ) ;
#1728 = EDGE_CURVE ( 'NONE', #1930, #1493, #310, .T. ) ;
#1729 = ORIENTED_EDGE ( 'NONE', *, *, #336, .T. ) ;
#1730 = ORIENTED_EDGE ( 'NONE', *, *, #53, .T. ) ;
#1731 = CARTESIAN_POINT ( 'NONE',  ( 55.49999999999997158, 28.00000000000024869, -9.000000000000001776 ) ) ;
#1732 = SURFACE_SIDE_STYLE ('',( #911 ) ) ;
#1733 = CARTESIAN_POINT ( 'NONE',  ( -8.161289721175856921E-15, 113.4999999999999716, 0.000000000000000000 ) ) ;
#1734 = CARTESIAN_POINT ( 'NONE',  ( 24.50000000000007816, -51.99999999999979394, 0.000000000000000000 ) ) ;
#1735 = VECTOR ( 'NONE', #297, 1000.000000000000000 ) ;
#1736 =( NAMED_UNIT ( * ) PLANE_ANGLE_UNIT ( ) SI_UNIT ( $, .RADIAN. ) );
#1737 = VECTOR ( 'NONE', #1197, 1000.000000000000000 ) ;
#1738 = PLANE ( 'NONE',  #1951 ) ;
#1739 = CARTESIAN_POINT ( 'NONE',  ( 50.49999999999995737, 28.00000000000024869, 0.000000000000000000 ) ) ;
#1740 = ORIENTED_EDGE ( 'NONE', *, *, #2056, .F. ) ;
#1741 = ORIENTED_EDGE ( 'NONE', *, *, #1660, .T. ) ;
#1742 = ORIENTED_EDGE ( 'NONE', *, *, #1489, .F. ) ;
#1743 = CYLINDRICAL_SURFACE ( 'NONE', #1013, 2.500000000000009326 ) ;
#1744 = DIRECTION ( 'NONE',  ( -0.000000000000000000, -0.000000000000000000, 1.000000000000000000 ) ) ;
#1745 = EDGE_CURVE ( 'NONE', #788, #495, #1855, .T. ) ;
#1746 = CIRCLE ( 'NONE', #1133, 2.500000000000009326 ) ;
#1747 = DIRECTION ( 'NONE',  ( -0.000000000000000000, -0.000000000000000000, 1.000000000000000000 ) ) ;
#1748 = FACE_OUTER_BOUND ( 'NONE', #1613, .T. ) ;
#1749 = VECTOR ( 'NONE', #682, 1000.000000000000000 ) ;
#1750 = VECTOR ( 'NONE', #165, 1000.000000000000000 ) ;
#1751 = FACE_OUTER_BOUND ( 'NONE', #315, .T. ) ;
#1752 = AXIS2_PLACEMENT_3D ( 'NONE', #1800, #1968, #1632 ) ;
#1753 = DIRECTION ( 'NONE',  ( -2.312964634635743450E-16, 1.000000000000000000, 0.000000000000000000 ) ) ;
#1754 = ORIENTED_EDGE ( 'NONE', *, *, #1498, .F. ) ;
#1755 = ORIENTED_EDGE ( 'NONE', *, *, #1602, .T. ) ;
#1756 = DIRECTION ( 'NONE',  ( -0.000000000000000000, -0.000000000000000000, 1.000000000000000000 ) ) ;
#1757 = DIRECTION ( 'NONE',  ( 1.000000000000000000, 0.000000000000000000, 0.000000000000000000 ) ) ;
#1758 = VERTEX_POINT ( 'NONE', #658 ) ;
#1759 = CARTESIAN_POINT ( 'NONE',  ( 19.50000000000007461, -26.99999999999979394, -9.000000000000001776 ) ) ;
#1760 = EDGE_CURVE ( 'NONE', #1696, #2232, #1723, .T. ) ;
#1761 = DIRECTION ( 'NONE',  ( -0.000000000000000000, -0.000000000000000000, 1.000000000000000000 ) ) ;
#1762 = EDGE_CURVE ( 'NONE', #1547, #1897, #1891, .T. ) ;
#1763 = CARTESIAN_POINT ( 'NONE',  ( 55.49999999999995737, -52.48183347201609905, -9.000000000000001776 ) ) ;
#1764 = VERTEX_POINT ( 'NONE', #809 ) ;
#1765 = EDGE_LOOP ( 'NONE', ( #862, #1826, #132, #2015 ) ) ;
#1766 = CARTESIAN_POINT ( 'NONE',  ( 52.99999999999995026, -47.48183347201609195, 1.000000000000000000 ) ) ;
#1767 = CARTESIAN_POINT ( 'NONE',  ( -53.00000000000002842, 28.00000000000016342, 1.000000000000000000 ) ) ;
#1768 = VERTEX_POINT ( 'NONE', #2190 ) ;
#1769 = DIRECTION ( 'NONE',  ( 2.312964634635742957E-16, -1.000000000000000000, 0.000000000000000000 ) ) ;
#1770 = PRODUCT_RELATED_PRODUCT_CATEGORY ( 'part', '', ( #975 ) ) ;
#1771 = DIRECTION ( 'NONE',  ( 1.000000000000000000, 0.000000000000000000, 0.000000000000000000 ) ) ;
#1772 = VECTOR ( 'NONE', #2110, 1000.000000000000000 ) ;
#1773 = FACE_BOUND ( 'NONE', #1796, .T. ) ;
#1774 = ADVANCED_FACE ( 'NONE', ( #1181 ), #1504, .F. ) ;
#1775 =( LENGTH_UNIT ( ) NAMED_UNIT ( * ) SI_UNIT ( .MILLI., .METRE. ) );
#1776 = AXIS2_PLACEMENT_3D ( 'NONE', #71, #1627, #1984 ) ;
#1777 = ORIENTED_EDGE ( 'NONE', *, *, #1561, .F. ) ;
#1778 = ORIENTED_EDGE ( 'NONE', *, *, #884, .T. ) ;
#1779 = CARTESIAN_POINT ( 'NONE',  ( 24.50000000000007461, -31.99999999999979394, 1.000000000000000000 ) ) ;
#1780 = FILL_AREA_STYLE_COLOUR ( '', #877 ) ;
#1781 = CARTESIAN_POINT ( 'NONE',  ( 55.49999999999997158, -32.48183347201609195, -9.000000000000001776 ) ) ;
#1782 = PLANE ( 'NONE',  #627 ) ;
#1783 = DIRECTION ( 'NONE',  ( 0.000000000000000000, 0.000000000000000000, 1.000000000000000000 ) ) ;
#1784 = EDGE_CURVE ( 'NONE', #1027, #1701, #1516, .T. ) ;
#1785 = ORIENTED_EDGE ( 'NONE', *, *, #709, .F. ) ;
#1786 = VERTEX_POINT ( 'NONE', #1193 ) ;
#1787 = CARTESIAN_POINT ( 'NONE',  ( -50.50000000000002132, 23.00000000000016698, 1.000000000000000000 ) ) ;
#1788 = CARTESIAN_POINT ( 'NONE',  ( -50.50000000000002132, -32.48183347201603510, 0.000000000000000000 ) ) ;
#1789 = EDGE_LOOP ( 'NONE', ( #2052, #1008, #105, #1228 ) ) ;
#1790 = CARTESIAN_POINT ( 'NONE',  ( -60.00000000000005684, -14.74091673600793229, 1.000000000000000000 ) ) ;
#1791 = DIRECTION ( 'NONE',  ( 0.000000000000000000, 0.000000000000000000, -1.000000000000000000 ) ) ;
#1792 = LINE ( 'NONE', #570, #1010 ) ;
#1793 = CARTESIAN_POINT ( 'NONE',  ( 55.49999999999996447, 23.00000000000024869, -9.000000000000001776 ) ) ;
#1794 = ORIENTED_EDGE ( 'NONE', *, *, #2131, .T. ) ;
#1795 = ADVANCED_FACE ( 'NONE', ( #1865 ), #298, .F. ) ;
#1796 = EDGE_LOOP ( 'NONE', ( #147, #1907, #852, #1250 ) ) ;
#1797 = FACE_OUTER_BOUND ( 'NONE', #1505, .T. ) ;
#1798 = FACE_OUTER_BOUND ( 'NONE', #180, .T. ) ;
#1799 = EDGE_CURVE ( 'NONE', #1312, #1095, #481, .T. ) ;
#1800 = CARTESIAN_POINT ( 'NONE',  ( -53.00000000000002132, -52.48183347201602800, -9.000000000000001776 ) ) ;
#1801 = FACE_BOUND ( 'NONE', #2071, .T. ) ;
#1802 = CARTESIAN_POINT ( 'NONE',  ( 50.49999999999995737, 0.000000000000000000, 0.000000000000000000 ) ) ;
#1803 = ORIENTED_EDGE ( 'NONE', *, *, #97, .F. ) ;
#1804 = AXIS2_PLACEMENT_3D ( 'NONE', #1781, #1969, #745 ) ;
#1805 = DIRECTION ( 'NONE',  ( -0.000000000000000000, 1.000000000000000000, -0.000000000000000000 ) ) ;
#1806 = CARTESIAN_POINT ( 'NONE',  ( -24.50000000000003197, 28.00000000000016342, 1.000000000000000000 ) ) ;
#1807 = AXIS2_PLACEMENT_3D ( 'NONE', #1725, #325, #313 ) ;
#1808 = DIRECTION ( 'NONE',  ( -0.000000000000000000, -0.000000000000000000, 1.000000000000000000 ) ) ;
#1810 = EDGE_LOOP ( 'NONE', ( #796, #1934, #342, #1716 ) ) ;
#1809 = VECTOR ( 'NONE', #1682, 1000.000000000000000 ) ;
#1811 = ADVANCED_FACE ( 'NONE', ( #1700 ), #1330, .T. ) ;
#1812 = CARTESIAN_POINT ( 'NONE',  ( 59.99999999999997158, -72.50000000000000000, -9.000000000000001776 ) ) ;
#1813 = CARTESIAN_POINT ( 'NONE',  ( 55.49999999999996447, -27.48183347201609550, -9.000000000000001776 ) ) ;
#1814 = EDGE_CURVE ( 'NONE', #553, #1272, #122, .T. ) ;
#1815 = CARTESIAN_POINT ( 'NONE',  ( -96.50000000000002842, -72.50000000000000000, 0.000000000000000000 ) ) ;
#1816 = EDGE_LOOP ( 'NONE', ( #2039, #1988, #919, #659 ) ) ;
#1817 = ORIENTED_EDGE ( 'NONE', *, *, #1192, .T. ) ;
#1818 = CARTESIAN_POINT ( 'NONE',  ( -50.50000000000002132, 0.000000000000000000, 0.000000000000000000 ) ) ;
#1819 = DIRECTION ( 'NONE',  ( 1.000000000000000000, 0.000000000000000000, 0.000000000000000000 ) ) ;
#1820 = ORIENTED_EDGE ( 'NONE', *, *, #157, .T. ) ;
#1821 = EDGE_CURVE ( 'NONE', #1023, #835, #1022, .T. ) ;
#1822 = DIRECTION ( 'NONE',  ( -1.000000000000000000, -9.570888143320315641E-17, 0.000000000000000000 ) ) ;
#1823 = DIRECTION ( 'NONE',  ( -0.000000000000000000, -0.000000000000000000, 1.000000000000000000 ) ) ;
#1824 = ADVANCED_FACE ( 'NONE', ( #846 ), #1721, .F. ) ;
#1825 = LINE ( 'NONE', #1815, #478 ) ;
#1826 = ORIENTED_EDGE ( 'NONE', *, *, #14, .T. ) ;
#1827 = CARTESIAN_POINT ( 'NONE',  ( 52.99999999999995737, 23.00000000000024869, 1.000000000000000000 ) ) ;
#1828 = CARTESIAN_POINT ( 'NONE',  ( 24.50000000000007461, -26.99999999999979394, 0.000000000000000000 ) ) ;
#1829 = EDGE_LOOP ( 'NONE', ( #602, #1652, #1684, #1971 ) ) ;
#1830 = ORIENTED_EDGE ( 'NONE', *, *, #722, .F. ) ;
#1831 = LINE ( 'NONE', #239, #578 ) ;
#1832 = CARTESIAN_POINT ( 'NONE',  ( 24.50000000000007816, -46.99999999999979394, -9.000000000000001776 ) ) ;
#1833 = CARTESIAN_POINT ( 'NONE',  ( 19.50000000000007105, 0.000000000000000000, 0.000000000000000000 ) ) ;
#1834 = ORIENTED_EDGE ( 'NONE', *, *, #2165, .F. ) ;
#1835 = EDGE_CURVE ( 'NONE', #1764, #543, #1356, .T. ) ;
#1836 = CARTESIAN_POINT ( 'NONE',  ( 22.00000000000007461, -26.99999999999979394, 1.000000000000000000 ) ) ;
#1837 = CARTESIAN_POINT ( 'NONE',  ( 24.50000000000007461, -26.99999999999979394, -9.000000000000001776 ) ) ;
#1838 = VECTOR ( 'NONE', #1444, 1000.000000000000000 ) ;
#1839 = ORIENTED_EDGE ( 'NONE', *, *, #2076, .T. ) ;
#1840 = VECTOR ( 'NONE', #2025, 1000.000000000000000 ) ;
#1841 = EDGE_LOOP ( 'NONE', ( #1509, #1925, #851, #477 ) ) ;
#1842 = CIRCLE ( 'NONE', #2134, 2.500000000000002220 ) ;
#1843 = CARTESIAN_POINT ( 'NONE',  ( 52.99999999999995737, 23.00000000000024869, -9.000000000000001776 ) ) ;
#1844 = LINE ( 'NONE', #1138, #1300 ) ;
#1845 = CARTESIAN_POINT ( 'NONE',  ( 24.50000000000007816, -51.99999999999979394, -9.000000000000001776 ) ) ;
#1846 = ORIENTED_EDGE ( 'NONE', *, *, #1293, .T. ) ;
#1847 = EDGE_CURVE ( 'NONE', #782, #1548, #1204, .T. ) ;
#1848 = DIRECTION ( 'NONE',  ( 0.000000000000000000, 0.000000000000000000, 1.000000000000000000 ) ) ;
#1849 = CARTESIAN_POINT ( 'NONE',  ( -24.50000000000002842, 48.00000000000017053, 1.000000000000000000 ) ) ;
#1850 = EDGE_CURVE ( 'NONE', #448, #1680, #556, .T. ) ;
#1851 = ORIENTED_EDGE ( 'NONE', *, *, #992, .F. ) ;
#1852 = ORIENTED_EDGE ( 'NONE', *, *, #109, .T. ) ;
#1853 = DIRECTION ( 'NONE',  ( -0.000000000000000000, -0.000000000000000000, -1.000000000000000000 ) ) ;
#1854 = FACE_OUTER_BOUND ( 'NONE', #118, .T. ) ;
#1855 = LINE ( 'NONE', #985, #371 ) ;
#1856 = ORIENTED_EDGE ( 'NONE', *, *, #768, .T. ) ;
#1857 = LINE ( 'NONE', #127, #80 ) ;
#1858 = DIRECTION ( 'NONE',  ( -0.000000000000000000, -0.000000000000000000, 1.000000000000000000 ) ) ;
#1859 = EDGE_CURVE ( 'NONE', #614, #1569, #1542, .T. ) ;
#1860 = ORIENTED_EDGE ( 'NONE', *, *, #1699, .T. ) ;
#1861 = VERTEX_POINT ( 'NONE', #334 ) ;
#1862 = ADVANCED_FACE ( 'NONE', ( #1225 ), #1782, .T. ) ;
#1863 = DIRECTION ( 'NONE',  ( -1.000000000000000000, 0.000000000000000000, 0.000000000000000000 ) ) ;
#1864 = DIRECTION ( 'NONE',  ( 0.000000000000000000, 1.000000000000000000, 0.000000000000000000 ) ) ;
#1865 = FACE_OUTER_BOUND ( 'NONE', #1722, .T. ) ;
#1866 = VERTEX_POINT ( 'NONE', #2120 ) ;
#1867 = CARTESIAN_POINT ( 'NONE',  ( -24.50000000000003197, 28.00000000000016342, -9.000000000000001776 ) ) ;
#1868 = DIRECTION ( 'NONE',  ( -1.000000000000000000, 0.000000000000000000, -0.000000000000000000 ) ) ;
#1869 = ORIENTED_EDGE ( 'NONE', *, *, #666, .F. ) ;
#1870 = ORIENTED_EDGE ( 'NONE', *, *, #2165, .T. ) ;
#1871 = ORIENTED_EDGE ( 'NONE', *, *, #2029, .F. ) ;
#1872 = PLANE ( 'NONE',  #1992 ) ;
#1873 = AXIS2_PLACEMENT_3D ( 'NONE', #1267, #429, #1457 ) ;
#1874 = PLANE ( 'NONE',  #896 ) ;
#1875 = AXIS2_PLACEMENT_3D ( 'NONE', #2169, #754, #1448 ) ;
#1876 = ADVANCED_FACE ( 'NONE', ( #522 ), #720, .F. ) ;
#1877 = DIRECTION ( 'NONE',  ( -0.000000000000000000, -0.000000000000000000, -1.000000000000000000 ) ) ;
#1878 = VERTEX_POINT ( 'NONE', #1414 ) ;
#1879 = ADVANCED_FACE ( 'NONE', ( #207 ), #2111, .T. ) ;
#1880 = DIRECTION ( 'NONE',  ( -0.000000000000000000, -0.000000000000000000, 1.000000000000000000 ) ) ;
#1881 = CARTESIAN_POINT ( 'NONE',  ( -50.50000000000002132, 28.00000000000016342, 1.000000000000000000 ) ) ;
#1882 = UNCERTAINTY_MEASURE_WITH_UNIT (LENGTH_MEASURE( 1.000000000000000082E-05 ), #113, 'distance_accuracy_value', 'NONE');
#1883 = EDGE_LOOP ( 'NONE', ( #2182, #1461, #87, #918 ) ) ;
#1884 = ORIENTED_EDGE ( 'NONE', *, *, #582, .T. ) ;
#1885 = ORIENTED_EDGE ( 'NONE', *, *, #551, .T. ) ;
#1886 = CIRCLE ( 'NONE', #1011, 2.500000000000009326 ) ;
#1887 = CARTESIAN_POINT ( 'NONE',  ( 55.49999999999995737, -52.48183347201609905, 1.000000000000000000 ) ) ;
#1888 = DIRECTION ( 'NONE',  ( 1.156482317317871971E-16, -1.000000000000000000, 0.000000000000000000 ) ) ;
#1889 = AXIS2_PLACEMENT_3D ( 'NONE', #559, #1286, #431 ) ;
#1890 = EDGE_CURVE ( 'NONE', #1083, #1301, #1615, .T. ) ;
#1891 = LINE ( 'NONE', #2014, #1075 ) ;
#1892 = VERTEX_POINT ( 'NONE', #1927 ) ;
#1893 = APPLICATION_PROTOCOL_DEFINITION ( 'draft international standard', 'automotive_design', 1998, #283 ) ;
#1894 = CYLINDRICAL_SURFACE ( 'NONE', #972, 2.499999999999998668 ) ;
#1895 = DIRECTION ( 'NONE',  ( -1.000000000000000000, -0.000000000000000000, -0.000000000000000000 ) ) ;
#1896 = EDGE_LOOP ( 'NONE', ( #1393, #465, #1016, #1740 ) ) ;
#1897 = VERTEX_POINT ( 'NONE', #1256 ) ;
#1898 = ORIENTED_EDGE ( 'NONE', *, *, #18, .T. ) ;
#1899 = CARTESIAN_POINT ( 'NONE',  ( 97.49999999999991473, 10.25908326399208370, 1.000000000000000000 ) ) ;
#1900 = CARTESIAN_POINT ( 'NONE',  ( -55.50000000000004263, -32.48183347201603510, -9.000000000000001776 ) ) ;
#1901 = FACE_BOUND ( 'NONE', #2105, .T. ) ;
#1902 = EDGE_CURVE ( 'NONE', #1325, #1764, #1551, .T. ) ;
#1903 = CARTESIAN_POINT ( 'NONE',  ( 24.50000000000007816, -51.99999999999979394, 1.000000000000000000 ) ) ;
#1904 = ADVANCED_FACE ( 'NONE', ( #1748 ), #1069, .T. ) ;
#1905 = DIRECTION ( 'NONE',  ( 1.000000000000000000, 0.000000000000000000, 0.000000000000000000 ) ) ;
#1906 = CARTESIAN_POINT ( 'NONE',  ( -55.50000000000004263, 48.00000000000017053, -9.000000000000001776 ) ) ;
#1907 = ORIENTED_EDGE ( 'NONE', *, *, #1946, .T. ) ;
#1908 = ORIENTED_EDGE ( 'NONE', *, *, #595, .T. ) ;
#1909 = ORIENTED_EDGE ( 'NONE', *, *, #1699, .F. ) ;
#1910 = LINE ( 'NONE', #1041, #1985 ) ;
#1911 = DIRECTION ( 'NONE',  ( -0.000000000000000000, -0.000000000000000000, 1.000000000000000000 ) ) ;
#1912 = CARTESIAN_POINT ( 'NONE',  ( -24.50000000000002842, 0.000000000000000000, 0.000000000000000000 ) ) ;
#1913 = AXIS2_PLACEMENT_3D ( 'NONE', #1827, #1109, #1616 ) ;
#1914 = DIRECTION ( 'NONE',  ( 1.000000000000000000, 1.156482317317871725E-16, -0.000000000000000000 ) ) ;
#1915 = VECTOR ( 'NONE', #1667, 1000.000000000000000 ) ;
#1916 = DIRECTION ( 'NONE',  ( -0.000000000000000000, -0.000000000000000000, 1.000000000000000000 ) ) ;
#1917 = AXIS2_PLACEMENT_3D ( 'NONE', #1132, #583, #1170 ) ;
#1918 = LINE ( 'NONE', #1726, #1750 ) ;
#1919 = ORIENTED_EDGE ( 'NONE', *, *, #1850, .T. ) ;
#1920 = EDGE_CURVE ( 'NONE', #596, #2113, #2262, .T. ) ;
#1922 = ORIENTED_EDGE ( 'NONE', *, *, #1602, .F. ) ;
#1921 = CIRCLE ( 'NONE', #2021, 2.500000000000009326 ) ;
#1923 = DIRECTION ( 'NONE',  ( 0.000000000000000000, 0.000000000000000000, 1.000000000000000000 ) ) ;
#1924 = CARTESIAN_POINT ( 'NONE',  ( -19.50000000000003553, 0.000000000000000000, 0.000000000000000000 ) ) ;
#1925 = ORIENTED_EDGE ( 'NONE', *, *, #1009, .T. ) ;
#1926 = DIRECTION ( 'NONE',  ( -0.000000000000000000, -0.000000000000000000, 1.000000000000000000 ) ) ;
#1927 = CARTESIAN_POINT ( 'NONE',  ( 50.49999999999994316, -47.48183347201609195, 1.000000000000000000 ) ) ;
#1928 = DIRECTION ( 'NONE',  ( 1.000000000000000000, 0.000000000000000000, 0.000000000000000000 ) ) ;
#1929 = ORIENTED_EDGE ( 'NONE', *, *, #568, .T. ) ;
#1930 = VERTEX_POINT ( 'NONE', #1734 ) ;
#1931 = LINE ( 'NONE', #1409, #2100 ) ;
#1932 = ADVANCED_FACE ( 'NONE', ( #1057, #534, #385, #1389, #1901, #697, #174, #363, #546, #1247, #892, #1236, #1377 ), #184, .T. ) ;
#1933 = LINE ( 'NONE', #2125, #399 ) ;
#1934 = ORIENTED_EDGE ( 'NONE', *, *, #82, .T. ) ;
#1935 = LINE ( 'NONE', #732, #1772 ) ;
#1936 = EDGE_CURVE ( 'NONE', #1429, #1146, #1601, .T. ) ;
#1937 = CARTESIAN_POINT ( 'NONE',  ( 97.49999999999991473, -14.74091673600791808, 3.061616997868383437E-15 ) ) ;
#1938 = AXIS2_PLACEMENT_3D ( 'NONE', #613, #1647, #1458 ) ;
#1939 = DIRECTION ( 'NONE',  ( -0.000000000000000000, -0.000000000000000000, 1.000000000000000000 ) ) ;
#1940 = ORIENTED_EDGE ( 'NONE', *, *, #1489, .T. ) ;
#1941 = ORIENTED_EDGE ( 'NONE', *, *, #341, .T. ) ;
#1942 = DIRECTION ( 'NONE',  ( -0.000000000000000000, 1.000000000000000000, -0.000000000000000000 ) ) ;
#1943 = FACE_OUTER_BOUND ( 'NONE', #1883, .T. ) ;
#1944 = ORIENTED_EDGE ( 'NONE', *, *, #2042, .T. ) ;
#1945 = FACE_OUTER_BOUND ( 'NONE', #311, .T. ) ;
#1946 = EDGE_CURVE ( 'NONE', #876, #778, #56, .T. ) ;
#1947 = DIRECTION ( 'NONE',  ( 1.000000000000000000, 9.570888143320315641E-17, 0.000000000000000000 ) ) ;
#1948 = CARTESIAN_POINT ( 'NONE',  ( 0.000000000000000000, 0.000000000000000000, 0.000000000000000000 ) ) ;
#1949 = ADVANCED_FACE ( 'NONE', ( #1655 ), #1456, .F. ) ;
#1950 =( NAMED_UNIT ( * ) SI_UNIT ( $, .STERADIAN. ) SOLID_ANGLE_UNIT ( ) );
#1951 = AXIS2_PLACEMENT_3D ( 'NONE', #2067, #1380, #164 ) ;
#1952 = EDGE_LOOP ( 'NONE', ( #1778, #141, #212, #1182 ) ) ;
#1953 = EDGE_LOOP ( 'NONE', ( #167, #1623, #154, #505 ) ) ;
#1954 = DIRECTION ( 'NONE',  ( 1.000000000000000000, 0.000000000000000000, 0.000000000000000000 ) ) ;
#1955 = CARTESIAN_POINT ( 'NONE',  ( 50.49999999999995737, -32.48183347201609195, -9.000000000000001776 ) ) ;
#1956 = ORIENTED_EDGE ( 'NONE', *, *, #2249, .T. ) ;
#1957 = CARTESIAN_POINT ( 'NONE',  ( 19.50000000000007461, -26.99999999999979394, 0.000000000000000000 ) ) ;
#1958 = CYLINDRICAL_SURFACE ( 'NONE', #1752, 2.500000000000009326 ) ;
#1959 = CARTESIAN_POINT ( 'NONE',  ( -60.00000000000002842, 10.25908326399206771, 1.000000000000000000 ) ) ;
#1960 = CARTESIAN_POINT ( 'NONE',  ( -50.50000000000002132, 43.00000000000016342, 1.000000000000000000 ) ) ;
#1961 = ADVANCED_FACE ( 'NONE', ( #2147 ), #1958, .F. ) ;
#1962 = VECTOR ( 'NONE', #1150, 1000.000000000000000 ) ;
#1963 = ORIENTED_EDGE ( 'NONE', *, *, #1006, .T. ) ;
#1964 = CIRCLE ( 'NONE', #362, 2.500000000000009326 ) ;
#1965 = EDGE_LOOP ( 'NONE', ( #200, #1517, #91, #2256 ) ) ;
#1966 = LINE ( 'NONE', #593, #931 ) ;
#1967 = CARTESIAN_POINT ( 'NONE',  ( 55.49999999999995737, 0.000000000000000000, 0.000000000000000000 ) ) ;
#1968 = DIRECTION ( 'NONE',  ( -0.000000000000000000, -0.000000000000000000, 1.000000000000000000 ) ) ;
#1969 = DIRECTION ( 'NONE',  ( 1.000000000000000000, -0.000000000000000000, 0.000000000000000000 ) ) ;
#1970 = LINE ( 'NONE', #1793, #1142 ) ;
#1971 = ORIENTED_EDGE ( 'NONE', *, *, #568, .F. ) ;
#1972 = EDGE_CURVE ( 'NONE', #531, #1200, #1964, .T. ) ;
#1973 = ORIENTED_EDGE ( 'NONE', *, *, #125, .T. ) ;
#1974 = CARTESIAN_POINT ( 'NONE',  ( -50.50000000000002132, 0.000000000000000000, 0.000000000000000000 ) ) ;
#1975 = DIRECTION ( 'NONE',  ( -1.000000000000000000, 0.000000000000000000, -0.000000000000000000 ) ) ;
#1976 = ADVANCED_FACE ( 'NONE', ( #1103 ), #65, .F. ) ;
#1977 = VERTEX_POINT ( 'NONE', #1284 ) ;
#1978 = DIRECTION ( 'NONE',  ( 1.000000000000000000, 0.000000000000000000, 0.000000000000000000 ) ) ;
#1979 = DIRECTION ( 'NONE',  ( -1.000000000000000000, -7.190563630991946167E-17, 0.000000000000000000 ) ) ;
#1980 = PLANE ( 'NONE',  #1379 ) ;
#1981 = ORIENTED_EDGE ( 'NONE', *, *, #1050, .F. ) ;
#1982 = VECTOR ( 'NONE', #1467, 1000.000000000000000 ) ;
#1983 = ORIENTED_EDGE ( 'NONE', *, *, #591, .F. ) ;
#1984 = DIRECTION ( 'NONE',  ( -1.000000000000000000, 0.000000000000000000, 0.000000000000000000 ) ) ;
#1985 = VECTOR ( 'NONE', #1242, 1000.000000000000000 ) ;
#1986 = DIRECTION ( 'NONE',  ( 1.000000000000000000, 0.000000000000000000, 0.000000000000000000 ) ) ;
#1987 = EDGE_CURVE ( 'NONE', #1701, #422, #416, .T. ) ;
#1988 = ORIENTED_EDGE ( 'NONE', *, *, #1745, .T. ) ;
#1989 = EDGE_CURVE ( 'NONE', #1578, #788, #256, .T. ) ;
#1990 = CARTESIAN_POINT ( 'NONE',  ( -53.00000000000002842, -27.48183347201603510, 0.000000000000000000 ) ) ;
#1991 = LINE ( 'NONE', #1449, #566 ) ;
#1992 = AXIS2_PLACEMENT_3D ( 'NONE', #1019, #133, #844 ) ;
#1993 = CARTESIAN_POINT ( 'NONE',  ( -55.50000000000002842, -52.48183347201602800, 1.000000000000000000 ) ) ;
#1994 = ORIENTED_EDGE ( 'NONE', *, *, #1714, .T. ) ;
#1995 = ORIENTED_EDGE ( 'NONE', *, *, #1068, .F. ) ;
#1996 = CARTESIAN_POINT ( 'NONE',  ( -50.50000000000002132, 28.00000000000016342, 0.000000000000000000 ) ) ;
#1997 = AXIS2_PLACEMENT_3D ( 'NONE', #746, #1059, #1427 ) ;
#1998 = CARTESIAN_POINT ( 'NONE',  ( -60.00000000000005684, -14.74091673600793229, 1.000000000000000000 ) ) ;
#1999 = VERTEX_POINT ( 'NONE', #1296 ) ;
#2000 = ORIENTED_EDGE ( 'NONE', *, *, #2180, .F. ) ;
#2001 = DIRECTION ( 'NONE',  ( -0.000000000000000000, -0.000000000000000000, 1.000000000000000000 ) ) ;
#2002 = LINE ( 'NONE', #260, #2027 ) ;
#2003 = EDGE_CURVE ( 'NONE', #1878, #788, #54, .T. ) ;
#2004 = DIRECTION ( 'NONE',  ( -0.000000000000000000, -0.000000000000000000, 1.000000000000000000 ) ) ;
#2005 = EDGE_LOOP ( 'NONE', ( #767, #2220, #1459, #201 ) ) ;
#2006 = CARTESIAN_POINT ( 'NONE',  ( 96.49999999999998579, 65.50000000000011369, 1.000000000000000000 ) ) ;
#2007 = CARTESIAN_POINT ( 'NONE',  ( -19.50000000000003553, 48.00000000000017053, -9.000000000000001776 ) ) ;
#2008 = VECTOR ( 'NONE', #1321, 1000.000000000000000 ) ;
#2009 = ORIENTED_EDGE ( 'NONE', *, *, #1034, .F. ) ;
#2010 = ORIENTED_EDGE ( 'NONE', *, *, #2087, .T. ) ;
#2011 = LINE ( 'NONE', #632, #2106 ) ;
#2012 = LINE ( 'NONE', #520, #1443 ) ;
#2013 = EDGE_CURVE ( 'NONE', #974, #1429, #569, .T. ) ;
#2014 = CARTESIAN_POINT ( 'NONE',  ( 96.49999999999991473, 10.25908326399208370, 1.000000000000000000 ) ) ;
#2015 = ORIENTED_EDGE ( 'NONE', *, *, #1835, .T. ) ;
#2016 = EDGE_CURVE ( 'NONE', #704, #1253, #396, .T. ) ;
#2017 = DIRECTION ( 'NONE',  ( 0.000000000000000000, 1.000000000000000000, -0.000000000000000000 ) ) ;
#2018 = CARTESIAN_POINT ( 'NONE',  ( -96.50000000000002842, -14.74091673600793584, 3.061616997868383437E-15 ) ) ;
#2019 = AXIS2_PLACEMENT_3D ( 'NONE', #35, #208, #587 ) ;
#2020 = ORIENTED_EDGE ( 'NONE', *, *, #623, .F. ) ;
#2021 = AXIS2_PLACEMENT_3D ( 'NONE', #1387, #2096, #1375 ) ;
#2022 = AXIS2_PLACEMENT_3D ( 'NONE', #1173, #616, #2216 ) ;
#2023 = ORIENTED_EDGE ( 'NONE', *, *, #1203, .F. ) ;
#2024 = PLANE ( 'NONE',  #760 ) ;
#2025 = DIRECTION ( 'NONE',  ( -0.000000000000000000, -0.000000000000000000, 1.000000000000000000 ) ) ;
#2026 = DIRECTION ( 'NONE',  ( 0.000000000000000000, -1.000000000000000000, 0.000000000000000000 ) ) ;
#2027 = VECTOR ( 'NONE', #1319, 1000.000000000000000 ) ;
#2028 = ORIENTED_EDGE ( 'NONE', *, *, #1814, .F. ) ;
#2029 = EDGE_CURVE ( 'NONE', #1141, #1535, #428, .T. ) ;
#2030 = DIRECTION ( 'NONE',  ( -0.000000000000000000, -0.000000000000000000, 1.000000000000000000 ) ) ;
#2031 = CARTESIAN_POINT ( 'NONE',  ( -96.50000000000004263, 72.50000000000000000, 1.000000000000000000 ) ) ;
#2032 = EDGE_LOOP ( 'NONE', ( #329, #177, #1120, #703 ) ) ;
#2033 = VECTOR ( 'NONE', #1744, 1000.000000000000000 ) ;
#2034 = EDGE_LOOP ( 'NONE', ( #1963, #293, #2156, #192 ) ) ;
#2035 = VECTOR ( 'NONE', #1895, 1000.000000000000000 ) ;
#2036 = FACE_OUTER_BOUND ( 'NONE', #701, .T. ) ;
#2037 = DIRECTION ( 'NONE',  ( 9.570888143320315641E-17, -1.000000000000000000, 0.000000000000000000 ) ) ;
#2038 = DIRECTION ( 'NONE',  ( 1.156482317317871478E-16, -1.000000000000000000, 0.000000000000000000 ) ) ;
#2039 = ORIENTED_EDGE ( 'NONE', *, *, #2003, .T. ) ;
#2040 = DIRECTION ( 'NONE',  ( 1.000000000000000000, 0.000000000000000000, 0.000000000000000000 ) ) ;
#2041 = FACE_OUTER_BOUND ( 'NONE', #676, .T. ) ;
#2042 = EDGE_CURVE ( 'NONE', #803, #687, #1831, .T. ) ;
#2043 = VERTEX_POINT ( 'NONE', #957 ) ;
#2044 = ORIENTED_EDGE ( 'NONE', *, *, #1920, .F. ) ;
#2045 = CYLINDRICAL_SURFACE ( 'NONE', #683, 2.499999999999998668 ) ;
#2046 = CARTESIAN_POINT ( 'NONE',  ( -50.50000000000002132, -32.48183347201603510, -9.000000000000001776 ) ) ;
#2047 = DIRECTION ( 'NONE',  ( 0.000000000000000000, -1.000000000000000000, 0.000000000000000000 ) ) ;
#2048 = ORIENTED_EDGE ( 'NONE', *, *, #1460, .F. ) ;
#2049 = VECTOR ( 'NONE', #286, 1000.000000000000000 ) ;
#2050 = FACE_OUTER_BOUND ( 'NONE', #1637, .T. ) ;
#2051 = DIRECTION ( 'NONE',  ( 9.570888143320315641E-17, -1.000000000000000000, 0.000000000000000000 ) ) ;
#2052 = ORIENTED_EDGE ( 'NONE', *, *, #1859, .F. ) ;
#2053 = VECTOR ( 'NONE', #1539, 1000.000000000000000 ) ;
#2054 = VERTEX_POINT ( 'NONE', #744 ) ;
#2055 = ORIENTED_EDGE ( 'NONE', *, *, #1745, .F. ) ;
#2056 = EDGE_CURVE ( 'NONE', #1930, #1977, #1111, .T. ) ;
#2057 = AXIS2_PLACEMENT_3D ( 'NONE', #1012, #300, #1661 ) ;
#2058 = CARTESIAN_POINT ( 'NONE',  ( 55.49999999999995737, 48.00000000000024869, -9.000000000000001776 ) ) ;
#2059 = CIRCLE ( 'NONE', #1514, 2.500000000000002220 ) ;
#2060 = LINE ( 'NONE', #134, #1268 ) ;
#2061 = ADVANCED_FACE ( 'NONE', ( #1437 ), #228, .F. ) ;
#2062 = AXIS2_PLACEMENT_3D ( 'NONE', #1836, #1495, #468 ) ;
#2063 = DIRECTION ( 'NONE',  ( 0.000000000000000000, 0.000000000000000000, -1.000000000000000000 ) ) ;
#2064 = ORIENTED_EDGE ( 'NONE', *, *, #2128, .T. ) ;
#2065 = AXIS2_PLACEMENT_3D ( 'NONE', #378, #1395, #1085 ) ;
#2066 = DIRECTION ( 'NONE',  ( -1.000000000000000000, -9.570888143320315641E-17, 0.000000000000000000 ) ) ;
#2067 = CARTESIAN_POINT ( 'NONE',  ( 19.50000000000007105, -46.99999999999979394, -9.000000000000001776 ) ) ;
#2068 = CARTESIAN_POINT ( 'NONE',  ( -60.00000000000005684, -9.499999999999813483, 0.000000000000000000 ) ) ;
#2069 = ORIENTED_EDGE ( 'NONE', *, *, #1486, .F. ) ;
#2070 = ORIENTED_EDGE ( 'NONE', *, *, #1244, .T. ) ;
#2071 = EDGE_LOOP ( 'NONE', ( #1151, #561, #1695, #906 ) ) ;
#2072 = CARTESIAN_POINT ( 'NONE',  ( -19.50000000000003553, 48.00000000000017053, 0.000000000000000000 ) ) ;
#2073 = CARTESIAN_POINT ( 'NONE',  ( 96.49999999999995737, 72.50000000000000000, 0.000000000000000000 ) ) ;
#2074 = VECTOR ( 'NONE', #950, 1000.000000000000000 ) ;
#2075 = AXIS2_PLACEMENT_3D ( 'NONE', #389, #1586, #175 ) ;
#2076 = EDGE_CURVE ( 'NONE', #1625, #620, #1886, .T. ) ;
#2077 = CARTESIAN_POINT ( 'NONE',  ( -22.00000000000002842, 48.00000000000017053, 0.000000000000000000 ) ) ;
#2078 = FACE_OUTER_BOUND ( 'NONE', #304, .T. ) ;
#2079 = LINE ( 'NONE', #513, #907 ) ;
#2080 = ORIENTED_EDGE ( 'NONE', *, *, #839, .F. ) ;
#2081 = ORIENTED_EDGE ( 'NONE', *, *, #2219, .F. ) ;
#2082 = ORIENTED_EDGE ( 'NONE', *, *, #1799, .F. ) ;
#2083 = DIRECTION ( 'NONE',  ( -0.000000000000000000, -0.000000000000000000, 1.000000000000000000 ) ) ;
#2084 = FACE_OUTER_BOUND ( 'NONE', #494, .T. ) ;
#2085 = PLANE ( 'NONE',  #452 ) ;
#2086 = DIRECTION ( 'NONE',  ( 0.000000000000000000, -1.000000000000000000, 0.000000000000000000 ) ) ;
#2087 = EDGE_CURVE ( 'NONE', #553, #662, #1620, .T. ) ;
#2088 = DIRECTION ( 'NONE',  ( 1.000000000000000000, 0.000000000000000000, 0.000000000000000000 ) ) ;
#2089 = ADVANCED_FACE ( 'NONE', ( #75 ), #784, .T. ) ;
#2090 = CARTESIAN_POINT ( 'NONE',  ( -50.50000000000002132, 43.00000000000016342, 0.000000000000000000 ) ) ;
#2091 = EDGE_LOOP ( 'NONE', ( #1536, #1407, #525, #1234 ) ) ;
#2092 = ORIENTED_EDGE ( 'NONE', *, *, #430, .F. ) ;
#2093 = ORIENTED_EDGE ( 'NONE', *, *, #1423, .F. ) ;
#2094 = CARTESIAN_POINT ( 'NONE',  ( -24.50000000000003197, 28.00000000000016342, -9.000000000000001776 ) ) ;
#2095 = ORIENTED_EDGE ( 'NONE', *, *, #466, .T. ) ;
#2096 = DIRECTION ( 'NONE',  ( 0.000000000000000000, 0.000000000000000000, 1.000000000000000000 ) ) ;
#2097 = VECTOR ( 'NONE', #307, 1000.000000000000000 ) ;
#2098 = VECTOR ( 'NONE', #1285, 1000.000000000000000 ) ;
#2099 = CARTESIAN_POINT ( 'NONE',  ( 52.99999999999995026, 43.00000000000024869, -9.000000000000001776 ) ) ;
#2100 = VECTOR ( 'NONE', #356, 1000.000000000000000 ) ;
#2101 = CARTESIAN_POINT ( 'NONE',  ( -55.50000000000004263, 0.000000000000000000, 0.000000000000000000 ) ) ;
#2102 = ADVANCED_FACE ( 'NONE', ( #579 ), #1275, .F. ) ;
#2103 = ORIENTED_EDGE ( 'NONE', *, *, #1, .T. ) ;
#2104 = EDGE_CURVE ( 'NONE', #2162, #967, #1538, .T. ) ;
#2105 = EDGE_LOOP ( 'NONE', ( #1051, #726, #1371, #847 ) ) ;
#2106 = VECTOR ( 'NONE', #306, 1000.000000000000000 ) ;
#2107 = FACE_OUTER_BOUND ( 'NONE', #1663, .T. ) ;
#2108 = CARTESIAN_POINT ( 'NONE',  ( -22.00000000000002842, 48.00000000000017053, -9.000000000000001776 ) ) ;
#2109 = ORIENTED_EDGE ( 'NONE', *, *, #1178, .F. ) ;
#2110 = DIRECTION ( 'NONE',  ( -0.000000000000000000, 1.000000000000000000, -0.000000000000000000 ) ) ;
#2111 = PLANE ( 'NONE',  #36 ) ;
#2112 = PLANE ( 'NONE',  #695 ) ;
#2113 = VERTEX_POINT ( 'NONE', #983 ) ;
#2114 = ORIENTED_EDGE ( 'NONE', *, *, #1575, .F. ) ;
#2115 = DIRECTION ( 'NONE',  ( -0.000000000000000000, -0.000000000000000000, 1.000000000000000000 ) ) ;
#2116 = PLANE ( 'NONE',  #837 ) ;
#2117 = EDGE_CURVE ( 'NONE', #1301, #1312, #1511, .T. ) ;
#2118 = ORIENTED_EDGE ( 'NONE', *, *, #1175, .F. ) ;
#2119 = CYLINDRICAL_SURFACE ( 'NONE', #671, 2.500000000000009326 ) ;
#2120 = CARTESIAN_POINT ( 'NONE',  ( -55.50000000000004263, 43.00000000000016342, 0.000000000000000000 ) ) ;
#2121 = FACE_BOUND ( 'NONE', #1420, .T. ) ;
#2122 = VERTEX_POINT ( 'NONE', #1318 ) ;
#2123 = ORIENTED_EDGE ( 'NONE', *, *, #1091, .T. ) ;
#2124 = DIRECTION ( 'NONE',  ( -0.000000000000000000, -0.000000000000000000, 1.000000000000000000 ) ) ;
#2125 = CARTESIAN_POINT ( 'NONE',  ( 55.49999999999997158, 28.00000000000024869, 1.000000000000000000 ) ) ;
#2126 = ORIENTED_EDGE ( 'NONE', *, *, #172, .T. ) ;
#2127 = FACE_OUTER_BOUND ( 'NONE', #2034, .T. ) ;
#2128 = EDGE_CURVE ( 'NONE', #1003, #1194, #1666, .T. ) ;
#2129 = CARTESIAN_POINT ( 'NONE',  ( 50.49999999999994316, 0.000000000000000000, 0.000000000000000000 ) ) ;
#2130 = DIRECTION ( 'NONE',  ( 0.000000000000000000, 0.000000000000000000, 1.000000000000000000 ) ) ;
#2131 = EDGE_CURVE ( 'NONE', #205, #1683, #273, .T. ) ;
#2132 = VECTOR ( 'NONE', #2017, 1000.000000000000000 ) ;
#2133 = ORIENTED_EDGE ( 'NONE', *, *, #31, .T. ) ;
#2134 = AXIS2_PLACEMENT_3D ( 'NONE', #1629, #1453, #942 ) ;
#2135 = ORIENTED_EDGE ( 'NONE', *, *, #1946, .F. ) ;
#2136 = LINE ( 'NONE', #1430, #2196 ) ;
#2137 = CARTESIAN_POINT ( 'NONE',  ( 55.49999999999997158, 0.000000000000000000, 0.000000000000000000 ) ) ;
#2138 = DIRECTION ( 'NONE',  ( 0.000000000000000000, -1.000000000000000000, 0.000000000000000000 ) ) ;
#2139 = DIRECTION ( 'NONE',  ( 1.000000000000000000, 0.000000000000000000, 0.000000000000000000 ) ) ;
#2140 = ADVANCED_FACE ( 'NONE', ( #1169 ), #2024, .F. ) ;
#2141 = DIRECTION ( 'NONE',  ( 0.000000000000000000, -1.000000000000000000, 0.000000000000000000 ) ) ;
#2142 = AXIS2_PLACEMENT_3D ( 'NONE', #439, #2001, #610 ) ;
#2143 = AXIS2_PLACEMENT_3D ( 'NONE', #194, #902, #1596 ) ;
#2144 = CARTESIAN_POINT ( 'NONE',  ( -50.50000000000002132, 28.00000000000016342, 1.000000000000000000 ) ) ;
#2145 = CARTESIAN_POINT ( 'NONE',  ( 55.49999999999995737, 43.00000000000024869, 0.000000000000000000 ) ) ;
#2146 = DIRECTION ( 'NONE',  ( -0.000000000000000000, -0.000000000000000000, 1.000000000000000000 ) ) ;
#2147 = FACE_OUTER_BOUND ( 'NONE', #73, .T. ) ;
#2148 = CARTESIAN_POINT ( 'NONE',  ( -60.00000000000004263, 65.50000000000017053, 0.000000000000000000 ) ) ;
#2149 = CARTESIAN_POINT ( 'NONE',  ( -24.50000000000003197, 28.00000000000016342, 1.000000000000000000 ) ) ;
#2150 = EDGE_LOOP ( 'NONE', ( #1130, #875, #670, #2135 ) ) ;
#2151 = ADVANCED_FACE ( 'NONE', ( #296 ), #2045, .F. ) ;
#2152 = ORIENTED_EDGE ( 'NONE', *, *, #634, .T. ) ;
#2153 = VECTOR ( 'NONE', #2038, 1000.000000000000000 ) ;
#2154 = CARTESIAN_POINT ( 'NONE',  ( 96.49999999999998579, 65.50000000000011369, -2.000000000000000000 ) ) ;
#2155 = CARTESIAN_POINT ( 'NONE',  ( 55.49999999999996447, 23.00000000000024869, 0.000000000000000000 ) ) ;
#2156 = ORIENTED_EDGE ( 'NONE', *, *, #1215, .F. ) ;
#2157 = CARTESIAN_POINT ( 'NONE',  ( -53.00000000000003553, 48.00000000000017053, 1.000000000000000000 ) ) ;
#2158 = DIRECTION ( 'NONE',  ( -0.000000000000000000, -0.000000000000000000, 1.000000000000000000 ) ) ;
#2159 = LINE ( 'NONE', #1833, #521 ) ;
#2160 = ORIENTED_EDGE ( 'NONE', *, *, #1333, .T. ) ;
#2161 = VECTOR ( 'NONE', #397, 1000.000000000000000 ) ;
#2162 = VERTEX_POINT ( 'NONE', #2188 ) ;
#2163 = CARTESIAN_POINT ( 'NONE',  ( 50.49999999999994316, 43.00000000000024869, 1.000000000000000000 ) ) ;
#2164 = CARTESIAN_POINT ( 'NONE',  ( -55.50000000000004263, 28.00000000000016342, -9.000000000000001776 ) ) ;
#2165 = EDGE_CURVE ( 'NONE', #589, #2122, #1697, .T. ) ;
#2167 = ORIENTED_EDGE ( 'NONE', *, *, #414, .F. ) ;
#2166 = AXIS2_PLACEMENT_3D ( 'NONE', #1766, #1923, #898 ) ;
#2168 = ORIENTED_EDGE ( 'NONE', *, *, #1288, .F. ) ;
#2169 = CARTESIAN_POINT ( 'NONE',  ( -95.00000000000004263, 65.50000000000018474, 1.000000000000000000 ) ) ;
#2170 = DIRECTION ( 'NONE',  ( 0.000000000000000000, 0.000000000000000000, 1.000000000000000000 ) ) ;
#2171 = CARTESIAN_POINT ( 'NONE',  ( -55.50000000000004263, 48.00000000000017053, 0.000000000000000000 ) ) ;
#2172 = VERTEX_POINT ( 'NONE', #1490 ) ;
#2173 = LINE ( 'NONE', #457, #789 ) ;
#2174 = CYLINDRICAL_SURFACE ( 'NONE', #1127, 2.500000000000009326 ) ;
#2175 = ORIENTED_EDGE ( 'NONE', *, *, #1021, .T. ) ;
#2176 = ORIENTED_EDGE ( 'NONE', *, *, #1346, .F. ) ;
#2177 = EDGE_CURVE ( 'NONE', #1315, #205, #621, .T. ) ;
#2178 = LINE ( 'NONE', #832, #1523 ) ;
#2179 = LINE ( 'NONE', #2189, #1123 ) ;
#2180 = EDGE_CURVE ( 'NONE', #1547, #2242, #2011, .T. ) ;
#2181 = DIRECTION ( 'NONE',  ( -0.000000000000000000, 0.000000000000000000, 1.000000000000000000 ) ) ;
#2182 = ORIENTED_EDGE ( 'NONE', *, *, #651, .T. ) ;
#2183 = CARTESIAN_POINT ( 'NONE',  ( 55.49999999999997158, -32.48183347201609195, 1.000000000000000000 ) ) ;
#2184 = CARTESIAN_POINT ( 'NONE',  ( 97.49999999999991473, -14.74091673600791808, 3.061616997868383437E-15 ) ) ;
#2185 = ORIENTED_EDGE ( 'NONE', *, *, #836, .T. ) ;
#2186 = ORIENTED_EDGE ( 'NONE', *, *, #172, .F. ) ;
#2187 = EDGE_CURVE ( 'NONE', #1306, #1176, #1157, .T. ) ;
#2188 = CARTESIAN_POINT ( 'NONE',  ( -60.00000000000004263, 65.50000000000017053, 0.000000000000000000 ) ) ;
#2189 = CARTESIAN_POINT ( 'NONE',  ( -50.50000000000000711, 0.000000000000000000, 0.000000000000000000 ) ) ;
#2190 = CARTESIAN_POINT ( 'NONE',  ( 55.49999999999997158, -32.48183347201609195, 0.000000000000000000 ) ) ;
#2191 = ORIENTED_EDGE ( 'NONE', *, *, #963, .F. ) ;
#2192 = VECTOR ( 'NONE', #2236, 1000.000000000000000 ) ;
#2193 = CARTESIAN_POINT ( 'NONE',  ( 50.49999999999994316, -52.48183347201609905, 1.000000000000000000 ) ) ;
#2194 = CARTESIAN_POINT ( 'NONE',  ( -60.00000000000003553, 10.25908326399206594, 1.000000000000000000 ) ) ;
#2195 = PRODUCT_DEFINITION_CONTEXT ( 'detailed design', #211, 'design' ) ;
#2196 = VECTOR ( 'NONE', #2124, 1000.000000000000000 ) ;
#2197 = ORIENTED_EDGE ( 'NONE', *, *, #2235, .F. ) ;
#2198 = ORIENTED_EDGE ( 'NONE', *, *, #1164, .T. ) ;
#2199 = VECTOR ( 'NONE', #965, 1000.000000000000000 ) ;
#2200 = DIRECTION ( 'NONE',  ( -0.000000000000000000, 0.000000000000000000, 1.000000000000000000 ) ) ;
#2201 = CARTESIAN_POINT ( 'NONE',  ( -55.50000000000004263, 28.00000000000016342, 0.000000000000000000 ) ) ;
#2202 = CARTESIAN_POINT ( 'NONE',  ( -24.50000000000002842, 48.00000000000017053, -9.000000000000001776 ) ) ;
#2203 = VERTEX_POINT ( 'NONE', #284 ) ;
#2204 = EDGE_CURVE ( 'NONE', #136, #1603, #1746, .T. ) ;
#2205 = DIRECTION ( 'NONE',  ( 1.000000000000000000, 0.000000000000000000, 0.000000000000000000 ) ) ;
#2206 = PLANE ( 'NONE',  #1590 ) ;
#2207 = ORIENTED_EDGE ( 'NONE', *, *, #976, .T. ) ;
#2208 = AXIS2_PLACEMENT_3D ( 'NONE', #37, #885, #2088 ) ;
#2209 = ORIENTED_EDGE ( 'NONE', *, *, #595, .F. ) ;
#2210 = CIRCLE ( 'NONE', #690, 2.500000000000009326 ) ;
#2211 = CARTESIAN_POINT ( 'NONE',  ( -55.50000000000004263, -32.48183347201603510, -9.000000000000001776 ) ) ;
#2212 = DIRECTION ( 'NONE',  ( 0.000000000000000000, 0.000000000000000000, -1.000000000000000000 ) ) ;
#2213 = DIRECTION ( 'NONE',  ( 0.000000000000000000, -1.000000000000000000, 0.000000000000000000 ) ) ;
#2214 = EDGE_LOOP ( 'NONE', ( #1730, #95, #1524, #713 ) ) ;
#2215 = ADVANCED_FACE ( 'NONE', ( #2036 ), #1687, .F. ) ;
#2216 = DIRECTION ( 'NONE',  ( -0.000000000000000000, 0.000000000000000000, 1.000000000000000000 ) ) ;
#2217 = CARTESIAN_POINT ( 'NONE',  ( 55.49999999999997158, -32.48183347201609195, 1.000000000000000000 ) ) ;
#2218 = VERTEX_POINT ( 'NONE', #474 ) ;
#2219 = EDGE_CURVE ( 'NONE', #1768, #1696, #2178, .T. ) ;
#2220 = ORIENTED_EDGE ( 'NONE', *, *, #2029, .T. ) ;
#2221 = ORIENTED_EDGE ( 'NONE', *, *, #1244, .F. ) ;
#2222 = CARTESIAN_POINT ( 'NONE',  ( 50.49999999999995737, -27.48183347201609550, 0.000000000000000000 ) ) ;
#2223 = DIRECTION ( 'NONE',  ( -0.000000000000000000, 0.000000000000000000, 1.000000000000000000 ) ) ;
#2224 = DIRECTION ( 'NONE',  ( -0.000000000000000000, -0.000000000000000000, 1.000000000000000000 ) ) ;
#2225 = ORIENTED_EDGE ( 'NONE', *, *, #336, .F. ) ;
#2226 = PLANE ( 'NONE',  #825 ) ;
#2227 = CARTESIAN_POINT ( 'NONE',  ( 59.99999999999995737, 65.50000000000011369, 0.000000000000000000 ) ) ;
#2228 = VERTEX_POINT ( 'NONE', #1352 ) ;
#2229 = ADVANCED_FACE ( 'NONE', ( #1190 ), #1872, .T. ) ;
#2230 = CIRCLE ( 'NONE', #77, 2.499999999999998668 ) ;
#2231 = ORIENTED_EDGE ( 'NONE', *, *, #663, .T. ) ;
#2232 = VERTEX_POINT ( 'NONE', #2222 ) ;
#2233 = DIRECTION ( 'NONE',  ( 0.000000000000000000, 1.000000000000000000, 0.000000000000000000 ) ) ;
#2234 = AXIS2_PLACEMENT_3D ( 'NONE', #1693, #964, #2205 ) ;
#2235 = EDGE_CURVE ( 'NONE', #783, #614, #667, .T. ) ;
#2236 = DIRECTION ( 'NONE',  ( -1.914177628664063128E-16, 1.000000000000000000, -0.000000000000000000 ) ) ;
#2237 = VECTOR ( 'NONE', #2083, 1000.000000000000000 ) ;
#2238 = CARTESIAN_POINT ( 'NONE',  ( 52.99999999999995026, 48.00000000000024869, 1.000000000000000000 ) ) ;
#2239 = CARTESIAN_POINT ( 'NONE',  ( -24.50000000000002842, 48.00000000000017053, -9.000000000000001776 ) ) ;
#2240 = CARTESIAN_POINT ( 'NONE',  ( 59.99999999999995737, 65.50000000000011369, 1.000000000000000000 ) ) ;
#2241 = ORIENTED_EDGE ( 'NONE', *, *, #1418, .T. ) ;
#2242 = VERTEX_POINT ( 'NONE', #144 ) ;
#2243 = VERTEX_POINT ( 'NONE', #1887 ) ;
#2244 = DIRECTION ( 'NONE',  ( -0.000000000000000000, -0.000000000000000000, 1.000000000000000000 ) ) ;
#2245 = DIRECTION ( 'NONE',  ( -0.000000000000000000, -0.000000000000000000, 1.000000000000000000 ) ) ;
#2246 = CARTESIAN_POINT ( 'NONE',  ( -22.00000000000002842, 43.00000000000016342, 1.000000000000000000 ) ) ;
#2247 = EDGE_CURVE ( 'NONE', #575, #1465, #202, .T. ) ;
#2248 = DIRECTION ( 'NONE',  ( 1.000000000000000000, 0.000000000000000000, 0.000000000000000000 ) ) ;
#2249 = EDGE_CURVE ( 'NONE', #403, #662, #1719, .T. ) ;
#2250 = DIRECTION ( 'NONE',  ( 0.000000000000000000, 0.000000000000000000, -1.000000000000000000 ) ) ;
#2251 = AXIS2_PLACEMENT_3D ( 'NONE', #536, #1939, #1401 ) ;
#2252 = CARTESIAN_POINT ( 'NONE',  ( -55.50000000000002842, -52.48183347201602800, 1.000000000000000000 ) ) ;
#2253 = CARTESIAN_POINT ( 'NONE',  ( 50.49999999999995737, 23.00000000000024869, 0.000000000000000000 ) ) ;
#2254 = ORIENTED_EDGE ( 'NONE', *, *, #14, .F. ) ;
#2255 = VERTEX_POINT ( 'NONE', #1692 ) ;
#2256 = ORIENTED_EDGE ( 'NONE', *, *, #1847, .F. ) ;
#2257 = CARTESIAN_POINT ( 'NONE',  ( 52.99999999999995737, -27.48183347201609550, -9.000000000000001776 ) ) ;
#2258 = LINE ( 'NONE', #530, #1417 ) ;
#2259 = EDGE_LOOP ( 'NONE', ( #1100, #1653, #2197, #1331 ) ) ;
#2260 = DIRECTION ( 'NONE',  ( 1.000000000000000000, 0.000000000000000000, 0.000000000000000000 ) ) ;
#2261 = AXIS2_PLACEMENT_3D ( 'NONE', #2202, #110, #146 ) ;
#2262 = LINE ( 'NONE', #1399, #1749 ) ;
#2263 = CIRCLE ( 'NONE', #590, 2.500000000000002220 ) ;
ENDSEC;
END-ISO-10303-21;
